farm_id,region,latitude,longitude,farm_size_ha,soil_ph,soil_organic_carbon_pct,clay_pct,annual_rainfall_mm,avg_temp_c,ndvi,evi,tree_density_per_ha,water_depth_cm,fertilizer_n_kg_ha,residue_management,irrigation,rice_variety,planting_date,harvest_date,rice_yield_t_ha,carbon_stock_tco2e_ha,ch4_emission_kg_ha
1,Terai Nepal,27.166436,84.095671,1.444,7.11,0.91,19.7,1028,24.7,0.336,0.189,65,0.4,75.0,incorporated,flood,MTU1010,2024-06-27,2024-10-21,3.672,5.054,353.4
2,Mekong Delta,9.91198,105.491048,1.293,6.9,1.13,24.7,975,25.1,0.764,0.585,35,6.1,48.2,incorporated,flood,IR64,2024-06-30,2024-10-17,5.849,7.036,354.0
3,Coastal Andhra,16.565591,81.464528,0.667,5.55,1.59,19.6,795,24.8,0.514,0.408,59,7.7,121.3,removed,flood,Swarna,2024-07-12,2024-10-24,4.657,7.534,334.0
4,Mekong Delta,10.243758,105.906872,1.17,7.1,1.38,18.5,1308,30.8,0.646,0.467,0,7.5,93.0,removed,flood,Naveen,2024-07-02,2024-10-18,5.309,5.887,290.3
5,Eastern UP,26.211494,83.108277,0.507,7.04,1.15,15.4,1075,23.5,0.609,0.471,36,2.4,81.0,incorporated,flood,Naveen,2024-07-09,2024-10-07,4.947,6.527,340.1
6,Terai Nepal,27.300182,83.845864,1.463,5.62,0.87,23.5,946,24.9,0.78,0.63,33,4.7,133.3,incorporated,flood,IR64,2024-06-20,2024-10-26,5.713,6.674,412.4
7,Mekong Delta,10.421562,105.917698,0.72,6.55,0.95,34.2,1711,29.2,0.651,0.569,61,1.3,108.8,incorporated,drip,Swarna,2024-06-25,2024-11-01,5.053,6.971,245.1
8,Coastal Andhra,16.744055,80.830741,1.4,7.28,0.4,26.8,1277,29.0,0.502,0.468,58,5.9,98.8,incorporated,flood,Samba Mahsuri,2024-07-08,2024-11-02,4.292,4.679,410.5
9,Eastern UP,25.642609,83.196966,0.681,6.97,1.78,16.8,1489,28.0,0.749,0.554,38,2.7,58.9,mulched,flood,MTU1010,2024-06-26,2024-09-25,5.957,8.304,354.8
10,Indo-Gangetic Plain,26.6877,81.742853,0.642,6.79,1.09,32.1,1341,26.8,0.548,0.524,33,7.6,97.5,mulched,alternate_wetting_drying,IR64,2024-06-22,2024-10-15,5.091,5.498,286.3
11,Indo-Gangetic Plain,26.625592,81.781546,0.414,6.78,0.42,19.9,980,27.5,0.583,0.49,5,11.0,48.0,removed,drip,IR64,2024-07-17,2024-11-04,4.638,4.108,129.1
12,Mekong Delta,10.36312,105.454629,0.976,5.73,0.82,29.2,807,22.0,0.547,0.405,89,3.0,35.8,removed,flood,Naveen,2024-07-01,2024-10-28,5.007,6.938,196.4
13,Terai Nepal,27.144928,84.068691,0.996,6.01,1.55,31.0,1055,21.8,0.6,0.493,45,7.3,157.7,incorporated,drip,IR64,2024-07-09,2024-11-01,5.611,7.53,265.3
14,Coastal Andhra,16.189679,81.261285,1.63,6.78,1.77,29.5,856,28.5,0.544,0.479,34,4.7,36.0,incorporated,flood,IR64,2024-07-16,2024-10-31,5.158,7.763,353.5
15,Mekong Delta,9.972976,105.348236,1.259,6.8,2.04,6.3,1683,28.3,0.606,0.533,71,5.7,36.3,incorporated,alternate_wetting_drying,MTU1010,2024-07-08,2024-11-15,5.138,9.273,314.3
16,Indo-Gangetic Plain,26.376613,82.295207,1.3,6.66,0.53,5.0,1537,32.4,0.609,0.496,53,10.0,121.1,mulched,alternate_wetting_drying,Naveen,2024-07-09,2024-10-25,4.957,4.085,270.2
17,Mekong Delta,10.346306,105.356785,0.82,7.32,0.2,40.7,1109,27.0,0.568,0.471,76,7.3,107.2,incorporated,flood,Swarna,2024-07-05,2024-10-30,4.643,4.397,414.9
18,Terai Nepal,27.289456,83.709867,2.892,6.08,1.13,19.0,1107,25.2,0.706,0.658,11,3.3,62.1,removed,flood,Swarna,2024-06-21,2024-10-06,5.647,5.539,220.6
19,Mekong Delta,9.60393,106.049438,2.479,6.22,0.34,38.5,1165,30.1,0.459,0.389,45,5.1,74.2,incorporated,flood,MTU1010,2024-07-11,2024-10-23,4.323,3.523,385.8
20,Coastal Andhra,16.251632,81.108841,1.413,7.73,1.26,40.5,1250,29.9,0.773,0.665,19,4.2,142.1,removed,flood,Samba Mahsuri,2024-07-13,2024-11-05,6.586,7.431,326.3
21,Eastern UP,25.919178,83.215263,3.008,6.54,2.01,11.2,688,26.9,0.696,0.598,0,4.7,44.3,removed,flood,MTU1010,2024-07-11,2024-11-07,5.22,8.066,226.3
22,Eastern UP,26.013111,83.322105,1.278,6.71,1.51,19.7,815,23.7,0.656,0.581,0,6.5,47.4,removed,flood,MTU1010,2024-06-23,2024-10-26,5.362,6.734,240.8
23,Coastal Andhra,16.557627,81.679134,1.049,6.58,1.63,29.7,1092,29.3,0.545,0.457,25,6.7,131.6,removed,flood,Swarna,2024-07-07,2024-11-01,5.26,7.894,336.8
24,Mekong Delta,10.771997,105.312795,1.554,7.49,1.94,44.9,743,24.2,0.677,0.535,44,0.1,107.4,removed,flood,Samba Mahsuri,2024-07-03,2024-11-04,5.635,9.332,282.0
25,Indo-Gangetic Plain,26.585794,82.534934,2.573,6.45,0.75,31.4,1264,31.3,0.768,0.63,45,2.4,83.1,incorporated,flood,IR64,2024-07-09,2024-11-24,5.377,7.146,379.5
26,Terai Nepal,27.750708,83.661088,1.678,7.36,0.2,17.0,1373,26.5,0.695,0.625,47,4.5,130.9,removed,alternate_wetting_drying,Samba Mahsuri,2024-07-07,2024-10-26,5.766,4.056,245.7
27,Coastal Andhra,16.417787,81.382434,3.406,6.99,2.09,21.0,1275,29.0,0.371,0.195,0,8.0,114.0,removed,flood,MTU1010,2024-06-12,2024-09-12,4.41,7.152,343.7
28,Terai Nepal,27.652813,84.374198,2.18,6.55,0.96,29.0,872,25.0,0.831,0.711,36,7.5,135.0,removed,flood,Samba Mahsuri,2024-06-30,2024-11-07,6.65,7.837,323.8
29,Terai Nepal,26.966384,84.448813,1.809,6.47,1.34,13.7,1933,27.3,0.663,0.527,57,5.7,62.3,incorporated,alternate_wetting_drying,MTU1010,2024-07-09,2024-11-03,5.486,7.447,319.1
30,Mekong Delta,10.016717,105.828257,0.442,7.42,1.12,20.7,896,22.9,0.749,0.645,12,1.1,78.2,removed,flood,MTU1010,2024-07-21,2024-11-18,5.488,5.768,265.5
31,Eastern UP,25.694842,83.155001,0.756,6.4,1.2,26.6,996,27.4,0.556,0.422,42,5.5,179.9,removed,alternate_wetting_drying,IR64,2024-06-23,2024-09-21,4.679,7.029,269.3
32,Terai Nepal,27.586953,83.923554,1.116,6.82,1.62,11.7,1091,26.8,0.708,0.647,42,5.1,65.3,incorporated,flood,Swarna,2024-06-27,2024-10-13,5.846,8.363,336.2
33,Coastal Andhra,16.874942,81.326097,1.035,5.87,0.9,22.4,1608,28.9,0.69,0.546,58,5.8,37.5,mulched,flood,Samba Mahsuri,2024-07-16,2024-11-02,5.51,6.879,325.9
34,Mekong Delta,10.063305,105.470986,0.881,6.74,1.18,36.0,1234,27.4,0.606,0.509,52,0.0,42.8,removed,alternate_wetting_drying,Samba Mahsuri,2024-07-12,2024-11-17,5.284,7.459,178.6
35,Coastal Andhra,16.011122,81.365559,4.069,6.93,0.97,30.3,1686,30.9,0.53,0.404,41,7.4,103.4,removed,flood,MTU1010,2024-06-12,2024-10-02,4.78,6.344,339.2
36,Eastern UP,25.961691,83.166544,0.426,6.43,0.58,26.5,1270,27.6,0.592,0.377,13,1.0,147.9,incorporated,flood,MTU1010,2024-06-27,2024-10-25,5.138,4.735,361.9
37,Coastal Andhra,16.407664,81.00233,1.819,7.11,0.77,25.4,1585,28.7,0.751,0.582,78,8.1,95.1,removed,alternate_wetting_drying,Swarna,2024-07-01,2024-10-27,5.946,5.945,219.9
38,Coastal Andhra,16.907057,81.092169,2.757,4.87,1.87,38.0,1470,22.0,0.772,0.675,0,8.9,140.5,mulched,flood,Swarna,2024-06-15,2024-10-09,6.127,9.573,434.9
39,Coastal Andhra,16.71402,81.214105,2.544,6.09,0.95,5.0,1475,27.8,0.448,0.436,23,7.4,79.5,removed,flood,Naveen,2024-06-26,2024-10-18,4.119,4.954,351.0
40,Terai Nepal,27.668924,83.540242,2.012,6.62,1.13,18.4,1057,28.5,0.635,0.56,56,6.5,46.3,incorporated,alternate_wetting_drying,Swarna,2024-07-10,2024-10-28,5.392,6.138,294.8
41,Eastern UP,25.834333,83.18988,1.38,5.59,1.97,43.0,1016,26.0,0.684,0.568,61,11.0,83.8,incorporated,flood,Naveen,2024-06-27,2024-10-20,5.621,9.3,449.5
42,Eastern UP,26.397162,82.660455,0.457,6.78,1.32,28.1,1479,28.1,0.699,0.563,57,7.6,125.3,incorporated,flood,MTU1010,2024-07-20,2024-11-11,5.866,7.913,437.3
43,Coastal Andhra,16.625476,81.320124,1.067,6.5,1.61,10.1,1207,27.2,0.74,0.708,82,5.6,99.3,incorporated,drip,Samba Mahsuri,2024-06-30,2024-10-30,6.119,8.896,228.4
44,Eastern UP,26.147126,82.818866,1.061,7.61,0.91,44.1,1531,31.3,0.575,0.483,33,8.4,70.1,removed,flood,IR64,2024-07-12,2024-10-20,4.991,5.696,334.1
45,Terai Nepal,27.639117,84.173345,0.913,6.29,0.28,19.3,1549,24.7,0.556,0.424,55,7.1,49.3,incorporated,flood,Swarna,2024-07-30,2024-11-26,4.585,4.248,421.5
46,Terai Nepal,27.654151,83.922957,3.264,7.4,1.38,9.2,1027,25.8,0.491,0.333,8,10.9,158.7,incorporated,drip,MTU1010,2024-07-01,2024-11-02,4.678,6.27,257.5
47,Indo-Gangetic Plain,26.548829,81.726462,1.211,6.27,0.9,13.5,1218,25.0,0.593,0.44,60,2.1,102.3,removed,alternate_wetting_drying,Swarna,2024-07-06,2024-11-19,5.164,6.107,214.3
48,Terai Nepal,27.814866,83.839429,2.692,6.62,2.24,18.1,1720,27.5,0.572,0.496,36,6.3,108.3,incorporated,flood,IR64,2024-06-29,2024-10-28,5.317,8.29,424.6
49,Eastern UP,25.849323,83.063478,2.35,6.43,1.67,33.7,640,24.7,0.463,0.262,42,10.3,32.8,incorporated,drip,Samba Mahsuri,2024-06-29,2024-10-13,4.296,6.347,206.9
50,Coastal Andhra,16.648209,81.278202,0.878,6.1,1.19,36.7,1363,26.1,0.743,0.785,73,0.0,77.3,mulched,flood,Naveen,2024-06-23,2024-10-16,6.374,7.721,260.0
51,Eastern UP,25.954874,83.298665,0.857,5.33,0.76,29.2,1856,23.9,0.494,0.47,4,8.6,142.3,incorporated,flood,Samba Mahsuri,2024-07-06,2024-10-22,4.879,4.472,465.3
52,Mekong Delta,9.943002,105.634517,0.858,6.51,1.27,29.5,1159,29.7,0.398,0.151,23,6.2,57.2,incorporated,drip,Swarna,2024-07-11,2024-10-25,3.467,6.032,246.3
53,Coastal Andhra,16.469147,81.191962,1.824,6.19,1.39,30.1,1259,26.4,0.672,0.534,65,10.4,55.3,incorporated,flood,Swarna,2024-06-30,2024-11-04,5.64,7.734,430.3
54,Indo-Gangetic Plain,26.59072,81.764394,2.098,6.42,1.02,32.5,1104,29.4,0.768,0.734,72,0.6,131.0,incorporated,flood,Swarna,2024-07-25,2024-11-09,6.414,6.675,405.2
55,Coastal Andhra,16.500835,81.686129,1.774,6.54,1.24,13.2,1155,22.9,0.773,0.782,66,7.9,136.2,incorporated,alternate_wetting_drying,Naveen,2024-07-05,2024-10-24,6.452,7.9,323.8
56,Coastal Andhra,16.617121,80.866989,4.177,6.67,1.23,32.7,951,27.4,0.564,0.386,18,5.2,101.5,removed,flood,Swarna,2024-07-08,2024-10-11,4.952,6.522,279.5
57,Indo-Gangetic Plain,26.643101,81.316926,1.417,7.85,1.86,29.2,882,28.2,0.739,0.651,52,9.5,60.0,incorporated,alternate_wetting_drying,IR64,2024-06-24,2024-10-24,5.52,9.597,286.4
58,Mekong Delta,10.157309,105.279527,0.988,6.77,1.81,41.2,738,27.7,0.825,0.809,52,5.0,104.5,incorporated,flood,Swarna,2024-06-27,2024-10-26,6.46,10.394,354.5
59,Mekong Delta,9.669766,105.28661,0.859,6.38,0.82,25.3,1013,28.8,0.774,0.668,56,11.4,49.0,incorporated,drip,IR64,2024-06-22,2024-09-21,5.646,6.18,225.1
60,Mekong Delta,10.161627,105.223798,1.352,5.65,1.14,16.0,979,30.1,0.781,0.651,17,4.1,132.5,incorporated,alternate_wetting_drying,IR64,2024-07-06,2024-11-03,6.618,6.921,294.9
61,Terai Nepal,27.178822,83.733076,0.8,6.36,1.24,32.1,945,23.0,0.9,0.85,65,5.1,98.8,mulched,flood,Swarna,2024-07-04,2024-10-27,6.6,8.342,349.9
62,Eastern UP,25.799573,83.297613,1.1,6.05,1.47,16.0,1208,27.0,0.78,0.657,44,7.5,138.7,removed,flood,Swarna,2024-07-10,2024-11-08,5.909,8.557,322.7
63,Terai Nepal,27.652327,84.016197,0.414,6.11,0.2,27.9,1284,25.0,0.715,0.679,20,6.3,65.9,mulched,flood,Swarna,2024-07-04,2024-10-12,5.201,3.881,320.8
64,Terai Nepal,27.956352,84.404484,0.787,6.05,0.9,19.9,1485,28.1,0.755,0.622,87,1.8,103.3,incorporated,flood,Naveen,2024-06-14,2024-09-30,5.926,5.773,372.0
65,Mekong Delta,9.701768,105.490718,0.377,7.74,0.6,24.6,1550,24.8,0.374,0.296,23,0.0,100.0,mulched,alternate_wetting_drying,Swarna,2024-07-07,2024-10-27,3.955,3.587,240.1
66,Mekong Delta,9.994495,105.893535,0.691,5.2,1.38,22.4,1503,26.7,0.577,0.481,72,6.7,4.8,incorporated,drip,Samba Mahsuri,2024-07-06,2024-11-06,4.651,8.071,213.9
67,Mekong Delta,10.37656,105.556525,1.133,6.07,1.21,16.5,1252,27.6,0.547,0.491,69,4.8,62.7,incorporated,flood,Naveen,2024-07-01,2024-11-11,5.126,7.043,387.4
68,Eastern UP,25.751289,83.06051,2.046,5.22,0.64,21.3,1294,26.6,0.644,0.442,14,8.4,77.8,incorporated,alternate_wetting_drying,Naveen,2024-07-10,2024-10-17,4.808,4.928,310.1
69,Eastern UP,26.088357,82.484751,0.883,6.69,0.9,27.7,1195,28.3,0.599,0.546,81,3.5,113.1,removed,flood,Samba Mahsuri,2024-07-19,2024-11-26,4.947,6.757,282.5
70,Indo-Gangetic Plain,26.66174,82.102489,0.731,6.13,1.37,33.2,1529,24.9,0.702,0.543,20,9.5,147.4,mulched,alternate_wetting_drying,Samba Mahsuri,2024-07-31,2024-11-13,5.788,7.603,312.8
71,Eastern UP,26.190272,83.142586,1.403,4.5,1.06,15.6,1563,28.5,0.595,0.513,35,3.8,39.4,mulched,flood,MTU1010,2024-06-18,2024-10-12,5.317,5.677,370.2
72,Coastal Andhra,16.981836,81.668738,0.673,6.73,1.73,33.5,1224,30.3,0.541,0.457,23,7.3,69.6,mulched,alternate_wetting_drying,Swarna,2024-07-03,2024-10-28,4.573,7.99,306.8
73,Eastern UP,26.255028,83.262715,1.512,6.53,1.46,16.4,1706,31.2,0.701,0.592,34,6.6,65.8,incorporated,flood,Naveen,2024-06-13,2024-10-16,5.486,8.281,425.6
74,Terai Nepal,27.319336,84.140632,0.671,6.68,1.58,37.3,1169,26.5,0.545,0.486,39,6.1,122.0,incorporated,alternate_wetting_drying,Samba Mahsuri,2024-06-26,2024-10-21,4.992,7.489,313.7
75,Eastern UP,26.030493,82.660692,0.424,5.88,1.32,25.9,1410,27.2,0.637,0.567,67,2.2,51.1,incorporated,flood,Swarna,2024-07-10,2024-10-25,5.091,8.333,361.0
76,Indo-Gangetic Plain,26.195253,82.018504,1.58,6.92,1.29,21.3,951,27.2,0.521,0.567,55,7.7,7.3,incorporated,flood,Samba Mahsuri,2024-06-24,2024-10-17,5.027,6.733,347.5
77,Mekong Delta,9.855177,105.214001,1.315,7.47,1.36,22.5,1112,23.1,0.756,0.66,40,14.6,100.5,mulched,flood,MTU1010,2024-06-27,2024-10-03,5.604,7.537,445.4
78,Mekong Delta,10.356444,105.661023,1.933,6.38,0.59,26.2,1494,28.6,0.75,0.671,38,6.5,70.9,mulched,alternate_wetting_drying,MTU1010,2024-06-29,2024-11-03,5.46,5.177,276.0
79,Indo-Gangetic Plain,26.579517,81.986492,2.433,7.36,0.61,22.4,1209,26.3,0.865,0.754,24,6.8,99.5,incorporated,alternate_wetting_drying,Samba Mahsuri,2024-07-08,2024-10-15,6.037,6.295,326.0
80,Terai Nepal,27.200209,83.848568,2.023,6.83,1.08,21.3,1082,24.7,0.844,0.76,75,9.6,124.9,incorporated,drip,MTU1010,2024-06-30,2024-10-19,6.158,7.408,276.7
81,Indo-Gangetic Plain,26.347241,82.233259,2.789,7.11,0.23,26.3,1508,23.7,0.737,0.603,14,7.5,99.5,incorporated,flood,Samba Mahsuri,2024-07-11,2024-10-22,5.334,3.928,470.0
82,Eastern UP,25.839402,82.97284,1.491,6.61,1.55,20.6,1353,26.4,0.739,0.608,21,8.3,71.2,mulched,flood,Naveen,2024-07-13,2024-10-25,5.593,7.884,315.8
83,Eastern UP,26.196683,83.458317,0.986,6.98,1.48,47.5,1048,29.0,0.455,0.38,53,9.2,47.1,removed,flood,Naveen,2024-07-12,2024-11-15,4.598,7.496,293.7
84,Mekong Delta,9.844626,105.572315,1.167,7.03,1.01,16.2,1095,26.1,0.641,0.509,59,8.6,61.6,removed,alternate_wetting_drying,MTU1010,2024-07-08,2024-11-05,5.251,6.504,257.1
85,Indo-Gangetic Plain,26.312918,81.535371,1.302,6.22,1.1,28.0,449,23.2,0.9,0.825,0,0.7,177.0,incorporated,alternate_wetting_drying,Swarna,2024-06-27,2024-10-16,7.117,6.591,267.3
86,Coastal Andhra,16.613205,81.145853,0.765,6.38,0.76,27.7,1231,21.6,0.648,0.494,35,3.0,41.8,incorporated,drip,Naveen,2024-06-16,2024-10-19,4.675,4.93,232.7
87,Terai Nepal,27.355082,84.044038,3.213,7.04,1.07,16.1,554,25.2,0.625,0.574,41,5.2,82.1,mulched,alternate_wetting_drying,Swarna,2024-06-28,2024-10-30,5.855,6.422,223.5
88,Eastern UP,26.062017,83.227682,1.536,6.88,1.23,17.6,690,25.4,0.9,0.824,0,7.2,119.9,mulched,alternate_wetting_drying,IR64,2024-07-17,2024-10-31,6.616,7.133,282.2
89,Terai Nepal,27.331434,83.601418,4.547,5.67,1.02,27.3,1118,26.8,0.719,0.739,13,5.1,75.9,incorporated,drip,MTU1010,2024-07-06,2024-10-29,5.978,6.127,189.7
90,Eastern UP,25.494969,82.758239,2.179,7.47,0.58,19.1,1192,27.7,0.553,0.432,33,5.0,109.1,incorporated,flood,MTU1010,2024-07-05,2024-10-14,4.656,4.35,352.5
91,Mekong Delta,9.875887,105.821269,0.919,5.13,1.26,24.9,941,27.2,0.521,0.404,110,0.0,71.9,mulched,flood,IR64,2024-06-28,2024-10-11,4.599,7.22,268.2
92,Terai Nepal,27.690472,83.847385,0.58,6.6,1.36,21.4,1389,25.4,0.542,0.389,71,3.1,150.2,removed,alternate_wetting_drying,Naveen,2024-07-02,2024-10-06,5.523,7.39,238.2
93,Terai Nepal,27.296441,84.022702,0.983,7.68,1.21,31.5,1265,26.1,0.419,0.323,126,1.3,26.5,incorporated,drip,MTU1010,2024-07-24,2024-11-28,4.145,7.385,191.3
94,Eastern UP,26.455256,83.508599,1.146,7.33,0.69,17.1,869,24.9,0.737,0.68,100,6.4,128.0,removed,alternate_wetting_drying,Swarna,2024-07-09,2024-10-30,5.949,6.382,206.0
95,Mekong Delta,10.240123,105.726287,2.493,6.92,1.38,35.7,1192,24.8,0.63,0.568,28,4.6,62.3,mulched,drip,IR64,2024-07-01,2024-10-28,4.794,7.549,188.1
96,Coastal Andhra,16.451591,80.987128,0.671,6.04,1.64,18.7,1153,28.8,0.617,0.485,6,4.6,92.8,incorporated,flood,Swarna,2024-07-05,2024-10-19,5.275,7.624,399.2
97,Coastal Andhra,17.040153,81.571684,1.385,6.21,1.6,15.3,1342,28.3,0.777,0.539,54,3.5,89.1,removed,flood,IR64,2024-06-17,2024-09-28,5.789,9.042,261.2
98,Indo-Gangetic Plain,26.312143,82.004614,2.166,5.88,0.77,36.3,1118,25.1,0.737,0.662,70,3.0,84.4,mulched,flood,Samba Mahsuri,2024-07-14,2024-10-28,5.566,6.702,315.3
99,Terai Nepal,27.926824,84.277865,2.18,7.24,1.24,27.0,1014,26.2,0.724,0.564,41,3.6,90.0,incorporated,flood,IR64,2024-07-11,2024-11-18,5.265,7.588,367.8
100,Terai Nepal,27.381001,84.144757,0.978,7.76,1.06,28.7,1491,31.0,0.561,0.482,76,7.4,127.6,incorporated,alternate_wetting_drying,Swarna,2024-06-21,2024-10-10,5.037,6.963,325.1
101,Coastal Andhra,16.222254,81.230407,0.638,6.97,1.29,25.8,1397,26.3,0.76,0.707,80,3.3,30.6,removed,flood,Samba Mahsuri,2024-07-01,2024-11-01,5.633,8.404,251.2
102,Mekong Delta,10.373216,105.252992,1.781,5.76,2.09,43.4,1377,32.0,0.693,0.554,76,5.5,35.7,removed,flood,MTU1010,2024-07-12,2024-11-07,6.048,10.267,260.6
103,Terai Nepal,27.291487,83.987649,1.686,6.53,1.1,18.5,1001,25.5,0.691,0.64,54,9.2,101.4,incorporated,flood,Samba Mahsuri,2024-07-01,2024-11-06,5.72,7.101,415.6
104,Terai Nepal,27.288372,84.018695,2.384,7.17,1.2,32.7,693,25.2,0.566,0.404,61,5.6,99.9,removed,flood,MTU1010,2024-07-20,2024-11-09,5.011,6.249,279.8
105,Terai Nepal,27.271494,84.092963,1.2,7.87,1.47,23.9,747,27.3,0.749,0.653,32,3.3,108.7,incorporated,alternate_wetting_drying,MTU1010,2024-07-12,2024-11-09,6.045,7.854,247.4
106,Terai Nepal,27.715927,83.612018,0.688,6.78,1.94,28.6,1106,27.0,0.5,0.37,67,3.6,73.5,incorporated,flood,MTU1010,2024-07-07,2024-12-04,4.671,7.997,415.6
107,Terai Nepal,27.574254,84.045122,1.297,6.85,1.8,19.1,1321,23.1,0.815,0.778,27,3.2,36.6,removed,flood,Swarna,2024-07-05,2024-11-02,5.74,8.458,248.7
108,Eastern UP,25.419968,83.506638,2.129,6.22,1.09,13.9,1626,25.7,0.48,0.369,23,1.9,74.9,incorporated,flood,IR64,2024-07-05,2024-10-28,4.296,5.82,411.5
109,Mekong Delta,10.269831,105.723375,2.305,6.21,0.2,37.5,1149,28.7,0.85,0.629,28,5.4,137.8,removed,flood,Naveen,2024-06-26,2024-10-06,6.208,4.393,337.4
110,Mekong Delta,10.177333,105.919054,0.732,5.95,1.02,16.8,1411,25.1,0.509,0.402,12,0.0,94.7,removed,alternate_wetting_drying,Swarna,2024-06-17,2024-10-15,4.655,5.181,175.8
111,Mekong Delta,10.009998,105.213147,0.306,6.59,1.74,35.0,1444,26.8,0.78,0.634,34,7.0,71.2,removed,flood,Samba Mahsuri,2024-07-10,2024-11-10,5.382,9.433,345.6
112,Indo-Gangetic Plain,26.17249,81.88387,1.854,7.01,1.05,24.3,744,26.1,0.757,0.628,57,5.1,90.2,incorporated,alternate_wetting_drying,Naveen,2024-06-28,2024-10-23,6.157,7.196,294.6
113,Coastal Andhra,16.612972,81.442957,0.827,6.96,1.76,44.3,1220,25.4,0.53,0.485,76,0.5,132.6,incorporated,flood,MTU1010,2024-06-26,2024-10-10,4.934,8.505,402.6
114,Eastern UP,25.953231,82.835514,1.344,6.8,1.76,39.5,1092,23.7,0.6,0.487,20,2.1,102.0,removed,flood,Swarna,2024-07-04,2024-10-28,5.317,7.565,267.6
115,Coastal Andhra,16.307173,81.710456,0.628,5.5,0.79,18.4,675,26.7,0.764,0.728,47,6.2,87.1,removed,alternate_wetting_drying,Samba Mahsuri,2024-07-06,2024-10-30,6.094,5.709,234.3
116,Eastern UP,26.356973,83.304103,0.475,7.06,1.53,9.6,1135,27.7,0.85,0.713,23,10.1,91.5,removed,flood,Swarna,2024-07-02,2024-11-02,6.397,7.677,354.0
117,Indo-Gangetic Plain,27.00989,81.995885,1.89,6.31,1.33,28.0,400,28.5,0.886,0.759,21,6.9,127.1,removed,drip,Swarna,2024-07-10,2024-10-24,6.461,7.429,207.4
118,Coastal Andhra,16.978683,81.690259,0.503,5.82,1.06,33.9,651,26.9,0.593,0.427,3,5.3,76.2,removed,alternate_wetting_drying,Swarna,2024-07-19,2024-11-05,5.019,6.42,199.1
119,Coastal Andhra,17.478147,81.184131,1.537,6.21,1.2,5.0,1339,30.4,0.698,0.663,24,0.0,124.3,removed,flood,Naveen,2024-06-24,2024-10-23,5.778,6.059,277.5
120,Terai Nepal,27.907823,83.928263,3.75,5.31,1.63,16.3,1052,28.4,0.717,0.587,10,9.3,58.5,removed,drip,MTU1010,2024-06-27,2024-10-14,5.518,8.265,213.2
121,Indo-Gangetic Plain,26.347042,81.377777,1.075,6.48,1.02,6.6,1678,25.4,0.623,0.644,84,3.6,93.4,incorporated,flood,Swarna,2024-07-16,2024-10-27,5.515,5.787,424.0
122,Coastal Andhra,16.266103,81.113632,1.301,5.58,0.49,31.0,1156,25.5,0.562,0.496,47,6.3,16.8,incorporated,flood,IR64,2024-07-19,2024-11-28,4.242,4.39,339.3
123,Mekong Delta,10.098346,105.777281,0.665,6.55,0.74,27.6,931,26.0,0.531,0.398,66,4.3,91.3,incorporated,flood,Swarna,2024-06-20,2024-10-18,4.601,5.891,386.7
124,Eastern UP,25.671079,83.251471,2.577,6.58,1.38,28.4,574,26.5,0.621,0.45,53,4.1,86.8,removed,flood,IR64,2024-07-15,2024-11-06,4.581,7.464,268.3
125,Terai Nepal,27.546383,84.354014,1.195,6.71,1.35,25.1,1179,25.6,0.668,0.582,83,7.4,39.2,removed,flood,MTU1010,2024-06-21,2024-10-27,5.608,7.745,270.6
126,Terai Nepal,27.531182,83.826284,2.89,5.17,0.2,28.0,1537,28.9,0.554,0.379,14,8.9,51.5,removed,alternate_wetting_drying,Naveen,2024-07-01,2024-11-02,4.564,3.424,282.1
127,Coastal Andhra,16.275396,80.689937,0.753,7.4,0.57,28.5,1510,27.7,0.698,0.565,54,9.8,53.6,incorporated,flood,Swarna,2024-07-07,2024-11-10,5.178,4.947,434.9
128,Mekong Delta,9.647322,105.231479,1.748,5.93,1.43,11.3,1454,23.9,0.716,0.585,27,6.7,99.1,incorporated,flood,Swarna,2024-06-29,2024-10-01,5.608,7.271,449.8
129,Mekong Delta,10.294028,105.606767,0.987,7.35,1.23,10.7,1068,31.1,0.57,0.456,63,6.8,175.7,removed,flood,MTU1010,2024-06-23,2024-10-15,5.629,6.727,336.5
130,Terai Nepal,27.139609,84.207564,2.721,6.88,1.74,45.2,1490,27.8,0.846,0.658,89,3.5,42.6,incorporated,drip,IR64,2024-06-29,2024-10-26,6.361,8.985,235.7
131,Indo-Gangetic Plain,26.696348,82.00175,0.939,7.14,1.3,31.5,1247,25.8,0.843,0.725,36,8.8,43.8,mulched,flood,IR64,2024-07-27,2024-11-25,6.146,8.537,368.6
132,Terai Nepal,27.513054,84.167442,0.268,6.32,1.32,13.5,1315,26.5,0.861,0.682,33,4.5,87.4,removed,alternate_wetting_drying,Samba Mahsuri,2024-06-30,2024-11-01,6.844,7.237,217.2
133,Eastern UP,25.950059,83.063564,0.714,7.1,1.34,25.7,1557,26.7,0.628,0.552,53,5.9,66.7,removed,flood,Samba Mahsuri,2024-07-03,2024-10-24,5.234,6.952,309.4
134,Indo-Gangetic Plain,26.481471,82.143832,2.064,6.11,0.6,14.6,1053,26.1,0.558,0.522,33,5.5,110.8,removed,flood,IR64,2024-06-29,2024-10-28,4.999,4.98,264.8
135,Coastal Andhra,16.150299,81.205412,0.519,6.97,0.78,24.8,634,26.0,0.508,0.524,58,9.9,129.5,mulched,flood,Naveen,2024-07-11,2024-10-19,4.863,5.082,404.8
136,Terai Nepal,27.874068,83.981399,2.162,6.28,0.35,15.8,1668,26.3,0.621,0.536,92,9.9,167.7,removed,alternate_wetting_drying,Swarna,2024-07-03,2024-10-15,5.295,5.485,288.2
137,Eastern UP,26.132596,82.870884,1.535,6.39,1.23,29.5,1094,24.5,0.586,0.426,47,2.5,104.1,removed,alternate_wetting_drying,Swarna,2024-07-09,2024-11-02,5.172,5.978,265.6
138,Terai Nepal,27.660445,84.368694,0.833,6.78,0.2,19.2,1190,24.7,0.538,0.471,52,4.4,11.7,incorporated,flood,IR64,2024-06-14,2024-10-07,4.35,4.492,345.7
139,Coastal Andhra,16.851499,81.090399,0.852,5.83,2.41,27.2,1206,29.2,0.572,0.472,46,3.5,132.0,removed,flood,IR64,2024-07-02,2024-10-17,5.392,9.428,332.5
140,Indo-Gangetic Plain,26.044848,82.225174,0.951,5.82,0.97,37.6,1039,27.9,0.562,0.424,62,10.5,83.9,removed,flood,MTU1010,2024-07-11,2024-11-21,4.467,6.356,295.8
141,Indo-Gangetic Plain,26.130119,81.699046,1.313,6.26,2.05,35.8,1017,24.7,0.816,0.633,0,5.3,81.2,incorporated,alternate_wetting_drying,Swarna,2024-07-11,2024-11-13,6.02,10.097,264.2
142,Eastern UP,26.005746,83.06891,0.531,6.37,0.95,18.6,894,29.4,0.573,0.572,51,7.2,62.1,removed,flood,MTU1010,2024-06-29,2024-10-29,4.572,5.356,231.2
143,Coastal Andhra,16.840686,80.868112,0.745,6.13,0.94,14.4,1566,26.4,0.692,0.621,0,5.8,23.1,incorporated,flood,Naveen,2024-07-04,2024-10-05,5.12,6.22,371.6
144,Terai Nepal,27.755654,84.375437,3.841,6.99,1.09,33.6,1340,28.3,0.671,0.617,19,4.7,95.2,incorporated,flood,MTU1010,2024-06-28,2024-10-09,5.135,6.406,404.0
145,Mekong Delta,9.862097,105.042279,0.804,6.95,1.21,20.3,877,27.6,0.727,0.612,38,5.4,94.9,removed,flood,IR64,2024-07-06,2024-11-01,5.626,6.94,292.5
146,Eastern UP,25.833329,82.609597,1.633,6.78,0.8,5.0,1323,26.5,0.69,0.492,44,3.5,49.8,incorporated,drip,Swarna,2024-07-01,2024-10-15,5.134,5.346,254.0
147,Terai Nepal,27.80956,84.403741,1.901,5.85,0.88,6.4,1678,26.1,0.9,0.702,22,2.9,106.3,removed,drip,Samba Mahsuri,2024-06-17,2024-09-25,6.558,6.323,185.8
148,Eastern UP,25.736921,82.665565,0.315,6.1,0.63,15.2,1118,25.5,0.51,0.516,52,7.3,76.1,incorporated,flood,IR64,2024-07-02,2024-10-24,4.688,5.34,345.9
149,Terai Nepal,27.60138,83.92488,2.587,6.64,1.7,35.8,864,25.2,0.704,0.622,39,8.9,79.1,incorporated,flood,IR64,2024-06-25,2024-10-18,5.942,8.356,425.7
150,Indo-Gangetic Plain,26.210957,81.812821,1.147,4.88,1.29,14.4,1617,26.3,0.763,0.608,72,3.3,69.7,removed,alternate_wetting_drying,Naveen,2024-07-02,2024-10-12,5.539,7.452,191.3
151,Indo-Gangetic Plain,26.321829,81.968134,1.284,6.19,1.02,24.2,1145,27.1,0.569,0.419,47,3.5,102.1,incorporated,flood,MTU1010,2024-07-04,2024-11-14,4.61,6.292,377.8
152,Terai Nepal,27.863073,83.919295,0.857,6.89,1.52,19.5,604,25.5,0.731,0.67,44,3.0,22.4,incorporated,flood,MTU1010,2024-06-28,2024-10-13,5.518,7.724,302.6
153,Mekong Delta,9.862273,105.29162,0.611,5.45,1.01,26.6,1171,26.0,0.537,0.406,12,7.3,54.9,incorporated,flood,Swarna,2024-06-27,2024-10-21,5.021,4.843,398.5
154,Coastal Andhra,16.483506,81.060253,0.657,6.51,0.97,14.7,1213,31.0,0.606,0.431,97,2.1,90.3,incorporated,flood,MTU1010,2024-07-26,2024-11-10,4.767,6.553,367.8
155,Coastal Andhra,16.441198,80.701212,0.526,6.48,1.79,31.4,1338,30.3,0.564,0.463,31,4.2,54.8,removed,flood,IR64,2024-07-01,2024-10-31,5.071,7.398,252.8
156,Mekong Delta,9.650557,105.68273,1.525,6.08,1.38,12.7,900,26.4,0.659,0.575,55,6.2,143.5,incorporated,alternate_wetting_drying,MTU1010,2024-07-04,2024-11-10,5.579,7.731,337.7
157,Mekong Delta,10.486658,106.085343,0.768,6.5,1.3,17.0,1388,26.4,0.522,0.436,20,8.1,156.6,mulched,alternate_wetting_drying,Swarna,2024-07-07,2024-11-03,5.119,6.744,266.4
158,Mekong Delta,9.735679,105.286334,2.489,7.36,1.08,25.5,928,29.9,0.73,0.533,23,3.9,98.1,removed,flood,MTU1010,2024-07-11,2024-11-10,5.568,6.383,239.5
159,Mekong Delta,10.023879,105.666217,0.728,6.52,0.2,33.8,731,30.8,0.61,0.521,29,4.1,139.6,mulched,drip,MTU1010,2024-06-11,2024-09-27,4.636,4.286,175.6
160,Mekong Delta,10.081417,105.817158,0.676,7.35,1.62,37.1,1256,24.5,0.744,0.675,47,4.5,129.4,removed,flood,Naveen,2024-07-12,2024-10-30,5.845,8.813,301.2
161,Eastern UP,26.276424,82.773826,2.25,6.78,1.19,29.4,1314,26.6,0.439,0.33,84,0.2,56.2,mulched,flood,Samba Mahsuri,2024-07-09,2024-10-22,4.804,7.325,275.4
162,Indo-Gangetic Plain,26.803211,82.224713,1.612,6.4,2.06,27.2,1045,29.2,0.662,0.544,50,6.5,55.8,incorporated,alternate_wetting_drying,IR64,2024-06-20,2024-10-18,5.411,9.486,263.3
163,Eastern UP,25.999656,82.78338,1.469,6.48,0.79,47.2,908,21.4,0.84,0.769,37,3.9,70.1,incorporated,flood,MTU1010,2024-06-27,2024-10-09,5.985,6.439,318.2
164,Indo-Gangetic Plain,26.950195,82.272501,0.77,6.34,1.04,19.9,1281,22.4,0.756,0.571,38,4.1,95.5,mulched,flood,Naveen,2024-07-15,2024-11-13,5.571,7.438,394.5
165,Terai Nepal,27.287981,84.269595,1.709,6.01,1.15,20.1,1990,28.3,0.672,0.549,79,4.7,69.4,removed,flood,Samba Mahsuri,2024-07-13,2024-11-02,5.313,7.168,356.7
166,Coastal Andhra,16.317794,81.176834,1.577,6.75,0.31,35.6,1275,30.5,0.703,0.548,56,9.0,108.3,incorporated,alternate_wetting_drying,Samba Mahsuri,2024-07-04,2024-10-26,5.474,4.726,342.8
167,Mekong Delta,9.536687,105.539682,0.856,6.64,0.59,22.9,1044,25.6,0.585,0.492,52,0.0,6.8,mulched,flood,Samba Mahsuri,2024-07-01,2024-11-05,4.491,6.385,233.2
168,Coastal Andhra,16.552586,80.798982,0.954,6.58,0.97,22.8,1172,26.8,0.656,0.609,27,1.1,124.2,removed,flood,Swarna,2024-06-14,2024-10-05,5.851,5.774,261.6
169,Terai Nepal,27.394528,84.017576,1.26,6.79,0.56,24.6,1241,25.7,0.698,0.666,36,2.7,78.7,incorporated,alternate_wetting_drying,MTU1010,2024-07-19,2024-11-11,5.098,5.178,259.8
170,Eastern UP,26.202994,83.433346,0.85,7.0,0.81,39.0,971,27.1,0.687,0.548,94,3.6,129.9,removed,alternate_wetting_drying,MTU1010,2024-07-24,2024-11-03,5.29,6.688,246.1
171,Eastern UP,26.220657,83.497546,1.098,6.81,1.57,12.8,1015,24.5,0.586,0.45,30,4.9,53.5,incorporated,flood,Naveen,2024-07-17,2024-11-17,4.887,8.056,325.1
172,Mekong Delta,9.721488,105.670327,0.751,5.46,1.1,28.2,1118,25.5,0.569,0.464,22,4.0,116.3,removed,flood,MTU1010,2024-06-21,2024-09-23,5.104,6.388,316.2
173,Indo-Gangetic Plain,26.596236,82.058216,0.57,6.67,0.78,18.6,955,24.3,0.9,0.733,93,1.3,92.5,removed,flood,Samba Mahsuri,2024-06-22,2024-10-29,6.309,6.556,275.0
174,Mekong Delta,9.967794,105.799826,3.827,6.95,1.44,27.0,1394,26.1,0.617,0.494,33,3.9,90.0,incorporated,flood,Swarna,2024-07-16,2024-10-29,5.078,7.807,357.2
175,Mekong Delta,9.946272,105.618746,1.851,6.94,0.71,22.2,1558,29.2,0.485,0.368,0,5.1,156.4,incorporated,flood,MTU1010,2024-06-25,2024-10-18,4.72,4.03,463.9
176,Terai Nepal,27.047544,83.652906,1.205,6.06,1.05,20.5,1497,25.5,0.605,0.469,30,6.3,101.6,incorporated,flood,Swarna,2024-07-06,2024-10-15,4.785,6.397,406.4
177,Terai Nepal,27.612005,84.093713,2.498,5.75,1.57,30.9,1157,27.8,0.774,0.63,16,7.5,87.7,removed,alternate_wetting_drying,MTU1010,2024-07-05,2024-10-27,5.755,8.012,237.7
178,Coastal Andhra,16.096605,81.26348,1.29,7.58,0.77,47.9,1313,27.9,0.579,0.463,56,7.8,55.8,mulched,alternate_wetting_drying,IR64,2024-07-19,2024-11-22,5.119,5.692,288.5
179,Eastern UP,26.287616,83.102572,1.158,6.58,0.56,26.1,1157,23.9,0.569,0.476,29,0.0,127.7,incorporated,flood,Naveen,2024-07-03,2024-10-18,5.193,4.836,372.7
180,Indo-Gangetic Plain,26.373966,81.795165,2.539,6.98,1.63,20.3,1534,22.1,0.786,0.689,48,2.2,26.5,mulched,alternate_wetting_drying,MTU1010,2024-07-06,2024-10-30,6.023,8.487,224.0
181,Terai Nepal,26.84688,84.053543,2.879,5.62,0.91,28.3,1575,25.9,0.567,0.565,47,11.1,99.7,incorporated,drip,IR64,2024-07-04,2024-10-29,5.326,5.813,260.9
182,Eastern UP,26.093434,82.964169,1.309,5.83,1.05,12.1,930,22.0,0.682,0.497,33,7.9,129.4,mulched,drip,MTU1010,2024-06-23,2024-10-05,5.338,6.46,230.3
183,Mekong Delta,10.512948,105.449383,1.094,5.84,0.46,24.1,1097,27.0,0.66,0.436,36,9.7,147.5,removed,flood,Samba Mahsuri,2024-07-12,2024-11-11,5.295,5.122,313.0
184,Mekong Delta,10.394246,105.367518,0.841,6.17,1.65,35.6,1210,31.7,0.654,0.489,34,12.0,145.0,incorporated,alternate_wetting_drying,Swarna,2024-07-03,2024-10-29,5.125,8.537,332.0
185,Coastal Andhra,16.589281,80.874689,0.936,7.21,1.06,21.6,965,24.4,0.792,0.608,20,9.2,72.9,incorporated,alternate_wetting_drying,IR64,2024-07-10,2024-11-05,5.605,5.488,267.4
186,Terai Nepal,27.390348,83.95461,0.529,6.85,0.84,23.0,1064,25.0,0.649,0.56,35,2.8,101.2,mulched,alternate_wetting_drying,Naveen,2024-07-21,2024-11-17,4.88,6.013,257.9
187,Indo-Gangetic Plain,26.897791,81.804157,1.535,6.42,1.51,40.1,1127,22.8,0.739,0.681,41,7.4,100.4,incorporated,flood,IR64,2024-07-03,2024-10-27,5.491,8.617,395.2
188,Eastern UP,26.345339,82.93429,2.5,6.17,1.28,30.7,1435,28.6,0.61,0.455,41,3.3,70.6,incorporated,flood,Samba Mahsuri,2024-07-24,2024-11-23,5.056,6.591,341.6
189,Indo-Gangetic Plain,26.465047,82.499441,0.719,4.95,1.23,34.5,895,29.1,0.526,0.433,63,1.4,96.4,removed,alternate_wetting_drying,MTU1010,2024-07-17,2024-12-01,5.106,6.812,180.8
190,Eastern UP,26.374851,82.600167,0.99,6.04,1.39,37.3,1020,21.0,0.601,0.455,58,6.3,80.2,removed,alternate_wetting_drying,Naveen,2024-06-22,2024-10-16,5.195,6.625,228.4
191,Coastal Andhra,16.28051,81.767132,1.258,6.96,0.9,28.6,1293,22.3,0.892,0.727,35,1.7,102.2,incorporated,drip,Swarna,2024-07-05,2024-10-17,5.813,7.18,218.5
192,Indo-Gangetic Plain,26.425191,82.750494,0.355,6.71,0.49,25.9,1043,28.3,0.635,0.576,25,10.8,105.5,removed,drip,Swarna,2024-06-17,2024-10-24,4.98,4.141,193.9
193,Terai Nepal,27.541489,83.848734,1.095,6.23,0.61,37.6,1029,24.9,0.466,0.498,62,7.4,131.8,removed,flood,Swarna,2024-07-03,2024-10-14,4.579,4.982,309.7
194,Mekong Delta,9.875004,105.422046,3.158,5.63,1.01,34.1,815,30.3,0.757,0.643,32,0.8,114.7,removed,flood,IR64,2024-08-01,2024-11-15,5.8,7.748,289.1
195,Indo-Gangetic Plain,26.448351,81.74173,0.582,6.6,1.11,20.6,1224,23.2,0.682,0.602,50,6.2,129.6,incorporated,flood,IR64,2024-07-06,2024-10-24,5.765,7.274,411.5
196,Mekong Delta,10.22497,105.58378,0.69,6.69,0.7,18.7,1256,27.7,0.507,0.355,59,2.9,36.2,incorporated,flood,Naveen,2024-07-03,2024-10-06,4.226,4.914,370.3
197,Mekong Delta,9.912989,105.39151,0.957,7.38,1.02,25.5,1182,25.7,0.66,0.556,46,2.4,82.8,mulched,flood,IR64,2024-07-12,2024-10-21,5.36,7.159,308.9
198,Indo-Gangetic Plain,26.668268,81.623983,0.728,5.53,0.83,18.6,1160,26.1,0.477,0.403,81,9.0,105.9,incorporated,alternate_wetting_drying,IR64,2024-07-11,2024-10-26,5.112,6.343,295.9
199,Terai Nepal,27.42719,83.432997,0.93,5.88,0.9,23.6,1487,27.5,0.687,0.642,22,10.4,64.3,incorporated,flood,MTU1010,2024-07-21,2024-11-26,5.192,5.862,388.0
200,Indo-Gangetic Plain,26.614393,82.093496,0.491,4.92,1.39,24.1,1045,27.6,0.643,0.486,47,2.8,124.7,removed,alternate_wetting_drying,Naveen,2024-07-02,2024-10-14,5.41,6.603,239.7
201,Eastern UP,25.714619,82.818833,0.965,6.07,1.12,40.1,1020,25.8,0.705,0.614,11,4.8,86.5,incorporated,drip,MTU1010,2024-07-14,2024-10-24,5.602,6.575,225.7
202,Mekong Delta,10.202623,105.460207,0.414,6.28,0.72,26.5,1569,31.9,0.658,0.641,46,5.3,113.8,removed,drip,Samba Mahsuri,2024-07-04,2024-10-06,5.528,5.412,149.2
203,Mekong Delta,10.166187,105.757346,2.559,6.7,0.68,5.0,952,30.3,0.869,0.781,8,3.1,129.8,incorporated,drip,IR64,2024-06-29,2024-10-22,6.2,5.827,271.7
204,Indo-Gangetic Plain,26.625573,81.901896,1.167,6.41,1.04,19.0,1279,25.4,0.671,0.676,30,8.3,58.5,incorporated,flood,MTU1010,2024-07-10,2024-10-08,5.51,6.546,407.0
205,Coastal Andhra,16.757082,81.306517,1.015,5.55,1.31,30.8,906,26.3,0.714,0.693,28,6.1,128.7,incorporated,alternate_wetting_drying,Samba Mahsuri,2024-07-26,2024-11-26,5.817,7.096,291.5
206,Terai Nepal,27.392868,83.926595,1.037,6.65,1.24,26.7,1656,27.2,0.9,0.782,33,9.0,87.2,removed,flood,Naveen,2024-06-12,2024-09-25,6.74,8.186,332.6
207,Eastern UP,26.05372,83.132772,0.491,6.45,1.47,21.5,1276,25.8,0.759,0.699,16,5.1,39.8,removed,alternate_wetting_drying,MTU1010,2024-06-14,2024-10-07,5.813,6.741,214.6
208,Mekong Delta,10.418388,105.186436,0.963,6.4,0.34,15.8,1514,28.9,0.762,0.692,33,0.0,122.6,mulched,flood,Naveen,2024-07-15,2024-11-20,5.569,5.908,275.4
209,Mekong Delta,10.53738,105.544205,1.364,5.73,0.97,42.5,1185,25.9,0.699,0.608,53,2.5,87.3,incorporated,flood,Naveen,2024-06-28,2024-10-25,5.447,7.11,367.2
210,Coastal Andhra,16.576694,81.438757,0.888,6.46,2.0,25.0,1442,25.5,0.736,0.663,0,5.0,73.5,mulched,flood,MTU1010,2024-06-18,2024-11-15,6.041,8.054,312.8
211,Mekong Delta,10.266632,105.60836,1.577,7.16,1.0,18.8,1372,26.6,0.785,0.666,29,6.0,58.4,incorporated,flood,Samba Mahsuri,2024-07-14,2024-11-23,6.008,6.469,432.1
212,Coastal Andhra,15.978179,80.884256,1.918,6.72,2.68,35.8,1450,25.1,0.713,0.538,40,4.6,94.9,mulched,alternate_wetting_drying,IR64,2024-06-28,2024-10-30,6.161,11.303,229.0
213,Mekong Delta,9.894745,104.834496,2.778,5.85,1.83,34.5,929,24.2,0.692,0.634,47,3.6,27.7,removed,alternate_wetting_drying,IR64,2024-06-13,2024-09-30,5.114,8.187,185.0
214,Mekong Delta,10.215977,105.095004,5.358,6.7,1.43,47.4,1721,29.0,0.75,0.603,38,5.9,110.1,incorporated,flood,Samba Mahsuri,2024-07-03,2024-10-24,5.982,7.953,441.5
215,Indo-Gangetic Plain,26.856579,82.554809,2.026,7.2,0.91,13.4,1455,28.0,0.663,0.544,53,8.9,135.3,incorporated,alternate_wetting_drying,Samba Mahsuri,2024-07-10,2024-11-01,5.53,7.161,347.5
216,Indo-Gangetic Plain,26.559846,81.975716,1.281,6.22,1.46,16.8,1039,25.4,0.754,0.654,33,3.9,90.1,mulched,flood,Swarna,2024-07-21,2024-11-18,6.098,7.633,271.5
217,Indo-Gangetic Plain,26.258448,82.323054,0.332,5.78,0.72,11.5,724,28.0,0.624,0.505,62,5.8,113.0,incorporated,flood,MTU1010,2024-07-04,2024-10-20,5.104,5.425,409.3
218,Eastern UP,26.104503,82.730651,0.912,7.14,1.45,45.8,1554,29.9,0.483,0.345,43,3.3,95.9,mulched,drip,Naveen,2024-07-14,2024-11-29,4.49,6.929,197.0
219,Eastern UP,25.945432,83.041457,1.318,6.55,1.96,11.3,683,22.2,0.778,0.717,48,4.7,59.0,removed,flood,Swarna,2024-07-13,2024-10-19,6.33,8.899,260.8
220,Terai Nepal,27.19832,84.108049,0.885,6.89,0.66,42.2,931,27.5,0.745,0.674,66,1.3,140.8,removed,drip,Swarna,2024-07-05,2024-10-28,5.965,6.19,124.5
221,Mekong Delta,9.865359,105.849598,1.049,6.1,1.21,26.0,843,26.3,0.609,0.518,63,5.4,133.0,incorporated,alternate_wetting_drying,MTU1010,2024-07-04,2024-11-11,5.369,6.687,266.4
222,Eastern UP,25.997566,83.047427,1.034,7.27,1.41,38.1,1135,29.3,0.846,0.681,17,4.2,77.9,removed,alternate_wetting_drying,Samba Mahsuri,2024-07-09,2024-11-11,6.419,8.125,228.1
223,Eastern UP,25.830895,83.124582,0.605,7.86,1.08,25.1,1696,25.5,0.85,0.771,61,3.3,42.5,removed,alternate_wetting_drying,Naveen,2024-07-09,2024-11-23,6.135,8.339,193.6
224,Coastal Andhra,16.656967,80.833904,0.364,4.8,1.61,26.3,1132,30.5,0.726,0.546,10,4.9,33.4,mulched,flood,IR64,2024-07-02,2024-11-20,5.387,8.099,276.9
225,Coastal Andhra,16.478052,81.428507,0.869,5.95,1.18,18.5,1102,26.8,0.604,0.456,80,7.6,28.0,mulched,drip,Swarna,2024-06-28,2024-11-01,5.254,7.469,218.3
226,Coastal Andhra,16.506508,80.916087,1.172,6.29,1.29,9.9,1319,29.5,0.626,0.493,52,3.2,53.0,mulched,alternate_wetting_drying,IR64,2024-06-25,2024-10-21,5.264,6.562,239.6
227,Mekong Delta,9.880469,105.872994,1.134,6.85,1.15,40.6,1347,28.4,0.718,0.646,33,7.3,94.4,incorporated,alternate_wetting_drying,Naveen,2024-06-23,2024-10-16,5.684,7.188,273.5
228,Indo-Gangetic Plain,25.995887,82.316361,2.041,6.85,0.79,28.6,982,28.7,0.768,0.695,73,5.3,107.2,removed,alternate_wetting_drying,Naveen,2024-06-21,2024-09-25,5.997,6.965,229.2
229,Mekong Delta,10.481302,105.414472,1.327,5.85,0.77,26.0,1531,26.4,0.622,0.542,31,5.9,37.6,incorporated,flood,Naveen,2024-07-17,2024-11-18,5.143,4.882,394.9
230,Terai Nepal,27.376409,83.465034,1.134,5.89,1.33,36.1,535,26.0,0.704,0.713,78,6.1,127.9,removed,flood,IR64,2024-06-29,2024-10-30,6.058,8.139,286.4
231,Eastern UP,26.190471,83.717466,1.537,6.53,1.03,27.3,1023,28.2,0.478,0.391,63,6.1,73.8,removed,alternate_wetting_drying,MTU1010,2024-07-02,2024-10-08,4.077,5.668,202.0
232,Terai Nepal,27.400012,84.054557,0.604,6.94,0.28,24.1,1234,27.1,0.669,0.529,78,4.5,56.1,mulched,flood,MTU1010,2024-07-10,2024-11-01,5.016,4.209,335.4
233,Coastal Andhra,15.585667,81.072849,0.519,6.58,1.07,16.3,1233,27.3,0.832,0.698,50,2.2,52.4,mulched,flood,Samba Mahsuri,2024-07-10,2024-11-10,6.101,7.174,326.6
234,Eastern UP,26.11484,82.993154,0.882,6.7,1.03,27.2,1177,26.1,0.533,0.408,46,10.4,53.9,incorporated,drip,Naveen,2024-07-11,2024-10-28,4.177,5.556,231.5
235,Terai Nepal,27.475969,83.789064,1.472,5.67,0.53,35.1,671,26.2,0.524,0.444,49,8.0,132.6,incorporated,flood,Samba Mahsuri,2024-06-25,2024-10-01,4.692,4.384,397.2
236,Mekong Delta,9.993572,105.491478,0.688,6.72,1.26,30.0,685,27.4,0.412,0.321,61,8.1,101.7,removed,drip,Swarna,2024-07-11,2024-10-28,3.958,6.587,137.5
237,Indo-Gangetic Plain,26.318253,82.368469,2.608,6.27,0.95,23.7,1139,25.5,0.205,0.05,45,4.5,101.4,removed,flood,MTU1010,2024-07-04,2024-11-15,2.975,3.874,267.9
238,Eastern UP,26.259573,83.242987,0.617,6.72,1.53,33.8,1177,24.9,0.59,0.54,43,4.3,165.1,incorporated,alternate_wetting_drying,Swarna,2024-07-13,2024-11-04,5.529,8.14,282.3
239,Coastal Andhra,16.500944,81.568997,2.203,5.66,1.49,22.9,1224,25.2,0.86,0.708,26,1.0,76.5,mulched,alternate_wetting_drying,MTU1010,2024-07-09,2024-10-30,6.182,7.944,196.8
240,Indo-Gangetic Plain,26.643833,81.979074,0.618,6.41,1.46,23.7,1440,26.0,0.611,0.469,50,3.8,126.2,incorporated,flood,Swarna,2024-06-28,2024-10-23,5.31,6.928,405.3
241,Coastal Andhra,16.913541,81.234747,1.543,5.17,0.6,33.9,1286,26.6,0.718,0.536,39,5.2,96.7,incorporated,flood,IR64,2024-07-28,2024-11-05,5.493,6.046,418.8
242,Indo-Gangetic Plain,26.713423,82.933873,1.983,5.99,0.99,20.5,661,26.2,0.738,0.702,71,6.5,64.3,removed,drip,Swarna,2024-07-03,2024-10-30,5.25,6.727,106.4
243,Indo-Gangetic Plain,26.700012,81.981215,0.919,6.61,0.4,22.9,458,22.8,0.431,0.278,45,1.2,107.2,removed,drip,MTU1010,2024-07-14,2024-11-27,4.124,3.868,153.2
244,Coastal Andhra,16.569746,81.470449,0.922,6.52,1.07,8.9,1474,32.1,0.545,0.397,23,5.4,142.8,incorporated,drip,MTU1010,2024-06-29,2024-10-14,5.008,4.675,275.1
245,Eastern UP,26.112853,83.402525,1.301,6.68,0.98,25.2,698,25.2,0.556,0.422,30,3.4,76.8,mulched,alternate_wetting_drying,IR64,2024-06-27,2024-10-12,4.265,6.109,238.8
246,Indo-Gangetic Plain,26.268276,82.266862,3.168,6.89,1.97,25.9,1722,32.1,0.442,0.331,47,3.7,107.2,incorporated,flood,Samba Mahsuri,2024-07-05,2024-10-06,4.926,7.902,387.0
247,Terai Nepal,27.117099,83.750935,1.474,6.58,1.6,19.0,1217,25.3,0.735,0.575,57,8.2,91.1,removed,flood,Naveen,2024-07-13,2024-11-14,5.337,9.172,280.4
248,Coastal Andhra,16.877033,81.191492,0.899,6.04,1.29,21.4,1023,23.5,0.765,0.672,17,4.2,109.2,incorporated,drip,MTU1010,2024-07-05,2024-10-29,5.496,7.009,239.5
249,Mekong Delta,10.130802,105.753152,1.546,6.77,0.41,25.5,1343,28.8,0.567,0.5,30,6.6,126.2,incorporated,drip,Naveen,2024-06-30,2024-10-22,4.843,4.681,263.2
250,Terai Nepal,27.655431,83.84124,0.725,6.49,1.27,54.2,1144,24.2,0.683,0.686,42,5.0,117.8,incorporated,flood,Naveen,2024-07-14,2024-11-13,6.135,7.287,442.4
251,Coastal Andhra,16.155345,81.276824,2.776,5.9,0.2,35.9,1666,22.0,0.705,0.594,25,0.8,124.7,mulched,alternate_wetting_drying,Samba Mahsuri,2024-07-06,2024-10-04,5.196,4.162,293.2
252,Mekong Delta,10.166807,105.322615,0.403,6.24,1.71,21.6,946,29.3,0.61,0.536,48,7.3,173.4,incorporated,alternate_wetting_drying,Swarna,2024-07-13,2024-10-15,5.803,8.101,313.6
253,Eastern UP,25.76771,83.243259,0.736,6.89,1.22,5.0,1027,27.8,0.601,0.629,78,5.5,105.5,incorporated,alternate_wetting_drying,MTU1010,2024-06-30,2024-10-25,5.24,7.685,290.0
254,Mekong Delta,9.969402,105.24727,1.917,6.89,1.69,24.9,1020,23.1,0.748,0.627,20,3.4,73.7,removed,flood,IR64,2024-06-20,2024-10-18,5.644,9.112,287.7
255,Mekong Delta,10.138369,105.586659,0.772,7.2,0.87,29.6,1091,24.8,0.577,0.441,54,7.9,102.6,incorporated,alternate_wetting_drying,Swarna,2024-06-18,2024-11-14,4.729,6.671,270.4
256,Mekong Delta,9.767238,105.523689,0.831,6.9,1.71,31.0,1685,28.0,0.504,0.336,29,7.7,145.1,incorporated,flood,IR64,2024-07-09,2024-11-05,4.66,7.789,455.4
257,Terai Nepal,27.729343,83.705859,1.448,6.65,0.79,23.3,749,26.1,0.767,0.704,92,0.7,80.9,removed,drip,Samba Mahsuri,2024-06-28,2024-10-07,6.117,6.763,169.4
258,Mekong Delta,10.052552,105.210417,1.17,7.18,0.4,18.0,655,28.3,0.797,0.706,19,2.1,79.6,removed,alternate_wetting_drying,Naveen,2024-07-01,2024-11-04,5.919,6.137,139.2
259,Terai Nepal,27.183849,84.128344,0.44,6.16,1.04,41.7,1117,21.5,0.41,0.308,60,6.1,95.9,mulched,flood,Swarna,2024-07-16,2024-11-11,4.004,5.529,322.1
260,Mekong Delta,10.018565,105.221734,1.09,5.6,1.88,22.0,1053,31.0,0.501,0.457,17,4.8,105.1,incorporated,flood,MTU1010,2024-07-12,2024-11-13,4.859,8.166,357.6
261,Indo-Gangetic Plain,26.705988,81.954654,1.24,5.97,1.0,14.7,876,27.9,0.607,0.572,99,1.6,128.2,removed,drip,IR64,2024-06-20,2024-10-18,5.573,6.703,143.7
262,Terai Nepal,27.242678,83.527826,1.467,5.75,1.2,30.9,1262,25.2,0.759,0.679,11,4.1,110.5,removed,alternate_wetting_drying,Swarna,2024-06-28,2024-10-21,6.201,6.488,217.9
263,Eastern UP,26.277793,82.972677,1.098,6.89,1.68,24.8,968,22.6,0.568,0.499,47,4.0,114.1,mulched,flood,Naveen,2024-06-28,2024-10-23,5.055,8.243,361.1
264,Terai Nepal,27.564566,84.229965,1.837,6.42,2.2,36.4,1169,25.8,0.811,0.66,9,8.3,84.6,removed,drip,Naveen,2024-06-26,2024-10-20,6.01,9.611,217.2
265,Mekong Delta,10.088061,105.574825,1.004,6.57,1.96,28.8,1087,25.7,0.63,0.448,40,4.9,73.1,incorporated,alternate_wetting_drying,MTU1010,2024-07-15,2024-10-13,5.487,8.944,271.7
266,Indo-Gangetic Plain,26.41859,82.332993,3.745,7.11,0.97,32.8,1079,24.2,0.542,0.46,47,11.2,59.1,removed,flood,Naveen,2024-07-18,2024-10-28,4.58,4.656,303.5
267,Terai Nepal,28.039775,84.257668,1.05,6.9,0.99,26.1,1332,26.0,0.568,0.407,60,0.0,66.6,mulched,flood,IR64,2024-06-27,2024-10-29,4.635,5.784,313.4
268,Mekong Delta,9.951874,106.25027,0.648,6.29,0.58,34.5,1706,31.2,0.797,0.707,35,0.0,161.3,incorporated,flood,Swarna,2024-07-09,2024-11-18,6.085,5.336,443.9
269,Mekong Delta,9.907341,104.933089,1.033,5.46,1.14,34.9,564,30.1,0.61,0.512,32,0.0,62.6,removed,flood,IR64,2024-07-25,2024-11-12,4.508,6.29,183.9
270,Terai Nepal,27.447599,84.007587,0.862,5.59,0.28,21.4,1225,25.9,0.433,0.323,85,4.7,69.7,removed,flood,Naveen,2024-07-04,2024-10-09,3.976,4.349,288.9
271,Terai Nepal,27.625628,84.066175,0.57,6.27,1.65,25.4,1397,31.4,0.775,0.67,32,0.0,84.1,removed,drip,IR64,2024-07-01,2024-11-16,5.594,8.226,154.8
272,Coastal Andhra,16.701419,81.553639,5.619,5.9,1.27,20.2,1452,27.7,0.552,0.451,71,1.1,62.1,mulched,alternate_wetting_drying,MTU1010,2024-06-25,2024-09-23,4.394,7.699,249.2
273,Coastal Andhra,15.631435,81.193876,3.12,7.34,1.39,19.6,1345,26.3,0.588,0.435,31,8.4,69.3,incorporated,flood,Samba Mahsuri,2024-07-25,2024-12-03,5.077,6.691,398.6
274,Eastern UP,25.480921,83.400166,5.465,6.53,0.88,53.2,804,27.1,0.672,0.504,53,3.5,56.7,incorporated,flood,Swarna,2024-07-01,2024-10-22,5.049,5.552,365.8
275,Terai Nepal,27.436679,84.427126,0.886,6.05,0.61,25.3,1553,32.0,0.684,0.577,31,3.9,112.0,mulched,alternate_wetting_drying,Samba Mahsuri,2024-07-01,2024-10-01,5.326,5.586,251.1
276,Terai Nepal,27.681806,83.899009,0.679,6.28,0.77,30.1,1684,29.1,0.9,0.85,32,2.2,133.0,mulched,alternate_wetting_drying,MTU1010,2024-07-02,2024-10-17,6.531,6.567,233.1
277,Indo-Gangetic Plain,26.365612,81.635558,0.325,6.36,1.27,24.5,1156,27.1,0.773,0.682,30,4.2,110.3,incorporated,flood,MTU1010,2024-07-19,2024-11-11,6.059,7.863,395.5
278,Indo-Gangetic Plain,26.384838,82.060684,1.208,5.91,1.18,12.7,1617,23.6,0.627,0.579,59,4.0,71.8,incorporated,flood,IR64,2024-07-13,2024-10-13,5.207,6.947,382.1
279,Mekong Delta,10.023436,105.603687,0.987,6.05,1.02,30.0,752,31.1,0.719,0.646,65,8.7,78.4,incorporated,alternate_wetting_drying,MTU1010,2024-07-02,2024-10-25,5.408,7.357,257.0
280,Terai Nepal,27.754743,83.617644,1.835,6.53,2.0,16.4,2044,21.0,0.61,0.595,91,4.2,84.0,removed,flood,Naveen,2024-07-09,2024-11-07,5.463,9.249,329.0
281,Terai Nepal,28.073818,83.347869,1.173,7.22,1.14,5.0,812,27.8,0.685,0.551,25,5.8,56.9,removed,flood,Samba Mahsuri,2024-07-07,2024-11-08,5.762,5.8,258.4
282,Coastal Andhra,16.581366,81.548183,0.505,6.98,1.85,16.1,1614,32.1,0.743,0.614,17,8.2,54.1,incorporated,flood,MTU1010,2024-07-08,2024-11-07,6.047,8.02,388.6
283,Mekong Delta,10.216299,105.336444,7.074,5.9,0.74,19.3,1272,25.8,0.723,0.672,10,0.0,12.2,removed,flood,IR64,2024-06-29,2024-10-07,5.213,5.795,188.7
284,Eastern UP,25.80286,82.790684,0.825,6.27,0.88,27.1,1308,24.7,0.803,0.752,4,6.1,61.4,incorporated,flood,MTU1010,2024-07-08,2024-10-30,5.717,7.038,382.2
285,Eastern UP,25.582732,82.855298,1.121,5.49,1.56,22.7,782,23.4,0.782,0.701,74,9.7,125.8,removed,alternate_wetting_drying,Swarna,2024-06-29,2024-11-11,6.247,9.187,228.9
286,Eastern UP,25.731876,82.883611,1.099,4.76,2.04,16.0,1351,26.8,0.801,0.681,39,2.3,117.9,mulched,flood,Swarna,2024-06-16,2024-10-04,6.82,9.893,351.3
287,Coastal Andhra,16.30725,81.405119,0.621,7.0,1.28,34.9,1032,25.4,0.718,0.618,43,9.7,111.1,incorporated,alternate_wetting_drying,Samba Mahsuri,2024-06-15,2024-10-09,5.832,6.295,365.4
288,Mekong Delta,10.407238,106.037501,4.275,6.92,1.03,23.0,1112,26.0,0.799,0.699,69,7.0,51.5,incorporated,flood,IR64,2024-06-17,2024-10-04,5.824,8.055,338.7
289,Terai Nepal,27.659268,84.257442,1.134,6.86,0.98,45.5,956,32.3,0.654,0.623,79,5.4,119.8,removed,alternate_wetting_drying,Naveen,2024-07-17,2024-11-07,5.512,6.807,187.8
290,Coastal Andhra,16.283194,80.701883,4.87,6.37,0.82,38.9,1483,30.0,0.638,0.444,12,3.3,103.6,incorporated,drip,Naveen,2024-07-16,2024-11-14,5.162,5.57,214.9
291,Mekong Delta,10.16815,105.423944,1.406,6.64,1.41,28.0,1326,30.1,0.727,0.644,42,8.7,93.9,removed,drip,MTU1010,2024-07-01,2024-11-06,5.821,7.68,162.4
292,Eastern UP,26.396438,82.665612,0.669,6.28,0.74,22.8,1041,27.2,0.771,0.667,49,1.8,85.3,removed,alternate_wetting_drying,Swarna,2024-06-30,2024-10-05,5.348,6.146,212.7
293,Coastal Andhra,16.676591,81.418504,2.007,7.08,1.06,45.5,1093,27.3,0.805,0.677,0,5.0,120.2,incorporated,alternate_wetting_drying,Naveen,2024-06-21,2024-10-18,6.276,7.397,300.1
294,Terai Nepal,27.961499,84.144156,4.917,6.86,0.75,24.6,1428,29.1,0.515,0.47,36,6.6,113.2,incorporated,flood,IR64,2024-07-06,2024-10-25,4.818,5.184,417.4
295,Eastern UP,26.542658,83.168231,0.853,7.17,1.2,22.8,995,22.3,0.723,0.704,25,6.3,72.5,incorporated,flood,Naveen,2024-07-06,2024-11-18,5.645,6.524,409.8
296,Terai Nepal,27.466206,84.135248,2.018,6.29,1.55,52.6,1370,31.0,0.708,0.654,51,4.0,69.1,removed,drip,Samba Mahsuri,2024-07-04,2024-11-01,5.386,8.052,162.5
297,Indo-Gangetic Plain,27.063654,82.216024,1.299,6.78,1.05,25.4,1243,25.0,0.653,0.534,57,6.3,43.1,incorporated,alternate_wetting_drying,Naveen,2024-07-17,2024-10-25,5.126,6.06,282.5
298,Mekong Delta,10.05552,105.681324,2.1,5.67,0.7,14.6,1521,26.2,0.893,0.793,8,3.0,94.1,mulched,flood,Samba Mahsuri,2024-07-10,2024-10-23,6.408,5.36,360.3
299,Terai Nepal,27.36151,84.1829,3.601,5.7,0.2,11.9,1539,22.5,0.83,0.669,49,3.1,91.9,incorporated,alternate_wetting_drying,MTU1010,2024-07-11,2024-11-11,5.757,3.783,262.5
300,Mekong Delta,9.952893,105.136952,3.174,7.03,1.68,21.9,681,31.9,0.643,0.58,55,8.5,89.2,removed,flood,IR64,2024-07-17,2024-11-20,4.918,8.666,282.5
301,Coastal Andhra,15.926065,81.642311,1.97,6.7,0.39,18.0,1212,26.3,0.447,0.413,37,1.2,138.0,incorporated,flood,Swarna,2024-07-09,2024-11-28,4.852,4.559,351.5
302,Terai Nepal,27.091752,83.45881,0.969,6.64,2.6,30.5,1725,26.9,0.717,0.624,112,2.9,70.8,removed,alternate_wetting_drying,MTU1010,2024-07-12,2024-11-09,5.988,12.528,175.8
303,Terai Nepal,26.988784,83.731821,1.859,6.96,0.9,24.7,865,24.4,0.72,0.567,33,9.9,123.8,incorporated,flood,Naveen,2024-07-20,2024-11-09,5.813,5.662,462.3
304,Terai Nepal,27.156735,83.660235,0.751,6.66,0.82,27.4,1279,25.8,0.642,0.569,37,2.6,92.9,incorporated,flood,Swarna,2024-06-28,2024-10-08,5.433,5.52,407.8
305,Eastern UP,26.04531,82.807904,4.141,6.71,1.06,27.6,967,26.0,0.9,0.838,43,3.6,53.6,mulched,flood,Naveen,2024-07-09,2024-10-19,6.689,6.609,305.5
306,Eastern UP,25.68794,83.209645,2.913,6.31,1.08,39.7,1351,28.1,0.507,0.373,21,1.6,77.9,removed,flood,Swarna,2024-06-29,2024-11-03,4.16,6.224,240.2
307,Indo-Gangetic Plain,26.537819,82.233396,2.667,6.09,1.63,14.2,1822,25.0,0.733,0.687,41,9.6,61.4,mulched,flood,MTU1010,2024-07-27,2024-11-30,5.683,7.385,438.1
308,Coastal Andhra,16.344946,81.38571,2.816,6.57,1.86,11.4,1067,26.3,0.636,0.532,62,3.7,94.9,mulched,flood,IR64,2024-07-04,2024-11-05,5.046,9.108,315.4
309,Terai Nepal,27.79201,84.187169,0.453,5.88,1.14,9.2,1827,29.1,0.648,0.566,30,0.0,29.3,incorporated,alternate_wetting_drying,Naveen,2024-07-24,2024-11-01,5.167,5.86,304.5
310,Coastal Andhra,16.426099,80.509558,0.746,6.24,1.07,23.1,1535,30.2,0.629,0.474,53,5.2,121.7,removed,flood,Swarna,2024-07-05,2024-11-05,5.601,6.252,303.6
311,Eastern UP,26.131836,83.380388,1.204,5.65,1.62,32.5,617,27.0,0.459,0.392,22,7.4,94.1,removed,alternate_wetting_drying,MTU1010,2024-06-22,2024-10-06,4.44,6.884,224.0
312,Terai Nepal,27.721288,83.788236,1.516,6.55,1.94,14.7,1154,25.4,0.655,0.529,28,3.9,123.8,incorporated,drip,IR64,2024-07-18,2024-11-05,5.919,8.292,221.5
313,Eastern UP,26.390777,83.041299,0.878,6.81,0.79,40.0,1605,25.8,0.575,0.605,7,1.0,94.7,incorporated,flood,Samba Mahsuri,2024-07-01,2024-10-10,4.72,5.319,399.7
314,Indo-Gangetic Plain,26.207713,81.765446,0.938,6.14,1.22,32.4,1470,26.2,0.454,0.406,32,1.3,129.9,removed,alternate_wetting_drying,MTU1010,2024-06-23,2024-11-01,4.606,5.783,234.7
315,Indo-Gangetic Plain,26.245084,81.855105,1.679,6.1,1.22,21.9,1238,21.0,0.43,0.3,70,2.3,81.5,removed,alternate_wetting_drying,Swarna,2024-07-07,2024-11-02,3.791,5.818,206.7
316,Mekong Delta,9.744194,105.557386,3.642,6.76,1.47,37.2,1341,25.0,0.441,0.387,17,7.0,117.9,incorporated,drip,Samba Mahsuri,2024-07-06,2024-10-18,4.34,6.84,249.4
317,Mekong Delta,9.633034,105.927388,3.098,7.03,0.82,21.9,1243,25.2,0.853,0.746,0,6.0,77.8,removed,drip,MTU1010,2024-07-04,2024-11-06,6.337,5.055,169.3
318,Coastal Andhra,16.70839,81.290311,0.355,5.46,1.13,26.0,1576,27.2,0.533,0.4,44,3.8,33.5,removed,alternate_wetting_drying,MTU1010,2024-07-05,2024-10-17,4.789,5.324,123.7
319,Coastal Andhra,16.783811,81.310259,0.801,6.38,1.48,5.0,920,28.7,0.795,0.644,67,5.4,54.0,incorporated,flood,Samba Mahsuri,2024-07-03,2024-10-25,5.862,8.733,388.0
320,Eastern UP,26.185426,83.115259,1.122,5.96,2.0,24.4,1061,29.5,0.641,0.492,34,8.1,124.3,mulched,alternate_wetting_drying,MTU1010,2024-07-18,2024-11-07,5.381,8.345,314.4
321,Eastern UP,25.445288,82.916133,1.223,5.42,0.97,15.3,1457,22.7,0.877,0.742,18,8.1,110.9,incorporated,drip,MTU1010,2024-07-04,2024-11-07,6.732,7.005,285.5
322,Eastern UP,26.253126,82.814989,0.515,5.87,1.29,26.8,1512,25.9,0.621,0.464,0,6.0,78.3,removed,alternate_wetting_drying,Naveen,2024-07-12,2024-12-01,5.209,6.123,223.8
323,Coastal Andhra,16.288161,81.094539,1.035,6.3,0.86,26.4,1105,23.0,0.654,0.56,5,3.2,110.9,incorporated,flood,Swarna,2024-06-23,2024-10-29,5.198,5.483,383.2
324,Indo-Gangetic Plain,26.336474,82.545027,0.57,7.42,1.14,28.0,1449,25.4,0.754,0.789,27,2.2,46.1,mulched,alternate_wetting_drying,IR64,2024-07-02,2024-11-12,5.528,6.964,222.4
325,Mekong Delta,10.043129,105.474587,1.343,6.69,1.07,26.7,727,27.2,0.707,0.632,42,1.7,46.2,removed,flood,IR64,2024-07-07,2024-11-14,5.489,7.261,212.8
326,Terai Nepal,27.428658,84.139929,1.669,5.85,1.7,36.3,861,24.9,0.793,0.7,0,0.8,81.3,incorporated,flood,Swarna,2024-06-23,2024-09-21,6.04,8.615,329.2
327,Mekong Delta,9.567046,104.990139,0.617,6.65,0.92,16.6,1511,28.3,0.445,0.296,57,6.6,70.0,removed,drip,IR64,2024-07-03,2024-11-11,4.271,5.635,173.2
328,Indo-Gangetic Plain,26.743512,82.099576,7.108,5.88,0.34,21.1,729,23.3,0.53,0.476,21,6.6,72.3,removed,alternate_wetting_drying,Swarna,2024-07-03,2024-10-21,4.662,3.763,215.9
329,Eastern UP,26.245922,82.941358,1.46,7.5,0.2,29.1,1840,27.7,0.848,0.78,44,5.1,12.4,incorporated,flood,Swarna,2024-06-23,2024-10-11,5.299,4.391,367.8
330,Coastal Andhra,16.425092,81.089465,1.229,5.7,0.44,32.1,1073,28.8,0.784,0.624,4,2.9,108.8,incorporated,alternate_wetting_drying,IR64,2024-07-10,2024-10-29,5.453,5.367,254.1
331,Indo-Gangetic Plain,25.916346,81.989166,1.336,6.93,2.07,14.4,897,27.0,0.534,0.57,39,7.6,89.3,mulched,flood,Naveen,2024-07-11,2024-12-08,5.324,8.61,383.2
332,Coastal Andhra,16.497818,80.862058,0.727,6.25,1.35,43.3,1054,28.2,0.455,0.302,1,7.4,87.2,removed,flood,Swarna,2024-07-03,2024-11-24,4.396,6.27,296.4
333,Terai Nepal,27.163649,83.299793,2.585,5.62,1.51,36.8,1313,27.6,0.698,0.556,59,1.4,153.9,mulched,alternate_wetting_drying,MTU1010,2024-07-05,2024-10-29,5.948,8.883,277.5
334,Indo-Gangetic Plain,26.660642,82.28454,2.308,7.06,1.95,36.2,1388,24.1,0.513,0.425,46,9.2,0.0,removed,flood,Samba Mahsuri,2024-06-24,2024-10-11,4.296,8.188,305.6
335,Terai Nepal,27.142392,84.004836,1.403,6.0,0.89,17.4,1076,28.4,0.521,0.453,35,5.0,99.7,mulched,flood,Naveen,2024-07-25,2024-11-12,4.626,5.412,305.2
336,Mekong Delta,9.989987,105.863113,1.252,6.17,0.7,37.7,1101,25.6,0.57,0.409,30,8.0,81.9,incorporated,flood,IR64,2024-06-22,2024-10-10,4.759,5.196,421.3
337,Indo-Gangetic Plain,27.198776,82.050523,0.535,5.83,1.2,20.6,831,26.9,0.645,0.465,22,3.7,145.7,removed,flood,Swarna,2024-07-08,2024-10-25,5.609,5.827,272.1
338,Indo-Gangetic Plain,26.348737,81.92476,0.765,7.15,0.42,22.6,762,29.3,0.621,0.574,62,0.0,99.8,removed,alternate_wetting_drying,IR64,2024-07-16,2024-12-10,5.213,4.853,203.6
339,Mekong Delta,10.069017,105.537042,0.777,7.67,0.96,24.7,1143,31.9,0.615,0.534,47,2.9,93.9,mulched,alternate_wetting_drying,Samba Mahsuri,2024-07-28,2024-12-08,5.394,5.139,206.3
340,Eastern UP,25.71864,83.220763,0.605,6.62,1.4,20.7,1228,29.1,0.637,0.571,14,3.8,48.9,mulched,flood,Samba Mahsuri,2024-07-01,2024-10-19,5.184,6.484,290.0
341,Terai Nepal,27.714424,83.929883,1.867,6.97,2.0,38.5,1603,30.6,0.685,0.583,66,7.2,79.2,removed,flood,Swarna,2024-07-09,2024-11-01,5.747,9.904,304.2
342,Indo-Gangetic Plain,26.532246,81.870755,1.001,6.69,2.01,41.3,1183,27.6,0.577,0.502,71,9.8,65.6,mulched,flood,IR64,2024-07-07,2024-10-25,5.35,9.062,347.1
343,Eastern UP,26.138239,82.5433,1.971,6.17,1.21,24.1,818,24.1,0.766,0.646,71,6.0,95.0,incorporated,flood,Swarna,2024-06-17,2024-10-17,5.959,8.051,339.2
344,Eastern UP,26.576262,83.159842,0.486,7.44,0.83,19.7,1506,30.4,0.53,0.356,66,2.6,81.4,incorporated,flood,MTU1010,2024-07-20,2024-10-24,4.279,5.907,366.7
345,Terai Nepal,27.541424,83.434161,1.261,7.02,0.96,41.8,761,30.0,0.731,0.717,112,4.8,59.3,removed,flood,Naveen,2024-06-20,2024-10-14,6.148,7.614,284.9
346,Eastern UP,25.622594,83.263741,1.19,7.15,1.29,5.7,1528,22.0,0.426,0.371,22,9.2,84.0,incorporated,flood,Swarna,2024-07-17,2024-11-20,3.849,6.409,399.4
347,Terai Nepal,27.460748,84.632073,0.239,6.92,0.86,21.6,918,23.6,0.665,0.552,61,0.0,120.6,removed,alternate_wetting_drying,Naveen,2024-07-13,2024-11-02,5.623,6.519,177.5
348,Mekong Delta,10.176892,104.704452,2.773,6.06,1.54,32.4,936,28.7,0.604,0.607,74,2.7,60.1,incorporated,drip,MTU1010,2024-06-30,2024-10-08,5.102,9.168,197.9
349,Mekong Delta,9.883096,105.706103,2.489,5.37,0.88,35.6,990,28.0,0.559,0.481,30,6.9,97.1,incorporated,flood,MTU1010,2024-07-05,2024-10-29,5.186,5.3,343.8
350,Eastern UP,25.975432,83.297357,1.913,6.68,1.43,24.0,1732,23.3,0.667,0.564,65,2.5,29.0,incorporated,alternate_wetting_drying,IR64,2024-07-06,2024-11-15,5.218,7.815,288.1
351,Coastal Andhra,17.0219,81.225585,0.422,5.85,0.39,8.4,1808,32.1,0.515,0.416,12,5.0,147.4,incorporated,drip,IR64,2024-07-15,2024-11-04,4.179,3.68,276.8
352,Coastal Andhra,16.422884,81.283266,0.698,5.9,1.54,20.6,943,25.4,0.734,0.665,42,5.0,22.9,removed,alternate_wetting_drying,IR64,2024-06-20,2024-10-15,5.325,8.086,165.7
353,Indo-Gangetic Plain,26.63102,82.120362,1.415,6.25,1.24,27.2,1389,27.3,0.9,0.85,63,4.9,90.1,incorporated,alternate_wetting_drying,Samba Mahsuri,2024-06-26,2024-10-22,7.06,7.525,331.0
354,Eastern UP,26.26188,83.727858,1.629,6.33,1.12,32.1,1122,29.2,0.629,0.443,87,4.0,87.2,removed,flood,Naveen,2024-07-04,2024-10-24,5.455,7.258,275.8
355,Terai Nepal,27.759031,83.995331,0.208,6.11,0.89,15.2,1236,26.0,0.551,0.504,27,8.4,66.9,incorporated,flood,Naveen,2024-06-29,2024-11-14,4.859,5.283,436.5
356,Eastern UP,25.684944,82.708311,0.932,6.05,1.31,5.5,864,30.8,0.539,0.376,53,0.0,112.2,incorporated,flood,IR64,2024-07-03,2024-10-31,5.393,7.197,313.8
357,Terai Nepal,28.240822,83.670968,3.901,6.12,1.17,25.2,939,27.2,0.552,0.514,44,9.8,81.1,removed,flood,MTU1010,2024-07-14,2024-11-16,5.514,6.445,297.5
358,Indo-Gangetic Plain,26.454381,82.141627,1.804,5.66,1.35,25.0,963,26.8,0.51,0.486,46,7.7,77.8,incorporated,flood,IR64,2024-06-25,2024-10-05,4.87,7.415,406.4
359,Indo-Gangetic Plain,26.612332,82.270362,2.029,6.29,1.47,29.6,1264,26.5,0.675,0.477,37,8.6,68.3,incorporated,flood,Naveen,2024-06-26,2024-10-23,5.403,8.349,397.0
360,Mekong Delta,9.988479,105.959445,3.899,6.98,0.95,26.3,1250,27.5,0.502,0.339,48,2.8,72.6,incorporated,flood,MTU1010,2024-07-07,2024-10-17,4.573,5.709,301.0
361,Eastern UP,26.154091,82.47002,0.727,6.19,0.49,20.1,778,27.4,0.503,0.401,74,7.3,87.1,removed,alternate_wetting_drying,Naveen,2024-06-25,2024-09-29,4.531,5.395,192.8
362,Mekong Delta,9.862592,105.6426,0.645,7.11,0.67,14.5,927,28.9,0.576,0.543,29,4.9,48.7,incorporated,alternate_wetting_drying,MTU1010,2024-06-23,2024-10-08,4.89,4.676,282.4
363,Eastern UP,25.629057,83.382332,1.153,7.54,0.2,27.0,1775,26.1,0.623,0.508,31,4.1,78.2,incorporated,alternate_wetting_drying,MTU1010,2024-06-28,2024-11-17,4.606,3.814,335.1
364,Mekong Delta,10.147573,105.178083,0.948,4.57,1.48,24.1,1226,23.3,0.698,0.515,40,7.0,59.5,incorporated,flood,Naveen,2024-07-04,2024-10-21,5.523,7.382,376.8
365,Terai Nepal,28.034872,83.925798,0.293,6.9,1.69,9.1,1252,28.1,0.641,0.581,70,3.8,38.0,incorporated,alternate_wetting_drying,MTU1010,2024-06-15,2024-10-19,4.87,8.106,227.2
366,Coastal Andhra,16.682964,81.188022,1.968,7.31,1.73,29.7,1203,24.5,0.739,0.555,53,10.8,36.6,incorporated,alternate_wetting_drying,Swarna,2024-06-23,2024-10-11,5.376,9.494,304.0
367,Coastal Andhra,16.791733,81.461836,1.519,5.47,1.02,12.8,1552,25.5,0.52,0.418,28,9.5,64.3,incorporated,flood,MTU1010,2024-06-21,2024-10-10,4.638,5.472,422.8
368,Coastal Andhra,15.828513,81.153667,0.843,6.23,1.15,36.4,853,21.5,0.525,0.374,3,3.3,119.4,incorporated,alternate_wetting_drying,MTU1010,2024-07-04,2024-11-07,4.568,5.867,270.4
369,Eastern UP,26.142517,83.259864,1.656,6.35,1.63,18.6,1255,28.9,0.719,0.589,59,1.9,90.6,removed,flood,MTU1010,2024-06-25,2024-11-16,5.527,8.932,252.1
370,Terai Nepal,27.259067,83.780443,6.254,7.01,1.75,29.9,718,28.0,0.779,0.721,69,7.1,154.8,incorporated,flood,Naveen,2024-06-30,2024-10-09,6.548,9.24,476.1
371,Terai Nepal,27.530136,83.379711,1.393,7.28,0.32,20.9,937,23.2,0.404,0.363,38,8.4,36.7,incorporated,flood,Swarna,2024-07-07,2024-10-30,3.876,2.583,386.1
372,Terai Nepal,26.88476,83.795307,0.55,6.64,0.99,31.3,1167,23.1,0.47,0.37,25,3.4,122.8,incorporated,alternate_wetting_drying,Naveen,2024-07-12,2024-10-26,4.04,5.096,308.5
373,Coastal Andhra,16.429831,81.141172,1.562,6.14,1.95,23.4,1385,30.6,0.774,0.744,56,7.6,121.2,incorporated,flood,Naveen,2024-06-23,2024-09-29,6.681,10.244,451.4
374,Terai Nepal,27.428194,83.956867,1.374,6.14,1.64,37.7,953,30.3,0.552,0.407,77,4.7,61.6,incorporated,flood,IR64,2024-06-29,2024-10-23,4.496,8.355,392.6
375,Indo-Gangetic Plain,26.313521,81.971534,1.44,6.08,1.06,25.9,1341,30.7,0.648,0.576,62,6.2,83.3,removed,flood,Swarna,2024-07-09,2024-10-27,5.78,6.619,315.0
376,Coastal Andhra,16.178584,80.94237,1.065,6.53,1.61,12.7,1403,26.1,0.436,0.335,77,7.6,87.3,mulched,drip,MTU1010,2024-07-16,2024-12-09,4.777,6.69,238.8
377,Terai Nepal,27.412868,84.133244,1.993,6.86,1.72,14.8,1131,24.6,0.604,0.453,47,12.8,96.8,removed,alternate_wetting_drying,Naveen,2024-07-05,2024-10-29,4.995,7.698,231.1
378,Mekong Delta,10.271127,104.892407,2.018,7.3,1.1,24.3,1490,25.1,0.729,0.675,14,5.9,89.1,incorporated,alternate_wetting_drying,IR64,2024-06-17,2024-10-25,5.703,6.589,324.0
379,Eastern UP,26.216336,83.095866,0.893,6.8,1.72,15.1,1492,29.3,0.685,0.612,68,6.5,54.4,incorporated,drip,MTU1010,2024-07-01,2024-10-31,5.37,8.611,246.2
380,Indo-Gangetic Plain,26.362163,81.795521,1.117,6.8,1.06,30.7,1083,27.1,0.9,0.782,55,0.6,137.4,incorporated,flood,Swarna,2024-07-15,2024-11-04,6.415,7.562,364.4
381,Mekong Delta,9.690281,105.682181,0.645,6.37,1.17,33.6,1423,27.3,0.392,0.27,38,9.2,130.4,mulched,alternate_wetting_drying,MTU1010,2024-06-25,2024-11-05,3.979,6.702,374.6
382,Terai Nepal,28.012689,84.155721,1.46,6.22,1.16,18.1,1180,23.6,0.48,0.315,4,7.7,23.7,removed,flood,Swarna,2024-07-11,2024-11-10,4.074,5.463,298.1
383,Indo-Gangetic Plain,26.460407,82.172532,0.871,5.74,0.7,19.8,1042,33.0,0.801,0.666,56,5.9,100.7,removed,flood,MTU1010,2024-07-06,2024-11-15,5.762,5.184,301.1
384,Coastal Andhra,16.293266,81.340307,2.681,7.2,0.57,37.9,1104,28.5,0.541,0.434,52,0.5,111.3,removed,flood,Samba Mahsuri,2024-07-18,2024-11-19,4.925,5.082,269.0
385,Mekong Delta,9.661076,105.511231,0.646,6.18,2.07,27.8,1280,24.7,0.599,0.408,57,4.0,105.4,mulched,drip,IR64,2024-07-07,2024-10-13,4.915,9.816,198.1
386,Eastern UP,26.118408,82.930268,2.148,6.96,1.06,24.5,1017,27.4,0.686,0.625,18,1.0,104.6,mulched,flood,Swarna,2024-07-04,2024-10-14,5.709,5.777,360.1
387,Mekong Delta,9.595439,105.371077,0.342,6.36,2.18,29.7,1015,32.5,0.441,0.318,46,4.3,118.2,incorporated,drip,Naveen,2024-06-23,2024-10-21,4.604,8.726,221.5
388,Mekong Delta,10.060675,105.436235,0.537,6.32,1.13,15.5,1188,24.3,0.784,0.662,33,5.6,51.3,mulched,alternate_wetting_drying,Naveen,2024-06-24,2024-11-01,6.11,7.234,243.7
389,Indo-Gangetic Plain,26.479173,82.363972,1.156,5.71,0.2,6.6,700,27.7,0.533,0.532,41,1.8,106.2,incorporated,flood,Swarna,2024-07-09,2024-10-10,4.709,2.911,254.1
390,Coastal Andhra,15.725473,80.950244,1.322,7.17,1.04,44.3,661,22.0,0.772,0.79,56,4.1,58.5,removed,flood,Swarna,2024-06-30,2024-10-27,6.036,6.825,233.1
391,Eastern UP,25.647226,83.23115,1.871,7.44,1.44,21.1,1353,26.8,0.754,0.587,40,10.3,131.6,incorporated,alternate_wetting_drying,Naveen,2024-07-05,2024-10-12,6.152,7.873,326.8
392,Coastal Andhra,17.043091,81.319781,0.853,6.84,1.25,7.8,1458,26.0,0.82,0.727,80,6.3,124.1,removed,flood,Naveen,2024-06-30,2024-09-28,6.808,8.101,324.8
393,Indo-Gangetic Plain,26.632106,81.843709,0.65,7.01,1.15,20.1,1212,33.6,0.788,0.63,55,5.5,6.1,removed,flood,Samba Mahsuri,2024-06-28,2024-11-05,5.846,7.673,254.2
394,Terai Nepal,28.19698,83.888683,0.933,7.14,0.24,10.2,1399,26.5,0.629,0.576,50,2.6,92.5,removed,flood,Samba Mahsuri,2024-06-23,2024-10-28,5.459,3.801,287.0
395,Terai Nepal,27.763704,83.716053,1.095,6.67,1.06,30.9,1284,31.6,0.466,0.372,22,6.8,33.4,mulched,flood,IR64,2024-07-08,2024-10-23,4.204,5.947,283.7
396,Terai Nepal,27.251906,84.048268,0.72,6.81,0.86,32.9,656,24.5,0.517,0.407,58,5.8,72.2,mulched,flood,IR64,2024-06-08,2024-09-13,4.37,5.75,326.2
397,Indo-Gangetic Plain,26.274039,81.965922,0.882,7.26,1.33,17.2,1058,29.8,0.842,0.666,63,4.2,0.0,mulched,flood,IR64,2024-07-07,2024-11-15,5.997,8.254,294.5
398,Coastal Andhra,16.681215,81.076991,1.171,6.55,1.25,35.0,1393,32.2,0.9,0.796,0,8.7,71.1,removed,flood,IR64,2024-06-26,2024-11-02,6.248,7.262,299.8
399,Indo-Gangetic Plain,26.686883,82.192462,0.762,5.91,0.95,27.4,1645,21.9,0.624,0.59,3,7.9,109.1,removed,alternate_wetting_drying,IR64,2024-07-09,2024-10-14,5.454,5.027,283.9
400,Eastern UP,25.065004,83.015598,2.671,5.87,1.49,29.3,974,30.8,0.617,0.417,4,4.2,84.7,incorporated,flood,Naveen,2024-07-04,2024-10-22,4.702,6.475,314.5
401,Eastern UP,26.781248,83.260463,1.499,6.74,1.4,18.1,674,25.6,0.648,0.58,12,2.8,126.3,removed,flood,MTU1010,2024-07-12,2024-11-05,5.828,7.563,270.7
402,Eastern UP,25.662836,83.113414,5.344,6.97,0.77,36.4,1104,30.4,0.747,0.794,19,7.8,95.3,removed,flood,Swarna,2024-06-24,2024-11-14,5.929,5.741,344.8
403,Coastal Andhra,16.54166,81.385461,1.309,6.42,1.12,35.9,1408,28.0,0.661,0.588,37,8.2,124.0,removed,flood,IR64,2024-06-28,2024-10-10,5.31,8.042,339.3
404,Terai Nepal,27.343168,83.726706,2.417,5.73,1.15,48.6,1044,23.8,0.438,0.218,53,2.4,83.4,incorporated,flood,IR64,2024-06-28,2024-10-19,4.106,6.138,350.4
405,Indo-Gangetic Plain,25.829553,82.272354,0.636,6.0,0.94,5.0,1025,25.4,0.605,0.59,68,6.2,59.8,incorporated,alternate_wetting_drying,IR64,2024-06-29,2024-11-07,5.054,7.379,263.7
406,Eastern UP,25.887073,83.09482,1.734,7.27,0.45,19.4,1328,28.9,0.9,0.752,43,2.3,70.2,incorporated,drip,IR64,2024-06-29,2024-10-27,6.247,5.654,234.9
407,Eastern UP,25.884193,82.725273,1.419,5.04,1.11,22.9,790,24.7,0.747,0.636,47,5.9,93.2,removed,flood,Naveen,2024-07-17,2024-11-21,5.978,6.455,284.8
408,Eastern UP,26.28536,83.234293,1.026,5.78,0.35,24.0,648,27.6,0.613,0.416,53,4.9,33.4,removed,alternate_wetting_drying,Samba Mahsuri,2024-06-22,2024-10-22,4.004,4.405,209.1
409,Coastal Andhra,16.726738,81.357262,2.218,7.06,2.12,26.1,1754,24.6,0.625,0.531,18,0.0,120.4,removed,flood,Samba Mahsuri,2024-06-25,2024-10-21,5.311,9.464,278.7
410,Indo-Gangetic Plain,26.427799,81.745391,1.701,6.24,1.52,19.3,1147,26.8,0.779,0.7,74,2.3,99.4,removed,alternate_wetting_drying,IR64,2024-06-28,2024-10-30,5.759,8.131,203.3
411,Coastal Andhra,16.707516,81.062848,1.666,6.05,1.39,25.2,1073,27.1,0.523,0.408,55,6.0,142.6,removed,flood,Naveen,2024-07-04,2024-11-01,4.608,6.789,313.2
412,Mekong Delta,9.8864,105.6159,0.437,6.57,0.73,36.7,914,29.5,0.649,0.64,23,7.5,117.7,removed,drip,IR64,2024-06-22,2024-10-06,5.858,6.572,165.8
413,Terai Nepal,27.40261,84.16461,2.293,6.85,1.1,12.8,606,26.8,0.411,0.321,80,1.5,45.0,mulched,alternate_wetting_drying,Naveen,2024-07-11,2024-10-26,4.14,6.604,182.6
414,Mekong Delta,10.176916,105.186509,2.212,7.32,1.56,5.0,1237,28.5,0.588,0.479,32,2.4,142.9,removed,flood,MTU1010,2024-07-07,2024-11-05,5.352,7.671,316.8
415,Mekong Delta,10.289084,105.78938,0.732,6.73,0.75,22.9,1356,29.7,0.392,0.287,80,5.7,92.9,incorporated,alternate_wetting_drying,IR64,2024-06-29,2024-11-06,4.391,4.888,372.5
416,Terai Nepal,27.617319,83.7563,1.179,7.61,0.32,20.8,1275,26.1,0.9,0.773,18,0.0,101.9,incorporated,alternate_wetting_drying,IR64,2024-06-27,2024-09-25,6.089,5.191,269.5
417,Indo-Gangetic Plain,26.23803,82.24869,1.001,7.2,2.07,5.0,798,25.9,0.826,0.699,13,7.0,58.0,removed,alternate_wetting_drying,MTU1010,2024-07-13,2024-11-20,6.072,8.579,189.5
418,Indo-Gangetic Plain,26.678994,82.320068,2.902,6.61,0.24,24.5,1331,24.5,0.618,0.582,29,7.7,113.8,incorporated,flood,Samba Mahsuri,2024-06-21,2024-09-26,5.503,4.208,452.8
419,Coastal Andhra,16.496748,81.116056,0.707,6.38,0.82,16.6,704,31.4,0.778,0.664,41,5.0,62.8,mulched,drip,IR64,2024-06-23,2024-10-11,5.81,6.281,158.1
420,Terai Nepal,27.853924,83.901361,0.643,7.48,1.43,27.8,1142,28.7,0.681,0.605,37,1.9,49.9,mulched,flood,IR64,2024-07-02,2024-10-25,5.049,7.616,346.7
421,Indo-Gangetic Plain,25.964019,82.16398,3.245,5.99,0.42,29.5,923,28.3,0.788,0.672,65,7.4,124.6,incorporated,drip,Swarna,2024-07-05,2024-10-07,6.024,6.005,268.3
422,Eastern UP,26.146973,82.898944,0.777,5.09,1.23,36.4,1232,26.8,0.667,0.587,49,3.8,58.5,incorporated,flood,Swarna,2024-07-04,2024-11-06,5.481,7.561,364.0
423,Terai Nepal,28.023293,84.199079,1.381,6.75,1.91,16.3,1166,25.9,0.51,0.426,72,6.7,112.6,removed,alternate_wetting_drying,Swarna,2024-07-06,2024-11-09,4.918,8.149,232.9
424,Coastal Andhra,16.458499,81.086773,8.123,7.04,1.41,22.7,1064,26.7,0.685,0.679,5,3.1,97.2,mulched,flood,Swarna,2024-07-02,2024-10-12,5.6,5.966,356.1
425,Eastern UP,26.615374,82.791859,1.151,6.34,0.22,21.9,1464,28.4,0.724,0.643,28,8.8,72.6,incorporated,flood,IR64,2024-07-07,2024-10-30,5.323,4.645,459.1
426,Eastern UP,26.557243,82.467884,3.245,6.61,2.0,21.1,1040,24.0,0.743,0.617,17,0.0,104.5,removed,flood,Samba Mahsuri,2024-07-10,2024-10-13,6.292,8.863,220.5
427,Coastal Andhra,16.191848,81.304887,1.768,6.83,1.45,17.9,741,26.0,0.513,0.391,66,5.5,90.0,incorporated,alternate_wetting_drying,Swarna,2024-07-01,2024-10-23,4.786,6.561,275.3
428,Coastal Andhra,17.112395,81.605673,0.52,6.0,0.8,19.5,887,25.5,0.771,0.573,6,1.9,97.5,mulched,alternate_wetting_drying,IR64,2024-06-19,2024-09-29,5.298,5.793,235.6
429,Indo-Gangetic Plain,26.58712,81.607161,2.014,6.92,1.26,5.8,1546,28.1,0.647,0.556,31,4.0,116.9,removed,flood,Naveen,2024-06-29,2024-10-30,5.01,6.589,294.2
430,Coastal Andhra,16.562358,81.239779,0.467,5.41,1.35,26.4,1072,22.9,0.707,0.543,51,2.5,91.6,incorporated,alternate_wetting_drying,IR64,2024-06-21,2024-11-14,5.262,7.673,299.4
431,Mekong Delta,9.956623,105.962592,0.562,5.67,1.29,36.5,1365,27.8,0.615,0.482,65,4.2,56.8,removed,alternate_wetting_drying,Samba Mahsuri,2024-06-25,2024-10-21,4.937,7.768,189.6
432,Coastal Andhra,16.719673,81.551603,1.703,6.27,0.91,24.2,1438,25.1,0.728,0.612,13,6.8,95.0,removed,alternate_wetting_drying,MTU1010,2024-06-29,2024-10-01,5.663,6.335,276.9
433,Mekong Delta,9.992933,105.417627,1.533,5.99,1.03,10.8,1266,23.5,0.702,0.64,0,7.4,107.3,incorporated,flood,Swarna,2024-07-18,2024-11-16,5.671,6.003,399.2
434,Indo-Gangetic Plain,26.440281,82.055448,1.491,6.84,1.32,12.9,918,25.6,0.616,0.464,15,3.9,123.4,incorporated,drip,MTU1010,2024-07-02,2024-11-08,5.369,6.418,265.3
435,Coastal Andhra,16.888011,81.32658,1.326,6.64,1.91,29.8,1656,26.0,0.49,0.423,30,9.8,115.8,incorporated,drip,Swarna,2024-06-28,2024-10-23,4.95,8.001,304.7
436,Coastal Andhra,16.957355,81.066516,3.192,7.04,1.12,6.9,1194,27.3,0.79,0.611,27,7.4,116.8,removed,flood,Swarna,2024-07-15,2024-11-06,6.184,7.007,323.4
437,Indo-Gangetic Plain,25.743746,82.044643,1.074,5.91,0.35,17.7,1141,28.7,0.673,0.492,19,7.6,91.7,mulched,flood,Swarna,2024-07-11,2024-11-23,4.537,4.545,334.9
438,Terai Nepal,27.551628,84.013717,2.713,6.41,0.25,60.0,992,29.4,0.469,0.357,25,0.0,80.1,mulched,flood,Swarna,2024-07-04,2024-10-29,3.929,3.546,275.4
439,Terai Nepal,27.444938,83.965515,0.502,7.19,1.15,25.4,1320,25.0,0.705,0.623,22,6.7,142.2,removed,alternate_wetting_drying,Samba Mahsuri,2024-07-12,2024-11-17,5.84,5.584,215.0
440,Eastern UP,25.655543,83.241637,1.799,6.56,1.67,36.2,1086,24.7,0.649,0.522,42,2.0,95.7,mulched,flood,IR64,2024-06-15,2024-09-22,5.299,7.664,312.0
441,Eastern UP,25.647175,82.888414,2.521,6.21,2.0,17.6,1622,27.1,0.545,0.374,14,2.6,107.1,removed,flood,Naveen,2024-07-05,2024-10-24,4.985,7.693,363.5
442,Coastal Andhra,16.220048,81.16626,1.172,6.03,1.64,9.6,1258,29.7,0.745,0.62,84,4.3,36.6,removed,flood,Naveen,2024-07-06,2024-10-10,5.973,8.666,257.4
443,Terai Nepal,27.406138,83.766359,0.576,6.73,1.26,26.5,1733,27.4,0.606,0.511,47,6.8,88.4,incorporated,flood,Naveen,2024-06-15,2024-10-24,5.124,7.52,426.9
444,Terai Nepal,28.214915,84.644249,1.169,6.61,1.88,24.1,958,29.2,0.706,0.646,51,4.5,76.5,removed,alternate_wetting_drying,Samba Mahsuri,2024-06-27,2024-10-12,5.732,9.704,219.0
445,Coastal Andhra,16.448646,81.180166,0.438,6.74,1.16,41.1,918,22.5,0.724,0.607,19,0.4,143.8,incorporated,flood,MTU1010,2024-07-19,2024-11-17,6.056,5.675,327.4
446,Indo-Gangetic Plain,26.815764,81.447119,1.417,7.03,0.47,15.8,1563,28.3,0.576,0.416,75,5.8,58.5,removed,drip,IR64,2024-06-30,2024-10-08,4.408,4.762,183.2
447,Indo-Gangetic Plain,26.689343,81.770242,2.04,6.14,1.36,20.2,1164,24.7,0.559,0.432,62,3.8,36.6,mulched,alternate_wetting_drying,IR64,2024-07-29,2024-12-07,4.683,6.335,221.1
448,Coastal Andhra,16.258044,81.70316,0.941,5.71,1.31,20.2,949,24.3,0.9,0.813,0,9.5,111.4,removed,flood,IR64,2024-06-27,2024-09-25,6.593,7.423,327.7
449,Eastern UP,26.260032,83.439411,2.742,7.05,0.69,13.2,656,25.5,0.66,0.611,55,7.0,73.4,incorporated,alternate_wetting_drying,IR64,2024-06-21,2024-11-06,5.047,5.6,272.9
450,Eastern UP,25.767378,83.617882,2.605,7.09,1.92,25.7,1088,24.3,0.566,0.516,31,5.8,122.0,incorporated,flood,Swarna,2024-07-13,2024-11-17,4.911,8.32,402.6
451,Coastal Andhra,16.193381,80.910968,1.878,6.68,1.64,50.3,1349,25.0,0.774,0.715,88,0.0,70.9,removed,alternate_wetting_drying,Samba Mahsuri,2024-07-11,2024-11-01,6.128,9.107,209.6
452,Mekong Delta,9.905764,105.578056,0.758,6.02,1.08,27.9,1141,30.7,0.721,0.602,70,6.2,74.5,incorporated,flood,Swarna,2024-07-02,2024-11-01,5.687,7.091,393.8
453,Coastal Andhra,16.526183,80.888801,2.475,6.15,1.35,26.9,1213,26.6,0.452,0.402,73,6.3,156.8,mulched,flood,Samba Mahsuri,2024-06-24,2024-10-16,4.637,6.842,431.6
454,Eastern UP,25.880069,83.047144,1.22,5.86,0.57,14.9,983,27.9,0.555,0.367,70,7.4,85.8,incorporated,flood,Samba Mahsuri,2024-07-20,2024-11-17,4.857,5.38,399.3
455,Coastal Andhra,16.601348,81.307378,1.017,6.38,1.19,21.0,1433,24.3,0.556,0.45,35,1.7,108.6,incorporated,flood,IR64,2024-06-29,2024-10-28,4.714,6.089,353.1
456,Terai Nepal,27.363817,84.275079,1.425,6.19,0.99,23.7,1177,26.8,0.756,0.646,50,9.3,155.7,incorporated,flood,IR64,2024-06-22,2024-10-03,6.107,5.996,436.5
457,Terai Nepal,27.387179,83.9764,2.16,6.86,0.74,29.3,1250,24.7,0.483,0.48,37,4.8,107.7,incorporated,flood,IR64,2024-07-13,2024-11-02,4.693,5.063,384.0
458,Mekong Delta,9.867518,105.570223,1.265,7.05,1.05,27.3,1331,26.2,0.551,0.484,55,4.3,81.3,incorporated,alternate_wetting_drying,Naveen,2024-07-11,2024-11-02,5.39,6.456,247.0
459,Eastern UP,26.285946,82.792718,0.769,6.9,1.47,13.5,1631,26.5,0.658,0.573,17,7.2,100.1,incorporated,alternate_wetting_drying,Samba Mahsuri,2024-06-26,2024-10-19,5.78,7.976,325.9
460,Coastal Andhra,16.514066,81.109369,0.834,6.12,1.09,22.5,1206,26.9,0.803,0.806,51,5.2,85.3,removed,flood,Samba Mahsuri,2024-06-27,2024-10-30,6.013,7.894,333.9
461,Coastal Andhra,16.900734,81.842637,0.623,6.15,1.15,17.6,1453,24.9,0.802,0.671,74,2.5,76.6,removed,alternate_wetting_drying,IR64,2024-07-13,2024-10-23,6.235,8.573,191.2
462,Terai Nepal,27.731375,83.860571,1.622,6.46,1.29,28.7,1125,27.9,0.798,0.736,74,4.2,77.0,mulched,flood,IR64,2024-07-11,2024-10-31,5.934,8.375,376.7
463,Terai Nepal,27.17319,83.777616,1.614,7.23,1.3,16.2,1651,26.3,0.622,0.594,63,7.6,65.3,mulched,flood,MTU1010,2024-07-22,2024-11-06,5.3,6.688,409.8
464,Coastal Andhra,15.970085,81.6576,1.608,7.24,0.34,20.9,1554,23.1,0.604,0.484,0,1.0,138.4,incorporated,alternate_wetting_drying,MTU1010,2024-07-05,2024-10-13,5.098,4.603,329.9
465,Indo-Gangetic Plain,27.094195,81.578165,0.443,6.98,1.88,22.8,1049,24.9,0.51,0.353,35,5.9,26.1,removed,alternate_wetting_drying,IR64,2024-07-15,2024-10-27,4.463,9.09,243.4
466,Indo-Gangetic Plain,25.9124,82.173489,1.131,5.74,1.05,17.9,1006,21.3,0.449,0.361,34,7.9,67.9,removed,flood,MTU1010,2024-06-29,2024-10-18,4.209,5.809,283.0
467,Indo-Gangetic Plain,26.150484,82.183147,0.637,7.21,1.48,25.9,806,28.7,0.844,0.765,26,4.7,106.3,incorporated,alternate_wetting_drying,IR64,2024-06-29,2024-10-09,6.211,8.776,311.8
468,Indo-Gangetic Plain,26.192094,82.476832,1.448,6.5,1.0,11.2,1496,25.1,0.556,0.407,0,0.4,89.4,removed,alternate_wetting_drying,Swarna,2024-07-07,2024-10-05,4.403,5.062,174.5
469,Eastern UP,26.084286,82.994579,1.004,6.94,2.1,16.8,997,21.5,0.647,0.553,67,4.7,69.4,removed,alternate_wetting_drying,IR64,2024-07-06,2024-10-24,5.647,9.728,221.9
470,Coastal Andhra,16.36124,81.316304,0.568,7.19,1.83,12.5,1607,26.6,0.7,0.625,68,6.2,61.5,incorporated,flood,MTU1010,2024-06-23,2024-11-02,5.669,9.043,447.9
471,Eastern UP,26.353715,82.567723,1.321,6.18,1.34,22.0,797,24.8,0.453,0.418,57,4.2,98.1,mulched,flood,IR64,2024-07-23,2024-11-12,5.108,6.442,263.0
472,Terai Nepal,27.409371,84.47622,1.553,6.6,1.62,28.7,1062,29.7,0.517,0.401,6,5.6,96.8,incorporated,flood,Samba Mahsuri,2024-07-21,2024-11-06,4.921,6.731,431.8
473,Mekong Delta,10.05289,105.194489,0.803,5.61,0.6,21.3,1496,29.8,0.87,0.749,49,6.5,107.0,incorporated,alternate_wetting_drying,IR64,2024-06-18,2024-10-15,6.253,6.575,316.6
474,Terai Nepal,27.493277,84.18372,0.665,6.18,1.53,19.9,1426,27.5,0.597,0.512,45,4.3,115.6,incorporated,flood,Naveen,2024-07-01,2024-10-27,5.234,8.257,394.6
475,Coastal Andhra,16.86221,81.384633,3.963,5.66,0.54,13.4,1114,31.0,0.575,0.505,55,7.5,11.7,incorporated,flood,IR64,2024-07-15,2024-10-19,4.438,4.031,359.2
476,Eastern UP,25.855048,82.607613,1.742,6.84,0.89,14.0,1666,27.6,0.698,0.576,14,9.5,75.9,mulched,flood,Naveen,2024-07-13,2024-11-08,5.494,6.107,386.2
477,Eastern UP,25.910277,83.156317,0.785,5.81,1.14,28.4,600,30.4,0.5,0.421,74,5.4,128.4,incorporated,flood,IR64,2024-07-20,2024-11-14,5.185,6.167,399.1
478,Terai Nepal,27.332852,84.474361,0.665,6.54,1.75,43.4,991,29.4,0.574,0.405,88,2.3,112.9,mulched,flood,Swarna,2024-07-16,2024-10-26,5.437,9.079,271.6
479,Mekong Delta,10.047766,105.233192,1.076,6.06,1.3,18.7,1307,31.9,0.511,0.375,0,4.3,98.0,incorporated,flood,Samba Mahsuri,2024-06-27,2024-10-14,4.815,6.933,345.7
480,Terai Nepal,27.440578,84.390188,2.056,6.64,0.76,15.4,1276,28.7,0.697,0.649,61,6.3,52.5,incorporated,drip,Swarna,2024-06-27,2024-10-17,4.94,5.761,246.2
481,Terai Nepal,28.032624,84.092321,1.861,5.96,1.02,37.7,1026,30.7,0.784,0.646,15,4.1,112.5,mulched,flood,Swarna,2024-06-25,2024-09-28,5.681,6.619,369.4
482,Mekong Delta,9.791219,106.09771,2.227,6.23,0.81,36.2,1252,24.9,0.632,0.553,24,8.0,117.4,removed,alternate_wetting_drying,Naveen,2024-07-13,2024-10-27,5.517,4.849,250.1
483,Eastern UP,25.785558,83.538357,3.086,6.86,1.88,25.6,1429,30.7,0.679,0.592,2,4.8,118.8,removed,alternate_wetting_drying,IR64,2024-07-14,2024-10-29,6.083,8.259,195.5
484,Coastal Andhra,16.239929,81.159555,1.25,6.09,0.63,29.0,1721,27.1,0.615,0.535,17,3.0,129.8,incorporated,drip,IR64,2024-06-15,2024-09-19,5.2,4.677,275.4
485,Eastern UP,26.457378,83.110239,1.888,5.22,0.74,25.4,1218,26.8,0.704,0.58,66,7.0,132.1,incorporated,flood,Swarna,2024-07-17,2024-11-13,5.324,5.631,477.7
486,Terai Nepal,27.24059,83.671841,1.512,6.28,2.09,38.6,1046,29.6,0.585,0.512,62,9.4,74.6,removed,alternate_wetting_drying,Samba Mahsuri,2024-07-01,2024-10-23,5.51,9.413,254.1
487,Eastern UP,25.36922,82.797938,0.73,6.17,1.48,23.9,1176,30.3,0.566,0.373,28,5.3,80.2,mulched,alternate_wetting_drying,Naveen,2024-07-06,2024-10-26,4.966,6.064,209.9
488,Coastal Andhra,16.434084,80.945364,1.362,6.5,0.59,20.0,1736,23.6,0.567,0.515,23,3.7,105.7,removed,drip,MTU1010,2024-07-18,2024-10-26,4.56,3.561,212.3
489,Eastern UP,26.045072,83.018443,2.974,4.89,1.41,22.3,1375,27.1,0.641,0.601,28,14.4,110.8,removed,flood,MTU1010,2024-07-15,2024-11-10,5.19,6.738,406.2
490,Mekong Delta,10.530974,105.772989,1.793,6.71,0.87,23.0,1176,28.4,0.831,0.675,9,5.7,115.8,incorporated,flood,IR64,2024-07-11,2024-11-01,5.988,5.987,410.7
491,Eastern UP,26.041997,82.727531,3.225,6.1,0.2,20.3,1509,26.5,0.454,0.405,17,3.3,80.8,mulched,alternate_wetting_drying,IR64,2024-07-09,2024-11-04,4.163,2.955,265.1
492,Coastal Andhra,16.925781,81.04278,1.798,6.21,1.49,5.0,1248,28.0,0.811,0.665,40,5.8,39.4,removed,flood,Samba Mahsuri,2024-07-21,2024-11-10,6.22,8.785,276.4
493,Coastal Andhra,16.441401,81.083366,2.764,5.61,1.23,17.6,1287,28.4,0.725,0.574,38,4.4,108.4,incorporated,flood,Naveen,2024-07-13,2024-11-18,5.889,6.997,361.3
494,Eastern UP,26.153143,83.49619,0.291,7.52,1.45,14.2,1277,24.4,0.703,0.6,53,2.2,62.9,incorporated,flood,Swarna,2024-07-10,2024-10-23,5.555,8.1,329.3
495,Indo-Gangetic Plain,26.435327,81.810488,2.28,6.08,1.83,26.6,2004,25.3,0.803,0.678,32,6.6,106.6,mulched,alternate_wetting_drying,Swarna,2024-07-01,2024-11-16,6.356,9.547,285.6
496,Mekong Delta,10.333739,105.273863,1.545,5.56,1.5,32.5,1808,29.3,0.602,0.579,57,4.0,101.7,removed,flood,Swarna,2024-06-27,2024-10-06,5.7,7.365,298.2
497,Coastal Andhra,16.825944,81.333728,3.836,5.91,2.14,15.3,1271,23.8,0.652,0.532,41,7.1,93.5,removed,flood,Samba Mahsuri,2024-06-29,2024-09-30,5.488,10.217,299.1
498,Indo-Gangetic Plain,26.866814,81.499386,2.41,7.74,1.33,31.0,1511,26.3,0.672,0.638,48,6.5,108.1,mulched,drip,Samba Mahsuri,2024-07-15,2024-11-11,5.814,7.278,217.1
499,Mekong Delta,9.622189,105.378733,0.65,6.23,1.12,20.9,771,26.5,0.535,0.467,63,7.9,44.1,mulched,drip,Naveen,2024-07-20,2024-11-04,4.636,6.319,230.7
500,Terai Nepal,27.649946,83.402658,0.983,6.57,1.24,17.7,1273,23.9,0.537,0.404,19,6.6,42.1,incorporated,drip,Naveen,2024-07-22,2024-11-06,3.896,6.446,183.6
501,Eastern UP,26.099184,82.830395,1.331,6.85,1.68,32.9,1148,26.6,0.9,0.753,21,5.3,78.3,incorporated,flood,Samba Mahsuri,2024-07-03,2024-11-12,6.585,9.979,404.7
502,Mekong Delta,9.866483,105.662568,2.084,6.99,0.35,18.3,929,26.8,0.652,0.621,34,6.7,68.0,incorporated,alternate_wetting_drying,Swarna,2024-07-02,2024-10-30,4.669,3.959,305.3
503,Terai Nepal,27.881729,84.065222,2.04,6.51,1.73,29.0,1204,27.0,0.535,0.41,43,3.5,128.7,mulched,flood,Samba Mahsuri,2024-06-22,2024-10-09,4.856,7.772,307.3
504,Eastern UP,25.752103,82.672404,1.478,7.15,1.42,18.0,1104,23.5,0.492,0.35,81,2.9,91.7,removed,flood,IR64,2024-07-12,2024-11-14,4.539,7.945,243.0
505,Indo-Gangetic Plain,26.5179,81.467865,2.292,6.38,0.55,21.4,1025,24.8,0.748,0.703,49,1.0,88.7,incorporated,drip,IR64,2024-07-07,2024-10-17,5.345,5.638,171.1
506,Terai Nepal,27.599762,83.540936,0.466,6.06,1.3,9.3,1238,24.5,0.547,0.382,45,2.3,96.5,mulched,alternate_wetting_drying,Samba Mahsuri,2024-06-20,2024-10-22,4.996,6.636,241.2
507,Mekong Delta,10.341525,105.746828,1.032,6.26,1.13,16.0,1147,24.4,0.758,0.601,68,1.4,82.7,removed,alternate_wetting_drying,MTU1010,2024-07-10,2024-10-20,5.263,6.771,194.8
508,Indo-Gangetic Plain,26.43115,82.149613,0.832,5.66,0.31,29.8,1042,24.1,0.576,0.378,17,7.2,104.7,removed,flood,Naveen,2024-07-18,2024-10-25,4.241,2.983,324.7
509,Mekong Delta,10.367956,106.033263,2.954,6.61,1.76,26.8,1405,25.5,0.705,0.629,40,6.4,163.2,removed,flood,Swarna,2024-07-08,2024-11-10,5.767,7.844,349.2
510,Mekong Delta,9.765267,105.909322,2.522,5.21,1.26,27.3,1655,27.7,0.817,0.756,5,3.1,145.2,incorporated,alternate_wetting_drying,IR64,2024-07-14,2024-11-15,6.242,7.3,334.6
511,Mekong Delta,10.363306,105.673355,0.684,6.89,1.28,21.9,1769,27.3,0.415,0.327,69,2.2,123.6,incorporated,alternate_wetting_drying,Samba Mahsuri,2024-06-25,2024-10-09,4.375,6.946,297.4
512,Indo-Gangetic Plain,26.416828,82.149535,0.545,6.29,1.11,5.0,1498,25.1,0.83,0.765,31,1.3,130.1,incorporated,alternate_wetting_drying,Samba Mahsuri,2024-07-09,2024-11-06,6.273,7.631,327.7
513,Eastern UP,25.854368,82.667157,1.929,7.23,1.66,49.9,1061,28.5,0.508,0.418,8,6.7,77.6,removed,flood,Samba Mahsuri,2024-06-15,2024-09-22,4.723,7.45,262.2
514,Eastern UP,25.891143,82.541762,1.071,6.64,1.01,8.3,944,30.6,0.822,0.766,61,1.5,139.2,removed,alternate_wetting_drying,IR64,2024-07-07,2024-10-25,6.235,7.311,191.8
515,Indo-Gangetic Plain,26.015747,82.72868,1.132,6.63,0.9,9.3,1041,26.1,0.672,0.516,49,5.6,103.5,removed,drip,Samba Mahsuri,2024-06-17,2024-10-06,5.164,6.541,137.4
516,Coastal Andhra,16.820565,81.173429,1.842,5.85,1.89,46.5,1356,21.8,0.583,0.452,34,8.8,110.6,removed,flood,Samba Mahsuri,2024-06-27,2024-11-07,4.694,8.879,324.8
517,Indo-Gangetic Plain,26.426448,81.544475,1.256,6.95,1.95,27.0,1142,22.1,0.653,0.55,60,2.9,74.8,mulched,alternate_wetting_drying,Swarna,2024-06-20,2024-10-16,5.81,8.911,190.9
518,Coastal Andhra,16.461368,80.776921,0.968,6.5,1.02,14.7,877,28.8,0.834,0.837,36,7.2,88.9,incorporated,flood,Swarna,2024-06-23,2024-09-29,6.562,6.553,391.7
519,Coastal Andhra,15.825451,80.862471,0.862,6.5,1.13,23.8,1322,24.7,0.762,0.64,37,9.8,144.5,incorporated,flood,MTU1010,2024-07-14,2024-10-22,5.674,6.776,437.4
520,Eastern UP,26.598237,83.064966,0.476,6.32,1.39,25.7,826,22.9,0.561,0.421,84,7.7,127.0,incorporated,flood,Naveen,2024-07-04,2024-11-06,5.198,8.077,384.4
521,Terai Nepal,27.464486,84.294575,1.542,6.4,1.3,27.0,1642,27.2,0.685,0.648,43,9.4,105.0,removed,drip,Swarna,2024-06-24,2024-10-03,5.664,6.504,204.2
522,Terai Nepal,27.498739,84.511609,0.674,6.46,0.41,28.7,865,26.3,0.605,0.491,31,3.2,140.3,removed,flood,IR64,2024-07-07,2024-10-16,5.166,4.156,212.4
523,Mekong Delta,9.844658,105.653271,0.839,5.82,1.32,24.0,1405,29.2,0.607,0.49,35,6.9,98.2,incorporated,flood,IR64,2024-06-28,2024-10-11,4.702,5.857,443.8
524,Coastal Andhra,16.255901,80.9691,1.48,5.71,1.7,19.7,1155,23.7,0.649,0.565,43,9.4,96.2,incorporated,flood,Naveen,2024-06-27,2024-10-31,5.272,8.238,407.4
525,Eastern UP,25.957946,83.194821,2.824,6.7,0.71,16.0,1417,24.6,0.674,0.591,18,7.5,114.7,incorporated,alternate_wetting_drying,Samba Mahsuri,2024-06-21,2024-10-06,5.472,4.724,357.1
526,Terai Nepal,27.39918,84.080641,0.493,6.09,0.86,21.3,922,25.7,0.468,0.341,42,0.0,60.8,removed,flood,Naveen,2024-07-08,2024-10-31,4.149,4.794,218.4
527,Terai Nepal,26.786056,83.779728,1.564,6.02,1.4,26.1,1158,30.2,0.578,0.459,0,5.3,81.0,removed,alternate_wetting_drying,Naveen,2024-06-23,2024-10-18,4.556,6.365,202.1
528,Eastern UP,25.868801,82.845993,1.281,5.41,1.88,25.5,1289,27.5,0.588,0.453,45,0.0,86.2,incorporated,flood,MTU1010,2024-07-02,2024-10-16,5.253,8.238,339.4
529,Eastern UP,25.108008,82.620309,0.78,6.67,1.34,23.3,1390,24.4,0.723,0.599,54,4.5,154.1,incorporated,flood,IR64,2024-07-09,2024-10-27,6.251,7.435,443.7
530,Mekong Delta,9.86726,106.04635,4.084,8.15,1.08,26.1,1395,31.2,0.657,0.607,26,8.5,111.7,removed,flood,IR64,2024-07-03,2024-10-18,5.454,6.084,296.9
531,Mekong Delta,10.007516,105.476201,1.827,5.91,1.58,21.2,1537,23.2,0.704,0.616,27,7.3,84.8,incorporated,alternate_wetting_drying,Naveen,2024-07-09,2024-10-30,5.663,7.461,345.4
532,Eastern UP,25.845249,83.075979,1.509,6.12,0.79,37.1,1232,21.3,0.796,0.726,46,6.1,38.1,incorporated,alternate_wetting_drying,Naveen,2024-07-02,2024-10-07,5.825,6.51,316.5
533,Terai Nepal,27.714816,84.3707,3.135,5.59,1.09,16.6,1759,28.2,0.757,0.633,54,2.4,74.4,removed,flood,Naveen,2024-07-05,2024-10-25,5.946,7.602,290.6
534,Coastal Andhra,16.648817,81.122778,0.426,6.51,0.55,29.3,1235,27.5,0.523,0.36,49,2.3,110.3,incorporated,alternate_wetting_drying,Naveen,2024-07-05,2024-11-01,5.353,4.064,270.4
535,Coastal Andhra,16.881309,81.101878,1.021,6.77,1.94,29.1,990,23.0,0.516,0.413,28,5.6,70.6,removed,flood,Naveen,2024-06-24,2024-11-04,4.887,7.688,236.4
536,Mekong Delta,9.591407,106.231301,0.7,6.75,1.1,26.8,1162,29.4,0.763,0.657,22,3.3,34.8,incorporated,flood,IR64,2024-07-01,2024-10-17,5.18,7.271,312.5
537,Coastal Andhra,16.105817,81.279362,0.851,6.17,2.01,22.0,1375,27.1,0.487,0.48,57,10.1,101.0,incorporated,flood,IR64,2024-07-11,2024-10-25,5.038,9.157,413.7
538,Eastern UP,25.825549,82.722307,0.246,6.21,1.17,17.2,1119,26.4,0.634,0.587,17,5.1,38.3,incorporated,alternate_wetting_drying,Swarna,2024-07-02,2024-10-13,5.149,5.827,253.4
539,Terai Nepal,27.599123,84.165319,0.504,6.7,2.77,40.4,1007,27.3,0.646,0.523,34,4.2,64.4,mulched,alternate_wetting_drying,IR64,2024-07-15,2024-11-02,5.439,11.358,145.3
540,Eastern UP,25.860013,82.889448,2.646,6.55,1.34,25.6,999,21.6,0.742,0.609,44,1.7,153.7,removed,alternate_wetting_drying,Samba Mahsuri,2024-07-01,2024-11-02,6.633,8.112,180.3
541,Indo-Gangetic Plain,26.610165,82.016874,0.808,5.75,0.77,15.9,1686,25.1,0.657,0.509,49,1.7,124.5,incorporated,flood,MTU1010,2024-07-08,2024-11-10,5.711,4.297,478.8
542,Eastern UP,26.334342,83.337222,0.66,7.21,2.13,39.9,874,23.7,0.706,0.532,50,4.3,86.8,removed,drip,Samba Mahsuri,2024-07-15,2024-11-02,5.559,9.832,205.3
543,Coastal Andhra,16.480364,81.548863,1.576,6.76,1.08,30.0,1160,25.0,0.637,0.473,58,7.3,90.1,incorporated,flood,Swarna,2024-06-15,2024-10-01,4.834,6.458,404.9
544,Coastal Andhra,16.780401,81.249183,2.856,7.11,0.9,44.6,1063,27.5,0.695,0.571,64,2.7,114.9,removed,flood,IR64,2024-07-10,2024-10-31,5.324,6.458,270.1
545,Coastal Andhra,17.140596,81.099037,1.015,6.29,0.88,17.7,1042,23.6,0.556,0.358,63,7.8,131.2,mulched,alternate_wetting_drying,Naveen,2024-07-23,2024-10-28,4.602,5.351,258.1
546,Indo-Gangetic Plain,26.497195,81.832475,2.224,7.21,2.0,31.3,1543,26.4,0.773,0.636,58,0.3,76.4,removed,alternate_wetting_drying,Swarna,2024-07-04,2024-11-06,5.831,10.092,198.1
547,Eastern UP,25.855927,83.416959,0.892,7.11,1.26,23.3,1047,20.0,0.715,0.667,9,5.7,126.0,mulched,drip,Swarna,2024-06-18,2024-10-21,6.135,7.128,218.6
548,Terai Nepal,27.521641,84.69442,1.962,6.53,0.85,23.9,1244,30.7,0.797,0.675,89,0.0,106.2,removed,alternate_wetting_drying,MTU1010,2024-07-17,2024-10-30,6.282,7.205,207.2
549,Indo-Gangetic Plain,26.377522,81.788787,4.841,6.43,1.08,5.0,1189,23.6,0.583,0.584,75,0.6,22.1,incorporated,alternate_wetting_drying,MTU1010,2024-06-25,2024-10-04,5.187,6.43,218.8
550,Mekong Delta,10.003314,105.150575,0.643,6.77,1.25,36.3,1716,23.2,0.6,0.494,54,8.0,115.5,removed,flood,Samba Mahsuri,2024-07-16,2024-11-14,5.049,5.88,323.5
551,Indo-Gangetic Plain,26.416714,82.010582,0.79,6.41,0.96,24.0,1063,28.3,0.748,0.667,24,7.1,96.5,incorporated,alternate_wetting_drying,Samba Mahsuri,2024-07-01,2024-10-16,5.811,5.265,311.2
552,Indo-Gangetic Plain,26.345368,82.007981,2.24,6.45,1.5,23.1,1379,27.5,0.602,0.489,31,0.9,89.3,incorporated,drip,Samba Mahsuri,2024-06-22,2024-10-03,4.872,6.559,154.4
553,Terai Nepal,26.996149,83.637509,1.092,7.27,1.39,25.2,1194,25.2,0.585,0.463,10,6.8,76.4,removed,alternate_wetting_drying,IR64,2024-07-13,2024-11-09,5.415,5.54,252.6
554,Eastern UP,25.777447,82.885469,1.739,6.76,0.91,9.9,2186,26.6,0.611,0.505,38,5.4,135.0,incorporated,flood,Samba Mahsuri,2024-07-03,2024-10-12,4.928,6.114,436.8
555,Terai Nepal,27.605348,84.202794,0.754,5.36,1.09,22.6,1181,26.9,0.59,0.517,52,2.5,86.7,mulched,flood,Swarna,2024-06-29,2024-10-24,5.054,7.075,346.0
556,Coastal Andhra,16.436354,80.911698,1.945,6.24,1.39,5.0,1417,33.5,0.649,0.562,33,6.7,79.4,incorporated,alternate_wetting_drying,Naveen,2024-07-11,2024-11-01,5.208,7.532,256.9
557,Indo-Gangetic Plain,26.53875,81.884999,0.677,6.14,1.61,43.3,1241,22.0,0.718,0.638,17,2.6,63.5,mulched,drip,Naveen,2024-06-20,2024-10-16,5.95,8.531,188.9
558,Indo-Gangetic Plain,26.935578,81.715741,2.59,6.45,1.79,36.3,1329,28.3,0.701,0.701,47,1.7,96.0,incorporated,flood,IR64,2024-06-23,2024-10-12,5.954,9.071,351.6
559,Coastal Andhra,16.346743,81.628145,1.275,7.15,1.3,22.2,1058,24.5,0.782,0.703,58,3.4,52.1,removed,flood,IR64,2024-07-10,2024-11-24,5.566,8.667,216.2
560,Indo-Gangetic Plain,27.426194,82.127275,0.431,6.37,1.14,18.9,1221,25.4,0.69,0.685,73,0.3,80.8,removed,drip,Naveen,2024-06-27,2024-10-10,5.427,7.47,153.0
561,Coastal Andhra,16.643277,80.924822,0.98,6.52,1.03,34.0,1265,29.3,0.612,0.446,40,2.1,166.2,removed,drip,MTU1010,2024-06-16,2024-10-06,5.492,4.971,171.7
562,Terai Nepal,27.528588,84.466714,3.002,6.94,1.23,21.0,1415,26.6,0.579,0.584,42,8.3,134.1,incorporated,flood,Swarna,2024-07-05,2024-11-10,5.58,6.581,463.2
563,Eastern UP,26.173135,82.955265,1.266,7.1,0.25,28.7,1732,26.1,0.501,0.42,7,5.7,87.4,mulched,flood,Naveen,2024-07-08,2024-10-09,4.58,3.328,385.8
564,Terai Nepal,27.739356,83.933393,2.241,6.01,1.2,9.8,1331,28.1,0.715,0.59,42,0.6,124.7,removed,drip,IR64,2024-07-04,2024-11-12,5.581,6.988,210.0
565,Eastern UP,26.037511,83.068135,2.19,6.6,1.8,38.5,1022,23.4,0.733,0.617,18,3.0,66.2,incorporated,alternate_wetting_drying,Naveen,2024-07-06,2024-10-27,5.986,7.939,257.5
566,Indo-Gangetic Plain,26.395738,82.131632,0.472,5.93,0.97,17.2,942,29.8,0.452,0.343,57,3.5,82.1,incorporated,alternate_wetting_drying,Swarna,2024-07-04,2024-10-31,4.072,4.887,202.8
567,Coastal Andhra,16.26815,81.165801,0.996,7.67,0.59,26.3,1194,26.7,0.637,0.543,66,6.8,104.7,removed,flood,Samba Mahsuri,2024-06-05,2024-09-26,5.369,5.589,299.1
568,Terai Nepal,27.582444,83.887928,2.745,6.03,2.06,25.9,1501,34.7,0.672,0.576,18,4.6,53.7,incorporated,alternate_wetting_drying,IR64,2024-07-03,2024-10-28,5.57,9.279,261.8
569,Terai Nepal,27.070666,83.978991,0.992,5.99,1.16,18.9,649,25.9,0.514,0.402,28,8.3,146.1,mulched,alternate_wetting_drying,Samba Mahsuri,2024-07-11,2024-11-03,4.932,4.697,280.3
570,Terai Nepal,27.169255,84.103918,2.412,6.5,1.66,29.6,1342,26.2,0.748,0.603,64,4.1,124.5,incorporated,flood,Naveen,2024-07-08,2024-11-12,6.062,10.465,438.8
571,Indo-Gangetic Plain,26.693679,82.211189,2.083,6.75,1.26,31.6,1036,23.5,0.737,0.575,17,7.5,148.8,incorporated,flood,MTU1010,2024-07-04,2024-10-30,5.55,7.872,453.5
572,Indo-Gangetic Plain,26.829965,81.971748,1.251,7.22,0.75,31.1,864,29.3,0.615,0.505,36,7.1,83.9,incorporated,alternate_wetting_drying,Naveen,2024-07-26,2024-12-02,5.07,5.853,301.0
573,Indo-Gangetic Plain,26.828395,81.974931,2.201,5.05,1.88,33.9,873,27.6,0.407,0.345,72,5.0,87.6,mulched,flood,IR64,2024-07-05,2024-10-27,4.002,8.068,343.1
574,Terai Nepal,27.58976,83.812921,1.284,6.3,1.03,25.8,1212,28.9,0.636,0.553,40,2.9,77.4,incorporated,flood,Samba Mahsuri,2024-07-25,2024-11-20,4.93,5.586,357.7
575,Coastal Andhra,16.689775,80.827139,0.313,5.91,1.08,50.8,1362,22.5,0.567,0.47,51,1.1,85.3,incorporated,flood,IR64,2024-06-27,2024-09-25,4.87,5.854,367.6
576,Mekong Delta,9.71385,105.339873,0.701,6.37,0.2,17.0,1388,23.9,0.77,0.626,68,5.0,86.7,incorporated,alternate_wetting_drying,MTU1010,2024-07-08,2024-11-09,6.033,4.567,282.9
577,Eastern UP,25.683818,83.218032,0.813,6.38,2.05,36.2,1612,25.2,0.317,0.237,9,0.0,129.5,removed,flood,MTU1010,2024-06-26,2024-10-23,4.221,6.861,276.5
578,Terai Nepal,27.920132,83.975873,1.068,6.26,1.38,40.1,831,27.5,0.671,0.661,22,3.0,116.7,removed,flood,Samba Mahsuri,2024-07-14,2024-10-25,5.332,6.874,248.5
579,Mekong Delta,10.061045,105.076759,1.513,7.84,0.54,22.2,442,26.2,0.727,0.591,46,7.7,179.1,mulched,flood,Samba Mahsuri,2024-07-22,2024-11-22,6.27,5.076,328.2
580,Indo-Gangetic Plain,26.808819,81.858528,1.884,6.62,0.72,24.1,542,25.1,0.461,0.261,5,12.8,108.0,removed,alternate_wetting_drying,Samba Mahsuri,2024-06-29,2024-10-22,3.893,3.94,250.5
581,Mekong Delta,10.015737,105.543031,1.722,6.39,0.68,26.8,1851,27.0,0.544,0.468,48,4.2,75.7,incorporated,drip,MTU1010,2024-07-18,2024-11-01,4.597,5.754,186.2
582,Terai Nepal,27.598073,83.969578,1.152,6.99,2.04,27.5,1396,27.8,0.772,0.695,71,8.3,127.9,mulched,flood,Naveen,2024-06-28,2024-11-02,5.99,9.909,420.8
583,Indo-Gangetic Plain,26.963062,81.644385,1.357,6.07,0.77,30.0,1427,25.0,0.816,0.695,38,6.0,161.3,removed,drip,IR64,2024-07-12,2024-10-21,6.469,6.574,199.5
584,Coastal Andhra,16.431994,80.681028,1.389,6.24,0.45,18.0,1092,29.8,0.472,0.355,100,4.5,82.9,incorporated,alternate_wetting_drying,IR64,2024-07-12,2024-12-09,4.262,5.421,329.2
585,Indo-Gangetic Plain,26.455037,82.333688,1.613,5.8,1.13,45.2,1233,26.2,0.709,0.571,33,6.5,78.5,removed,alternate_wetting_drying,MTU1010,2024-07-12,2024-11-21,5.53,6.261,170.3
586,Coastal Andhra,15.973077,81.330441,0.889,5.66,1.17,39.9,1094,26.3,0.825,0.725,14,7.1,129.4,removed,flood,Swarna,2024-07-02,2024-10-25,6.215,6.881,302.6
587,Indo-Gangetic Plain,26.392726,81.735875,1.686,7.24,0.76,23.8,871,28.0,0.677,0.606,42,7.6,33.7,incorporated,drip,Swarna,2024-06-22,2024-11-06,5.346,5.583,256.9
588,Mekong Delta,9.389229,105.33716,0.383,6.3,0.21,16.3,743,28.0,0.65,0.535,42,0.8,108.0,removed,alternate_wetting_drying,Samba Mahsuri,2024-07-24,2024-11-26,5.199,3.708,201.3
589,Coastal Andhra,16.734009,81.26335,1.468,7.34,1.31,18.9,796,27.3,0.61,0.47,84,1.9,59.0,incorporated,flood,IR64,2024-07-04,2024-11-01,5.267,6.561,315.4
590,Mekong Delta,10.068796,105.096275,0.438,5.64,1.01,37.7,892,30.6,0.672,0.547,56,6.8,75.6,removed,flood,Swarna,2024-06-12,2024-10-21,5.351,6.054,231.0
591,Terai Nepal,27.673813,84.264396,0.824,6.92,0.46,18.1,772,26.5,0.593,0.513,65,5.3,118.0,incorporated,alternate_wetting_drying,Swarna,2024-07-21,2024-11-26,5.412,5.5,281.5
592,Mekong Delta,10.436698,105.384245,0.4,6.34,1.6,31.5,1007,24.6,0.486,0.387,48,7.1,84.8,mulched,alternate_wetting_drying,Naveen,2024-07-03,2024-11-18,4.648,7.136,238.8
593,Terai Nepal,27.109007,83.864512,0.68,6.58,0.74,18.3,929,26.4,0.659,0.569,83,7.4,62.6,removed,flood,Swarna,2024-07-08,2024-11-22,5.193,6.549,312.3
594,Eastern UP,26.388545,83.121482,0.738,6.09,1.54,35.4,1365,31.7,0.846,0.724,24,1.1,76.4,incorporated,alternate_wetting_drying,IR64,2024-07-12,2024-11-17,6.083,7.167,274.4
595,Eastern UP,25.917835,83.516351,2.208,5.54,1.11,15.6,1324,26.9,0.544,0.359,46,3.8,81.1,incorporated,alternate_wetting_drying,IR64,2024-07-21,2024-11-26,5.007,4.982,331.2
596,Eastern UP,25.801052,82.539644,0.947,6.79,1.05,5.0,1424,23.0,0.599,0.412,46,8.2,102.1,incorporated,drip,Samba Mahsuri,2024-06-24,2024-10-04,5.21,6.401,249.2
597,Indo-Gangetic Plain,26.703498,81.875771,0.61,6.69,1.19,28.2,860,27.8,0.748,0.724,81,5.8,119.8,removed,alternate_wetting_drying,IR64,2024-06-22,2024-10-25,6.087,8.562,167.5
598,Coastal Andhra,16.712911,81.17997,1.153,5.91,1.38,50.4,1226,26.3,0.787,0.636,55,4.1,130.1,removed,alternate_wetting_drying,MTU1010,2024-07-06,2024-10-13,6.302,8.115,242.8
599,Eastern UP,26.730798,82.817308,0.893,6.55,0.67,20.0,1750,27.9,0.768,0.59,50,4.3,39.8,removed,flood,MTU1010,2024-07-01,2024-10-12,5.666,5.13,258.1
600,Eastern UP,26.100965,83.201532,1.991,6.31,1.82,35.4,1163,29.3,0.799,0.659,24,4.7,106.6,removed,flood,Samba Mahsuri,2024-07-07,2024-10-26,6.362,9.055,261.7
601,Indo-Gangetic Plain,26.955394,81.78061,2.321,6.11,0.58,17.0,1239,29.6,0.687,0.595,19,7.1,123.7,incorporated,flood,Samba Mahsuri,2024-07-07,2024-10-08,5.997,4.817,390.7
602,Coastal Andhra,16.727128,80.682826,0.734,7.26,1.55,27.9,1483,29.5,0.741,0.652,23,3.0,139.4,mulched,flood,Samba Mahsuri,2024-06-22,2024-10-03,6.122,7.414,322.3
603,Mekong Delta,10.060747,105.444676,0.455,6.49,1.54,28.2,768,30.1,0.848,0.753,102,2.5,45.5,removed,flood,Swarna,2024-06-24,2024-10-14,5.988,8.938,241.4
604,Indo-Gangetic Plain,26.443321,82.085044,1.944,6.22,0.99,24.6,941,27.0,0.655,0.544,55,0.2,45.0,removed,alternate_wetting_drying,MTU1010,2024-06-23,2024-10-09,4.935,6.94,209.9
605,Indo-Gangetic Plain,26.759402,82.08663,0.908,7.24,0.69,15.0,1171,21.5,0.525,0.437,33,2.0,161.2,incorporated,alternate_wetting_drying,Naveen,2024-07-18,2024-11-29,4.773,4.234,294.2
606,Coastal Andhra,16.92009,80.765061,0.609,6.48,1.28,19.6,955,25.0,0.644,0.515,43,4.6,28.4,removed,flood,Naveen,2024-07-13,2024-11-22,4.485,7.739,276.8
607,Mekong Delta,9.87883,105.756721,0.964,6.43,1.57,21.7,1178,26.1,0.639,0.555,31,2.9,84.0,removed,alternate_wetting_drying,IR64,2024-07-15,2024-10-27,5.174,7.297,190.6
608,Terai Nepal,27.604429,83.88261,1.153,7.47,0.85,25.6,1625,27.7,0.457,0.332,15,9.2,61.2,incorporated,alternate_wetting_drying,IR64,2024-08-03,2024-11-04,3.997,5.378,327.1
609,Coastal Andhra,16.467942,81.546558,0.976,6.73,1.42,15.3,1316,32.5,0.786,0.728,103,7.1,104.8,incorporated,drip,MTU1010,2024-07-04,2024-11-07,6.541,8.922,259.8
610,Mekong Delta,9.812461,105.815827,1.475,7.12,0.6,35.0,510,24.2,0.726,0.651,34,5.3,139.8,removed,alternate_wetting_drying,IR64,2024-06-15,2024-10-20,5.668,5.881,219.6
611,Coastal Andhra,16.624004,81.101651,3.042,6.2,0.2,33.8,1304,30.2,0.544,0.457,35,7.8,112.8,removed,alternate_wetting_drying,Samba Mahsuri,2024-07-07,2024-11-07,4.955,3.473,229.4
612,Coastal Andhra,16.479483,81.348136,4.152,7.06,1.17,26.0,725,29.5,0.758,0.644,62,0.0,52.1,mulched,flood,Samba Mahsuri,2024-07-23,2024-11-05,5.995,7.112,255.9
613,Mekong Delta,10.244536,105.955835,1.314,7.15,1.8,14.7,678,25.8,0.662,0.621,80,10.8,96.3,removed,alternate_wetting_drying,IR64,2024-06-25,2024-10-01,5.794,8.791,222.1
614,Indo-Gangetic Plain,26.689846,81.847063,0.628,6.95,1.26,5.0,1498,27.2,0.742,0.654,85,3.9,0.0,incorporated,drip,MTU1010,2024-06-26,2024-10-02,5.5,7.731,183.5
615,Indo-Gangetic Plain,26.53791,81.6349,0.759,6.78,0.91,23.6,1635,26.1,0.893,0.756,21,3.6,45.8,incorporated,alternate_wetting_drying,Naveen,2024-07-11,2024-10-21,5.995,6.214,299.0
616,Terai Nepal,27.672653,83.50103,4.406,5.51,1.28,23.5,1167,29.2,0.565,0.487,16,8.4,99.3,incorporated,alternate_wetting_drying,Swarna,2024-07-11,2024-11-10,5.34,6.466,321.7
617,Eastern UP,26.389382,83.193825,1.86,6.93,1.12,28.2,874,30.2,0.316,0.22,73,0.9,104.0,mulched,alternate_wetting_drying,Naveen,2024-06-28,2024-11-04,3.539,6.747,212.1
618,Mekong Delta,9.899468,105.593192,2.193,5.9,0.72,26.4,1175,28.9,0.651,0.464,5,7.5,97.0,incorporated,flood,Swarna,2024-06-20,2024-10-07,5.405,5.387,371.8
619,Mekong Delta,9.936893,105.403676,0.967,6.63,1.91,22.0,1251,28.8,0.716,0.647,47,6.6,50.5,incorporated,alternate_wetting_drying,Swarna,2024-07-17,2024-11-07,5.766,9.291,279.5
620,Mekong Delta,9.608153,105.538809,0.526,7.05,1.49,30.6,803,26.6,0.603,0.498,58,3.5,73.3,removed,flood,MTU1010,2024-07-11,2024-11-18,4.878,8.366,277.1
621,Mekong Delta,9.528036,105.163974,2.493,7.55,0.81,20.4,849,22.5,0.736,0.625,45,0.8,147.4,removed,alternate_wetting_drying,Samba Mahsuri,2024-06-29,2024-10-15,5.715,6.367,229.8
622,Eastern UP,26.396968,83.220572,1.382,6.86,1.17,26.8,1378,21.8,0.759,0.617,25,8.7,12.4,removed,alternate_wetting_drying,Swarna,2024-07-08,2024-11-01,5.415,6.849,225.2
623,Terai Nepal,27.034914,83.811832,1.279,6.44,1.85,17.7,1155,28.3,0.617,0.468,17,0.4,80.0,incorporated,drip,IR64,2024-07-04,2024-11-03,5.184,9.299,229.1
624,Coastal Andhra,16.025528,81.299339,2.683,5.67,0.68,27.6,1173,30.0,0.628,0.487,83,2.4,116.2,incorporated,flood,Swarna,2024-06-30,2024-10-19,5.454,6.266,409.7
625,Eastern UP,26.032028,82.298092,1.534,6.58,0.94,39.3,413,27.0,0.794,0.687,79,3.6,84.1,incorporated,flood,IR64,2024-07-17,2024-11-22,6.381,7.922,294.0
626,Terai Nepal,27.49995,83.765347,0.978,6.98,0.59,23.1,1516,25.7,0.826,0.804,90,5.1,43.5,removed,flood,Naveen,2024-07-13,2024-11-01,6.192,6.706,257.8
627,Eastern UP,26.065495,83.302049,2.736,6.56,0.91,39.6,1228,26.6,0.682,0.524,44,8.0,82.7,incorporated,flood,Samba Mahsuri,2024-07-11,2024-11-21,5.424,5.708,412.8
628,Terai Nepal,27.651791,84.039446,1.903,5.46,1.27,29.0,903,28.3,0.374,0.281,80,4.6,64.8,mulched,flood,MTU1010,2024-07-04,2024-10-12,3.791,6.232,354.5
629,Eastern UP,25.58059,83.214387,0.5,6.78,0.68,23.5,1181,26.6,0.572,0.551,45,6.7,113.8,mulched,alternate_wetting_drying,Samba Mahsuri,2024-07-05,2024-10-10,4.768,5.644,263.2
630,Coastal Andhra,15.785634,81.013337,0.54,5.37,0.82,13.5,1558,27.2,0.409,0.293,19,5.2,103.8,mulched,alternate_wetting_drying,IR64,2024-06-27,2024-10-26,4.374,5.435,286.8
631,Eastern UP,26.143578,82.792122,0.921,6.16,0.96,16.7,968,28.3,0.441,0.332,57,0.9,87.3,incorporated,alternate_wetting_drying,Swarna,2024-06-25,2024-10-23,4.417,5.563,309.8
632,Eastern UP,25.919578,82.961994,0.926,5.63,1.48,12.6,1022,25.6,0.769,0.673,0,2.3,35.3,incorporated,flood,Samba Mahsuri,2024-07-10,2024-10-28,5.811,7.295,321.7
633,Mekong Delta,9.803704,105.363006,2.37,5.48,1.39,15.7,1074,28.8,0.468,0.382,41,4.9,86.4,incorporated,flood,Samba Mahsuri,2024-07-10,2024-11-14,4.764,6.309,342.5
634,Mekong Delta,10.698536,105.363222,2.284,6.67,0.91,19.9,1341,26.3,0.663,0.529,107,5.1,50.5,incorporated,flood,Samba Mahsuri,2024-07-08,2024-10-16,4.922,7.339,385.3
635,Coastal Andhra,16.452686,81.635235,2.253,7.41,1.69,31.9,1609,27.1,0.722,0.622,27,6.6,96.9,mulched,alternate_wetting_drying,Samba Mahsuri,2024-07-17,2024-10-29,5.363,7.944,299.5
636,Indo-Gangetic Plain,26.209596,82.344341,0.859,6.81,1.53,36.3,1139,32.0,0.579,0.468,51,1.6,80.0,mulched,drip,IR64,2024-07-06,2024-10-12,5.1,7.728,201.8
637,Coastal Andhra,16.455886,81.279309,0.773,5.9,0.27,19.2,1626,23.3,0.745,0.601,106,8.1,123.4,mulched,flood,Naveen,2024-07-08,2024-11-07,5.87,5.233,388.9
638,Eastern UP,25.96385,82.583814,2.303,7.36,1.65,23.4,1513,35.0,0.664,0.629,30,6.9,33.8,incorporated,alternate_wetting_drying,IR64,2024-07-06,2024-11-05,4.883,7.5,290.7
639,Terai Nepal,26.995448,83.630697,0.719,6.84,0.5,15.9,859,27.9,0.786,0.678,94,5.5,86.7,removed,alternate_wetting_drying,IR64,2024-06-27,2024-10-15,5.352,6.027,204.9
640,Indo-Gangetic Plain,26.762925,82.160234,1.474,6.64,1.17,29.8,1261,25.8,0.723,0.609,75,0.0,91.3,mulched,flood,Naveen,2024-06-27,2024-10-27,5.866,8.109,299.0
641,Terai Nepal,28.159245,84.36059,1.272,6.24,1.45,32.7,1276,24.5,0.625,0.521,52,5.9,115.6,incorporated,alternate_wetting_drying,Swarna,2024-07-18,2024-11-19,5.407,7.548,312.9
642,Indo-Gangetic Plain,26.60708,81.803982,0.781,6.33,1.66,22.3,1183,27.6,0.653,0.502,26,5.3,106.6,mulched,alternate_wetting_drying,MTU1010,2024-06-18,2024-10-01,5.326,7.993,223.2
643,Terai Nepal,27.956734,84.1313,0.693,5.91,1.63,28.6,1182,27.4,0.703,0.584,7,8.7,134.9,incorporated,alternate_wetting_drying,Naveen,2024-07-23,2024-11-09,5.456,8.128,329.9
644,Coastal Andhra,16.815429,81.174614,0.926,6.54,0.88,25.2,990,28.5,0.799,0.674,42,8.0,90.7,incorporated,drip,MTU1010,2024-07-14,2024-10-18,5.605,7.053,236.1
645,Coastal Andhra,16.670278,81.090728,3.511,6.57,1.15,21.5,792,26.8,0.693,0.599,50,3.0,46.4,removed,alternate_wetting_drying,MTU1010,2024-07-03,2024-11-18,5.914,6.952,141.8
646,Coastal Andhra,16.657783,81.478517,0.473,6.62,1.11,41.8,1478,25.4,0.695,0.586,56,1.9,102.6,removed,alternate_wetting_drying,IR64,2024-07-02,2024-10-19,5.269,6.942,227.6
647,Mekong Delta,10.175004,105.401859,5.614,5.59,1.08,17.3,1315,22.1,0.802,0.652,51,4.1,115.1,incorporated,alternate_wetting_drying,Samba Mahsuri,2024-07-08,2024-11-03,6.285,8.234,287.1
648,Eastern UP,25.726465,83.077826,0.84,6.33,1.71,34.1,900,24.4,0.601,0.502,28,8.1,102.2,incorporated,flood,IR64,2024-07-09,2024-10-25,5.385,8.399,414.5
649,Indo-Gangetic Plain,26.5874,82.785182,0.499,6.57,0.98,27.3,1725,31.5,0.657,0.513,50,1.8,90.5,removed,flood,Swarna,2024-06-29,2024-10-22,5.067,6.506,293.7
650,Indo-Gangetic Plain,26.508874,81.944224,1.535,6.72,0.77,38.2,1248,30.3,0.581,0.571,80,7.2,130.9,removed,flood,Naveen,2024-07-17,2024-11-10,5.152,6.111,340.6
651,Coastal Andhra,16.499606,81.867362,0.686,6.71,0.71,16.4,946,32.5,0.62,0.555,44,4.3,118.4,incorporated,flood,IR64,2024-06-15,2024-09-17,4.731,5.467,383.9
652,Terai Nepal,27.477775,84.427112,0.624,6.64,0.76,7.8,1376,28.7,0.716,0.682,47,6.8,123.3,incorporated,alternate_wetting_drying,MTU1010,2024-07-11,2024-11-01,5.5,5.291,300.9
653,Mekong Delta,9.698333,105.389893,0.192,6.74,0.88,36.1,1317,29.8,0.52,0.368,97,7.3,117.7,mulched,drip,IR64,2024-07-06,2024-10-05,5.124,6.832,232.0
654,Coastal Andhra,16.331372,81.697826,2.334,6.04,0.91,46.4,893,25.2,0.598,0.566,31,3.4,58.4,incorporated,flood,Naveen,2024-07-18,2024-10-21,5.043,5.532,328.3
655,Coastal Andhra,15.948109,80.820533,1.263,5.94,0.2,38.5,1416,28.3,0.577,0.456,27,5.6,57.8,removed,alternate_wetting_drying,IR64,2024-07-20,2024-11-02,4.394,3.227,198.0
656,Coastal Andhra,16.56991,80.827398,2.01,6.63,1.82,20.9,1334,29.0,0.702,0.517,3,5.5,75.8,incorporated,alternate_wetting_drying,MTU1010,2024-06-30,2024-10-22,5.569,9.12,287.9
657,Coastal Andhra,16.060158,81.766792,1.917,5.37,1.61,32.9,1624,25.4,0.75,0.662,31,2.4,23.4,incorporated,flood,MTU1010,2024-07-10,2024-11-05,5.578,8.872,337.4
658,Eastern UP,26.293671,83.25322,0.688,6.41,0.75,16.2,400,24.5,0.629,0.671,10,6.8,40.6,incorporated,flood,IR64,2024-07-03,2024-11-12,4.523,5.218,359.6
659,Coastal Andhra,16.688754,80.711272,2.799,6.79,2.85,45.8,1196,31.5,0.752,0.64,3,0.7,90.2,mulched,flood,Swarna,2024-06-30,2024-10-14,6.42,11.932,320.1
660,Mekong Delta,9.755649,105.307446,2.218,6.89,1.01,8.7,979,31.9,0.766,0.595,51,3.9,121.7,removed,flood,IR64,2024-07-17,2024-11-14,6.196,7.328,279.1
661,Mekong Delta,10.164583,105.327679,0.828,6.13,0.63,34.0,1051,29.8,0.714,0.615,65,2.2,62.7,incorporated,flood,Swarna,2024-07-12,2024-11-11,5.211,5.623,350.7
662,Terai Nepal,27.668628,84.117052,1.447,6.73,1.34,24.5,1653,23.7,0.773,0.631,62,8.4,86.8,removed,flood,Samba Mahsuri,2024-06-16,2024-09-14,5.371,8.281,357.1
663,Terai Nepal,27.517973,84.248167,1.965,5.1,1.54,27.1,1031,24.8,0.643,0.531,54,4.4,1.7,incorporated,flood,Swarna,2024-06-30,2024-10-30,4.897,8.122,309.3
664,Coastal Andhra,16.7083,81.514164,0.324,5.7,0.2,33.7,1261,30.5,0.654,0.441,21,3.9,104.4,incorporated,drip,MTU1010,2024-06-27,2024-10-16,5.17,3.507,235.4
665,Eastern UP,25.989925,82.965584,1.49,6.91,1.34,14.2,1297,28.6,0.599,0.591,74,5.3,0.0,incorporated,flood,Naveen,2024-07-25,2024-11-07,5.205,6.944,384.6
666,Terai Nepal,27.235105,83.987628,0.536,6.95,1.58,10.0,806,21.8,0.838,0.78,41,3.9,124.6,removed,alternate_wetting_drying,MTU1010,2024-07-11,2024-11-03,6.918,9.003,175.0
667,Indo-Gangetic Plain,26.924087,82.39635,1.087,4.95,1.32,26.0,894,24.9,0.531,0.417,24,5.5,173.2,removed,flood,MTU1010,2024-07-03,2024-10-01,4.854,7.024,303.6
668,Mekong Delta,9.95461,105.577006,0.675,6.25,1.26,25.5,1584,30.9,0.547,0.442,61,9.5,115.1,incorporated,alternate_wetting_drying,MTU1010,2024-07-07,2024-10-18,4.718,7.028,350.3
669,Coastal Andhra,16.502662,81.727182,0.749,6.34,0.75,36.6,1448,23.8,0.408,0.264,11,7.5,67.7,removed,alternate_wetting_drying,Samba Mahsuri,2024-07-11,2024-11-02,3.985,4.144,241.9
670,Coastal Andhra,16.852868,80.814688,1.236,5.86,1.17,22.7,1185,25.0,0.472,0.476,41,3.7,66.3,incorporated,flood,MTU1010,2024-07-18,2024-11-11,4.185,5.828,288.3
671,Terai Nepal,27.515558,84.033486,0.578,6.38,2.34,16.6,1237,21.8,0.633,0.587,36,6.3,50.6,removed,flood,IR64,2024-07-07,2024-10-19,5.068,10.454,290.2
672,Coastal Andhra,16.624748,80.749668,0.902,6.43,1.33,22.6,1512,27.3,0.703,0.633,56,10.8,108.4,mulched,flood,Naveen,2024-07-16,2024-11-01,5.911,7.746,375.7
673,Coastal Andhra,16.00125,81.146733,1.993,6.31,1.25,44.2,1143,26.6,0.673,0.561,48,6.2,48.3,incorporated,flood,Naveen,2024-07-03,2024-10-30,5.115,7.315,381.3
674,Indo-Gangetic Plain,26.467366,82.371904,0.427,6.17,1.41,28.0,1071,26.4,0.69,0.61,18,4.4,96.6,mulched,alternate_wetting_drying,MTU1010,2024-06-14,2024-10-02,5.671,8.441,215.9
675,Indo-Gangetic Plain,26.25713,82.570574,0.893,7.65,0.58,14.5,1097,26.8,0.761,0.638,34,4.6,78.8,incorporated,flood,Naveen,2024-06-25,2024-10-04,5.492,4.79,307.2
676,Mekong Delta,10.33529,105.650556,2.345,5.47,0.94,15.9,1567,26.0,0.751,0.625,23,3.2,135.3,removed,alternate_wetting_drying,IR64,2024-06-27,2024-10-20,6.044,6.199,248.2
677,Eastern UP,25.756803,82.718284,1.166,7.07,1.95,17.7,1845,24.5,0.78,0.716,23,2.8,88.2,removed,alternate_wetting_drying,Swarna,2024-07-10,2024-11-14,6.23,9.401,225.8
678,Mekong Delta,10.678771,105.348585,0.942,6.84,0.92,31.7,984,31.6,0.691,0.622,30,3.5,138.0,removed,flood,Naveen,2024-06-22,2024-09-20,5.504,5.609,320.5
679,Mekong Delta,9.335525,105.778891,1.322,6.18,1.65,28.0,814,28.5,0.815,0.722,43,5.3,47.4,incorporated,flood,IR64,2024-07-06,2024-10-19,5.936,8.578,333.5
680,Eastern UP,26.511087,82.729985,0.882,5.05,1.0,24.6,1330,25.7,0.738,0.605,33,2.1,92.3,removed,flood,MTU1010,2024-07-05,2024-10-30,5.801,5.671,277.2
681,Mekong Delta,10.014562,105.825235,0.865,6.41,1.6,22.6,1193,26.0,0.63,0.497,90,0.0,45.7,removed,alternate_wetting_drying,Naveen,2024-07-03,2024-10-23,5.062,8.465,204.2
682,Terai Nepal,27.278152,84.258083,0.598,5.84,0.94,26.8,865,26.9,0.598,0.44,32,5.1,95.8,incorporated,alternate_wetting_drying,Naveen,2024-06-30,2024-10-26,5.01,5.458,287.4
683,Indo-Gangetic Plain,26.869116,82.119245,2.081,7.64,0.68,36.7,936,25.2,0.649,0.581,24,4.8,78.3,removed,flood,Swarna,2024-06-28,2024-10-24,4.811,6.096,271.4
684,Indo-Gangetic Plain,26.285198,82.169424,0.719,6.73,0.6,24.8,1017,26.3,0.831,0.813,80,2.2,120.4,mulched,flood,Naveen,2024-07-15,2024-11-18,6.777,6.728,290.7
685,Mekong Delta,10.219696,105.52804,1.352,6.46,0.73,21.3,1159,20.7,0.661,0.444,34,5.1,60.6,mulched,flood,MTU1010,2024-06-24,2024-10-16,4.706,5.054,343.9
686,Mekong Delta,10.53538,105.739926,3.001,7.17,0.9,9.6,1061,27.2,0.787,0.69,119,3.7,110.7,incorporated,drip,Naveen,2024-06-29,2024-10-27,5.967,8.005,235.1
687,Terai Nepal,27.724484,84.096581,0.404,5.55,0.79,23.9,970,28.6,0.793,0.626,53,8.3,70.3,incorporated,flood,Samba Mahsuri,2024-07-03,2024-11-03,5.458,6.426,383.9
688,Eastern UP,26.364414,82.794902,2.565,6.23,1.17,27.2,1187,27.8,0.419,0.326,42,0.0,112.5,incorporated,alternate_wetting_drying,IR64,2024-06-25,2024-10-07,3.906,6.019,246.1
689,Coastal Andhra,16.475576,81.457048,0.897,7.19,1.32,27.7,1244,25.1,0.643,0.528,9,5.2,132.5,incorporated,alternate_wetting_drying,MTU1010,2024-07-09,2024-11-02,5.233,5.395,346.3
690,Coastal Andhra,16.268566,81.101079,1.211,7.26,1.57,47.2,899,29.9,0.755,0.661,20,3.2,66.8,incorporated,alternate_wetting_drying,Naveen,2024-07-22,2024-11-27,5.348,8.886,284.7
691,Terai Nepal,27.643189,84.065254,0.761,5.64,0.57,37.0,1016,26.2,0.824,0.78,26,2.7,146.6,incorporated,alternate_wetting_drying,Samba Mahsuri,2024-07-24,2024-11-14,6.608,5.156,258.7
692,Indo-Gangetic Plain,26.717548,81.456987,1.547,7.54,0.85,34.2,1731,28.7,0.773,0.752,21,9.3,123.6,mulched,flood,MTU1010,2024-07-09,2024-10-19,5.769,6.858,409.9
693,Mekong Delta,10.112472,105.115816,0.732,7.18,1.35,19.4,942,25.7,0.597,0.539,1,8.4,124.0,removed,alternate_wetting_drying,MTU1010,2024-06-22,2024-10-12,5.426,5.699,219.8
694,Coastal Andhra,16.480746,81.538941,3.341,6.18,1.28,25.2,826,26.3,0.461,0.369,19,5.5,79.2,incorporated,alternate_wetting_drying,MTU1010,2024-07-01,2024-11-06,4.146,6.569,259.8
695,Coastal Andhra,16.382084,81.132537,2.443,6.45,0.9,25.7,563,25.0,0.8,0.707,33,5.5,115.8,removed,flood,IR64,2024-07-18,2024-12-01,6.062,5.996,312.8
696,Terai Nepal,27.232091,83.583046,1.149,7.18,0.96,18.8,1507,28.8,0.555,0.497,65,0.1,127.8,incorporated,flood,Swarna,2024-07-11,2024-11-08,5.248,6.031,367.7
697,Eastern UP,26.090253,82.860007,2.115,6.86,1.48,23.0,1487,25.4,0.567,0.373,32,0.0,127.2,mulched,flood,Swarna,2024-07-18,2024-10-23,4.824,7.786,325.1
698,Mekong Delta,10.092434,105.359124,0.772,6.79,1.26,18.5,918,27.9,0.42,0.333,48,10.2,90.4,removed,alternate_wetting_drying,IR64,2024-07-01,2024-11-09,4.255,5.801,222.8
699,Mekong Delta,9.406595,105.497738,1.274,6.99,0.94,27.4,1532,24.2,0.415,0.261,20,6.4,158.3,removed,flood,MTU1010,2024-07-13,2024-11-02,4.336,6.063,339.8
700,Terai Nepal,27.254619,84.042153,3.285,7.02,0.95,11.6,695,30.3,0.535,0.452,78,0.2,142.2,incorporated,flood,IR64,2024-07-02,2024-11-03,4.8,5.598,327.8
701,Mekong Delta,10.200254,105.407478,2.66,6.76,1.08,26.5,1227,27.5,0.633,0.514,64,6.3,103.7,removed,flood,Naveen,2024-07-03,2024-10-14,5.126,6.869,269.0
702,Coastal Andhra,16.548384,81.406417,2.651,6.9,1.88,10.6,536,21.5,0.784,0.654,27,3.8,101.8,mulched,alternate_wetting_drying,Samba Mahsuri,2024-06-27,2024-10-23,5.903,10.013,230.1
703,Eastern UP,26.172416,83.224072,0.982,6.77,1.33,24.5,1339,24.7,0.65,0.63,43,9.3,78.8,mulched,flood,Samba Mahsuri,2024-07-18,2024-11-27,5.713,6.931,370.6
704,Eastern UP,25.971513,83.069539,1.088,6.67,1.24,11.2,1109,27.3,0.622,0.596,75,2.1,46.5,mulched,flood,IR64,2024-07-05,2024-11-26,4.922,7.195,317.7
705,Mekong Delta,10.006423,105.855218,0.315,6.4,2.05,33.4,948,27.8,0.533,0.45,53,6.5,115.5,incorporated,flood,Naveen,2024-07-17,2024-11-24,5.157,9.872,465.0
706,Mekong Delta,9.878324,105.260345,2.466,5.87,0.85,30.8,1481,30.1,0.56,0.431,33,3.2,132.1,incorporated,drip,Swarna,2024-06-29,2024-10-29,4.814,5.104,230.8
707,Coastal Andhra,16.219039,81.233073,0.533,7.18,1.73,29.2,1442,27.1,0.706,0.671,79,3.5,85.5,mulched,flood,IR64,2024-07-29,2024-12-10,5.175,9.86,322.1
708,Indo-Gangetic Plain,26.590768,81.909061,0.929,6.73,0.81,22.3,1065,29.2,0.425,0.357,72,2.5,94.2,incorporated,flood,IR64,2024-07-21,2024-11-12,4.198,5.98,385.5
709,Terai Nepal,27.475226,83.911713,1.785,6.17,1.0,29.8,1503,29.3,0.619,0.582,37,5.2,51.0,incorporated,alternate_wetting_drying,IR64,2024-07-01,2024-11-01,4.801,4.926,293.8
710,Coastal Andhra,16.474202,81.279362,1.206,6.64,1.0,29.9,1359,27.0,0.667,0.55,31,6.5,117.3,removed,flood,MTU1010,2024-07-19,2024-11-22,5.561,5.806,326.6
711,Mekong Delta,10.236014,105.248193,3.824,6.16,1.26,36.7,1547,25.2,0.712,0.628,55,4.6,75.9,removed,alternate_wetting_drying,Naveen,2024-06-25,2024-10-16,5.632,7.481,251.9
712,Terai Nepal,27.219127,84.627103,0.711,7.23,1.81,31.2,1686,26.5,0.665,0.554,59,0.0,86.3,incorporated,flood,IR64,2024-07-13,2024-11-05,5.457,8.636,354.7
713,Indo-Gangetic Plain,26.296588,81.791981,1.766,5.54,1.0,9.7,1430,26.2,0.716,0.553,76,1.9,100.8,incorporated,alternate_wetting_drying,Samba Mahsuri,2024-07-16,2024-11-05,5.692,7.526,276.9
714,Indo-Gangetic Plain,26.579577,81.869113,1.475,6.98,1.18,27.2,1615,28.2,0.674,0.622,61,6.0,134.9,incorporated,flood,IR64,2024-07-05,2024-11-13,5.589,7.602,420.1
715,Coastal Andhra,16.63103,81.23427,1.105,6.44,0.77,24.8,1024,26.1,0.611,0.522,68,4.6,125.8,incorporated,alternate_wetting_drying,IR64,2024-07-20,2024-11-21,5.321,6.01,250.3
716,Indo-Gangetic Plain,26.866553,81.636108,2.07,5.94,1.59,17.6,1305,30.8,0.762,0.708,16,7.3,136.2,removed,alternate_wetting_drying,Samba Mahsuri,2024-07-09,2024-10-23,5.71,7.039,259.8
717,Coastal Andhra,16.635937,81.006256,0.866,6.09,1.0,24.5,1594,24.5,0.86,0.822,68,3.6,58.1,incorporated,drip,IR64,2024-07-18,2024-11-01,6.558,7.463,231.0
718,Indo-Gangetic Plain,26.811618,81.628552,2.221,7.61,1.17,14.9,1158,21.4,0.645,0.504,44,4.1,108.5,incorporated,flood,IR64,2024-07-11,2024-10-22,5.592,6.89,409.5
719,Eastern UP,25.335,82.960944,1.205,7.32,1.19,26.7,1259,25.8,0.806,0.745,32,5.0,43.2,mulched,flood,Samba Mahsuri,2024-07-22,2024-11-25,6.001,6.948,322.8
720,Eastern UP,25.983048,82.849473,0.833,6.67,1.51,23.7,1286,26.9,0.662,0.572,45,13.1,100.9,removed,drip,IR64,2024-07-11,2024-11-15,5.518,7.64,186.3
721,Mekong Delta,9.890387,105.115875,1.364,5.62,1.35,5.0,1442,24.2,0.536,0.367,52,7.5,54.8,removed,alternate_wetting_drying,Samba Mahsuri,2024-07-14,2024-10-20,4.236,6.198,212.5
722,Mekong Delta,9.734767,105.453864,1.121,6.48,1.23,34.5,975,24.9,0.798,0.722,13,3.5,78.4,incorporated,alternate_wetting_drying,MTU1010,2024-07-20,2024-11-21,5.916,7.663,246.8
723,Mekong Delta,9.862361,106.22582,0.823,6.2,1.38,27.0,1174,26.7,0.9,0.717,66,1.3,87.4,incorporated,alternate_wetting_drying,Naveen,2024-07-11,2024-11-22,6.492,8.341,282.0
724,Mekong Delta,10.108295,105.837581,2.14,5.88,2.01,29.6,954,25.2,0.659,0.451,50,11.4,120.7,incorporated,alternate_wetting_drying,MTU1010,2024-06-22,2024-10-14,5.453,9.771,348.1
725,Indo-Gangetic Plain,26.975834,82.011425,1.714,6.21,1.3,31.5,1399,28.9,0.606,0.53,5,6.6,127.9,removed,alternate_wetting_drying,Samba Mahsuri,2024-07-21,2024-11-08,5.461,7.207,242.7
726,Terai Nepal,27.479928,84.127537,0.831,6.18,1.8,21.6,625,28.2,0.754,0.611,29,5.0,108.6,mulched,alternate_wetting_drying,Swarna,2024-07-14,2024-11-04,5.63,9.093,251.0
727,Mekong Delta,10.190773,105.462187,6.254,7.72,0.44,31.6,1490,21.7,0.67,0.544,44,6.2,92.8,incorporated,alternate_wetting_drying,IR64,2024-07-12,2024-10-31,5.055,4.634,291.6
728,Eastern UP,26.090337,82.79413,1.341,6.08,0.85,14.9,1087,25.6,0.707,0.552,61,7.9,121.1,incorporated,flood,Samba Mahsuri,2024-06-25,2024-10-18,5.631,6.185,456.3
729,Coastal Andhra,16.078568,80.694973,2.864,6.87,0.95,43.8,1994,29.6,0.741,0.614,66,10.9,56.0,mulched,flood,MTU1010,2024-07-01,2024-11-11,5.483,6.857,429.4
730,Mekong Delta,10.401742,105.434923,0.357,6.75,1.55,22.0,530,24.2,0.636,0.556,56,6.8,74.7,removed,drip,Samba Mahsuri,2024-06-21,2024-10-04,5.092,8.628,141.0
731,Mekong Delta,9.957525,106.031193,0.619,6.55,2.3,31.3,1237,28.3,0.602,0.437,35,0.0,76.3,mulched,flood,Swarna,2024-06-25,2024-11-03,5.35,10.235,339.5
732,Terai Nepal,27.462071,83.86856,1.099,6.42,0.86,19.1,1382,25.8,0.446,0.434,0,0.7,48.0,mulched,flood,Swarna,2024-06-25,2024-11-03,4.481,4.818,308.8
733,Eastern UP,25.801879,83.217167,1.204,6.55,1.2,12.2,1077,27.6,0.766,0.648,67,1.7,37.4,removed,alternate_wetting_drying,Samba Mahsuri,2024-06-17,2024-10-09,6.038,7.406,186.7
734,Mekong Delta,10.162859,105.491779,0.996,6.46,1.21,22.0,1139,26.0,0.753,0.643,101,5.5,70.7,mulched,alternate_wetting_drying,Naveen,2024-07-31,2024-11-09,6.006,8.435,289.5
735,Mekong Delta,9.947691,105.282315,1.514,6.7,1.44,27.9,1017,26.3,0.76,0.607,16,0.4,64.6,removed,alternate_wetting_drying,Samba Mahsuri,2024-07-15,2024-10-18,5.734,7.484,116.1
736,Indo-Gangetic Plain,26.00328,82.188661,1.742,7.43,1.74,26.3,1156,29.5,0.331,0.219,68,4.6,76.6,incorporated,drip,Samba Mahsuri,2024-07-07,2024-10-16,4.042,8.339,186.9
737,Coastal Andhra,17.009923,81.369021,0.788,7.03,0.97,17.3,556,27.3,0.574,0.47,0,5.5,4.9,removed,drip,Samba Mahsuri,2024-07-15,2024-11-06,4.508,5.486,105.3
738,Terai Nepal,27.494677,83.678526,1.068,6.49,0.2,16.1,1339,27.4,0.62,0.55,1,0.0,79.3,removed,alternate_wetting_drying,Naveen,2024-07-19,2024-11-18,4.872,3.116,246.6
739,Terai Nepal,27.382172,83.549449,1.251,6.97,0.89,16.9,1654,23.4,0.402,0.36,6,6.2,77.4,removed,alternate_wetting_drying,MTU1010,2024-07-02,2024-10-25,4.243,5.579,245.5
740,Mekong Delta,9.527068,105.019175,0.733,6.38,0.56,13.7,1086,29.2,0.69,0.633,46,1.0,59.8,removed,alternate_wetting_drying,IR64,2024-06-18,2024-11-01,5.005,4.684,174.6
741,Coastal Andhra,16.654481,81.139778,1.164,7.15,1.87,15.7,980,26.1,0.575,0.565,24,2.9,48.0,mulched,flood,Swarna,2024-07-09,2024-10-22,4.883,8.92,319.3
742,Terai Nepal,27.035425,84.238506,1.293,6.97,0.88,31.5,1453,26.1,0.652,0.585,86,4.6,57.7,mulched,alternate_wetting_drying,MTU1010,2024-06-27,2024-10-13,5.13,6.615,240.7
743,Coastal Andhra,16.292006,81.321654,1.813,6.76,1.01,26.2,1783,25.2,0.843,0.815,2,4.6,88.7,incorporated,drip,Naveen,2024-06-23,2024-10-21,6.508,6.493,249.9
744,Terai Nepal,27.132521,84.267743,0.983,6.35,1.42,22.1,885,25.6,0.533,0.375,75,2.5,105.2,incorporated,flood,Swarna,2024-07-02,2024-10-26,4.747,7.44,392.8
745,Eastern UP,26.551383,83.126643,1.052,7.0,1.62,41.4,1186,26.6,0.564,0.437,6,7.3,110.6,incorporated,flood,MTU1010,2024-07-10,2024-12-01,4.948,7.466,386.0
746,Coastal Andhra,16.825018,81.596892,0.721,6.39,1.21,33.8,1682,22.8,0.612,0.525,9,3.5,105.0,incorporated,flood,MTU1010,2024-07-02,2024-11-04,5.072,6.4,448.0
747,Coastal Andhra,16.365319,80.965075,3.932,6.39,1.31,9.0,1042,31.7,0.706,0.607,79,0.1,75.5,removed,flood,IR64,2024-07-27,2024-11-23,5.973,8.184,263.8
748,Indo-Gangetic Plain,26.186988,81.787066,1.645,7.05,1.65,24.7,1181,26.5,0.703,0.547,41,6.6,46.6,removed,alternate_wetting_drying,IR64,2024-07-13,2024-11-10,5.331,9.297,178.6
749,Terai Nepal,27.989461,84.442881,0.284,6.65,1.33,24.8,1069,30.9,0.647,0.704,33,11.2,50.9,incorporated,alternate_wetting_drying,Naveen,2024-07-17,2024-10-31,5.825,7.264,309.5
750,Indo-Gangetic Plain,26.341044,81.803484,0.438,6.88,0.97,5.0,754,28.4,0.609,0.566,46,2.5,67.5,incorporated,alternate_wetting_drying,Swarna,2024-07-02,2024-10-26,5.353,5.155,206.9
751,Coastal Andhra,16.885831,80.85221,0.681,5.7,0.35,24.5,974,22.5,0.605,0.487,33,6.8,149.4,mulched,alternate_wetting_drying,Swarna,2024-07-13,2024-10-18,5.016,4.556,276.6
752,Terai Nepal,28.099892,84.232666,1.139,7.06,0.9,29.9,1226,24.0,0.855,0.693,23,8.1,48.8,removed,flood,Swarna,2024-07-09,2024-12-01,5.736,6.427,311.2
753,Terai Nepal,27.531186,84.373607,1.388,6.22,0.41,21.1,963,27.9,0.599,0.469,78,0.8,89.9,mulched,alternate_wetting_drying,Samba Mahsuri,2024-07-04,2024-11-02,4.583,5.037,220.1
754,Eastern UP,26.098509,82.485102,1.251,5.75,0.65,21.4,1639,27.9,0.702,0.563,23,0.3,28.6,incorporated,flood,IR64,2024-07-07,2024-11-16,4.86,6.063,345.2
755,Terai Nepal,27.723883,84.270237,1.852,5.24,1.8,40.3,1055,27.6,0.543,0.541,26,3.4,77.6,incorporated,flood,Swarna,2024-06-25,2024-10-27,4.907,8.007,372.9
756,Coastal Andhra,16.642345,81.665337,1.097,6.61,0.77,34.2,1410,27.5,0.524,0.458,0,2.9,114.8,incorporated,flood,MTU1010,2024-07-08,2024-10-28,4.588,4.385,391.4
757,Mekong Delta,9.658365,105.303831,0.586,5.69,2.0,30.4,1242,25.4,0.759,0.7,64,2.4,67.4,incorporated,alternate_wetting_drying,IR64,2024-07-12,2024-10-14,6.006,10.179,258.2
758,Indo-Gangetic Plain,26.266378,81.84713,0.222,5.66,1.51,25.3,1671,30.9,0.702,0.586,46,0.0,41.2,incorporated,drip,Naveen,2024-07-06,2024-10-29,5.299,8.227,191.8
759,Terai Nepal,27.177947,84.354006,1.385,7.29,1.38,30.1,1107,26.5,0.766,0.673,74,4.7,48.7,mulched,flood,MTU1010,2024-06-22,2024-09-22,5.977,7.909,332.9
760,Indo-Gangetic Plain,26.49524,81.73366,1.158,6.38,0.57,22.8,958,28.5,0.807,0.768,87,4.6,55.9,incorporated,flood,MTU1010,2024-07-12,2024-10-21,6.052,5.726,354.5
761,Coastal Andhra,16.567857,81.227298,0.969,7.03,1.2,14.9,1416,24.1,0.419,0.314,19,5.5,118.6,removed,alternate_wetting_drying,Samba Mahsuri,2024-07-14,2024-11-13,4.56,5.091,209.3
762,Indo-Gangetic Plain,26.36127,82.243107,1.652,6.31,1.71,11.7,1446,28.7,0.74,0.625,28,6.8,75.5,removed,flood,Naveen,2024-07-07,2024-11-05,5.535,9.155,308.6
763,Eastern UP,25.968343,82.64069,2.208,6.88,0.57,24.7,1612,26.0,0.852,0.789,4,5.1,38.9,removed,flood,Samba Mahsuri,2024-07-06,2024-10-31,5.801,4.978,289.7
764,Coastal Andhra,16.674336,81.237893,1.128,6.31,1.63,10.6,1343,29.6,0.739,0.643,44,8.9,110.4,incorporated,flood,MTU1010,2024-07-22,2024-10-20,6.151,8.287,438.6
765,Mekong Delta,10.697615,105.670177,0.943,6.78,1.12,5.0,1214,29.3,0.766,0.653,68,6.3,97.8,removed,flood,MTU1010,2024-06-28,2024-10-04,5.58,7.668,294.8
766,Mekong Delta,10.327295,105.800736,2.078,5.69,1.49,5.0,560,29.8,0.476,0.385,80,6.8,103.0,removed,alternate_wetting_drying,MTU1010,2024-07-04,2024-10-28,4.351,7.772,153.7
767,Terai Nepal,27.499121,84.143137,0.807,6.14,1.56,15.3,1684,30.1,0.513,0.339,48,9.2,94.7,mulched,flood,MTU1010,2024-07-03,2024-10-11,4.842,7.294,391.5
768,Indo-Gangetic Plain,26.638394,81.90311,5.057,6.93,1.07,19.2,642,23.0,0.563,0.416,53,1.2,57.6,removed,drip,Samba Mahsuri,2024-07-07,2024-10-12,4.518,6.023,132.8
769,Terai Nepal,27.087867,83.821458,1.362,6.6,0.47,15.3,1327,27.8,0.729,0.619,18,3.9,108.6,incorporated,flood,Naveen,2024-06-24,2024-10-25,5.434,4.363,425.3
770,Terai Nepal,27.714608,83.698869,1.527,7.1,1.5,20.9,484,27.5,0.839,0.698,63,5.5,121.4,incorporated,flood,MTU1010,2024-07-08,2024-10-06,6.313,8.525,391.1
771,Mekong Delta,9.717745,105.22891,2.151,6.23,1.33,32.4,987,25.3,0.589,0.567,57,6.8,92.8,mulched,flood,Naveen,2024-07-18,2024-11-08,5.002,7.677,313.1
772,Eastern UP,25.854794,83.241436,1.003,6.57,1.96,32.6,827,25.6,0.801,0.694,16,2.5,114.6,removed,drip,Swarna,2024-07-14,2024-10-12,6.361,9.263,150.5
773,Mekong Delta,9.339798,105.594404,0.673,5.77,1.69,23.5,1459,30.0,0.639,0.54,71,3.4,130.4,removed,drip,Samba Mahsuri,2024-06-15,2024-09-29,5.879,8.545,188.3
774,Indo-Gangetic Plain,26.406425,81.915128,0.526,6.81,1.5,21.3,1272,24.7,0.5,0.42,62,4.8,74.7,mulched,drip,IR64,2024-07-08,2024-10-29,4.637,7.336,177.7
775,Indo-Gangetic Plain,26.325514,81.398374,3.647,6.89,1.18,17.8,969,26.3,0.71,0.663,33,7.6,146.3,incorporated,flood,Samba Mahsuri,2024-07-10,2024-10-21,5.819,6.725,456.8
776,Mekong Delta,10.483985,105.473747,0.836,6.85,0.71,26.5,1620,24.0,0.793,0.758,65,2.2,131.7,removed,flood,Naveen,2024-06-29,2024-10-01,6.57,5.388,313.7
777,Eastern UP,26.296988,83.112172,2.379,6.44,1.33,18.0,878,23.1,0.56,0.327,6,2.2,94.0,removed,flood,IR64,2024-07-28,2024-11-06,4.751,6.588,237.0
778,Terai Nepal,27.747064,84.005166,2.719,7.18,1.92,39.6,1243,24.1,0.524,0.528,17,5.2,70.4,mulched,flood,Naveen,2024-07-03,2024-10-27,4.831,7.896,346.5
779,Mekong Delta,10.108788,105.888028,0.57,6.77,1.68,20.7,1575,26.8,0.515,0.478,64,7.1,144.8,mulched,flood,Naveen,2024-07-11,2024-11-14,5.2,7.884,409.6
780,Indo-Gangetic Plain,26.492839,81.777529,3.365,6.15,0.65,30.1,1001,25.1,0.711,0.663,8,10.2,110.3,mulched,flood,Samba Mahsuri,2024-07-02,2024-11-08,5.3,5.148,387.5
781,Indo-Gangetic Plain,25.953135,82.08285,0.968,6.08,1.87,15.7,954,21.4,0.823,0.678,36,6.8,12.1,removed,alternate_wetting_drying,IR64,2024-07-09,2024-10-22,5.777,10.624,191.9
782,Mekong Delta,9.784369,105.325393,0.726,7.29,0.7,21.2,710,28.8,0.635,0.491,62,0.1,96.5,removed,alternate_wetting_drying,MTU1010,2024-06-24,2024-10-24,5.26,5.711,206.0
783,Indo-Gangetic Plain,26.61586,81.99029,1.573,6.02,1.35,5.0,1017,28.2,0.854,0.759,59,3.0,105.5,incorporated,alternate_wetting_drying,Swarna,2024-06-30,2024-10-29,6.423,8.141,275.8
784,Indo-Gangetic Plain,26.190032,82.177634,0.926,6.11,0.65,21.5,1032,29.9,0.618,0.491,0,7.2,112.4,mulched,flood,IR64,2024-06-20,2024-11-01,4.985,4.931,347.2
785,Terai Nepal,27.762461,84.140633,0.665,6.67,1.38,24.2,1467,26.1,0.617,0.551,33,4.6,83.5,mulched,flood,MTU1010,2024-07-02,2024-09-30,5.396,7.411,360.5
786,Coastal Andhra,16.755001,81.380581,1.191,5.82,0.86,19.8,1283,31.3,0.568,0.519,42,8.1,39.4,removed,flood,Swarna,2024-07-19,2024-11-16,4.703,4.961,273.7
787,Indo-Gangetic Plain,26.425309,81.70561,0.882,5.02,0.33,28.4,1578,35.0,0.761,0.687,0,6.6,39.2,incorporated,drip,MTU1010,2024-06-26,2024-10-13,5.205,3.77,214.1
788,Mekong Delta,9.915739,105.949688,2.138,6.54,0.39,28.4,1409,20.1,0.68,0.601,39,2.3,84.8,mulched,flood,MTU1010,2024-07-18,2024-10-27,5.698,5.751,386.8
789,Coastal Andhra,16.692543,81.200973,0.166,6.86,0.21,18.9,482,31.2,0.7,0.616,80,6.6,94.4,mulched,flood,Naveen,2024-07-08,2024-11-10,5.104,4.845,296.4
790,Indo-Gangetic Plain,26.719333,81.877021,0.791,5.28,0.74,22.1,739,33.6,0.489,0.332,41,3.3,81.3,removed,alternate_wetting_drying,Samba Mahsuri,2024-07-05,2024-11-03,4.255,4.553,166.3
791,Eastern UP,26.465967,83.009407,0.78,6.18,0.59,28.3,1166,32.0,0.712,0.514,20,4.0,121.2,removed,flood,Samba Mahsuri,2024-07-10,2024-10-29,5.636,6.199,286.1
792,Terai Nepal,27.714396,83.878007,1.007,6.61,1.62,36.6,1104,25.8,0.632,0.466,64,3.6,33.5,removed,alternate_wetting_drying,IR64,2024-07-16,2024-10-24,5.44,7.762,197.8
793,Coastal Andhra,16.862863,81.647676,0.7,7.55,0.66,32.3,1165,28.8,0.625,0.497,79,8.4,87.8,mulched,flood,Swarna,2024-06-25,2024-11-12,5.12,5.932,342.3
794,Mekong Delta,9.771925,105.904274,2.307,5.83,0.47,20.9,1512,26.5,0.628,0.558,38,7.5,93.0,mulched,alternate_wetting_drying,Naveen,2024-07-02,2024-11-15,5.382,4.807,298.8
795,Terai Nepal,27.601158,83.812917,1.219,6.28,1.97,34.3,1336,31.3,0.525,0.387,58,4.3,82.1,removed,flood,Naveen,2024-07-14,2024-11-09,4.822,9.163,318.0
796,Eastern UP,26.044193,83.00577,1.297,7.44,1.92,7.9,1265,27.0,0.801,0.703,51,3.1,118.5,removed,flood,Samba Mahsuri,2024-06-22,2024-10-09,6.447,9.294,286.6
797,Indo-Gangetic Plain,26.435357,82.168894,1.12,7.59,1.24,48.4,1305,26.5,0.542,0.514,20,2.4,103.8,mulched,flood,Samba Mahsuri,2024-06-29,2024-11-14,4.934,6.705,377.2
798,Indo-Gangetic Plain,27.187338,82.726477,0.712,6.31,0.41,13.4,1521,27.7,0.825,0.768,31,6.8,127.0,mulched,flood,Swarna,2024-06-18,2024-10-03,6.398,4.592,426.0
799,Indo-Gangetic Plain,26.413351,81.761196,2.087,5.81,0.87,36.7,967,27.8,0.649,0.537,67,6.0,41.5,removed,alternate_wetting_drying,Swarna,2024-06-22,2024-10-15,4.715,6.19,202.9
800,Coastal Andhra,16.561533,81.513136,1.563,6.47,0.82,16.4,972,31.0,0.755,0.583,54,2.4,111.1,removed,drip,Naveen,2024-07-17,2024-11-19,5.926,6.249,143.0
801,Indo-Gangetic Plain,26.711992,81.848269,1.342,7.01,1.27,17.8,1284,26.0,0.72,0.549,61,2.5,100.6,mulched,flood,MTU1010,2024-06-10,2024-10-06,5.34,8.576,330.8
802,Indo-Gangetic Plain,26.328167,81.746763,0.674,6.69,0.71,36.1,1193,25.2,0.566,0.543,25,3.3,104.3,removed,flood,Samba Mahsuri,2024-07-04,2024-11-10,4.849,4.951,312.6
803,Eastern UP,26.568036,83.410665,0.708,7.46,1.67,14.5,1262,28.2,0.521,0.385,105,9.1,95.7,removed,alternate_wetting_drying,Naveen,2024-07-02,2024-10-24,4.762,7.896,260.6
804,Indo-Gangetic Plain,26.531963,82.190489,1.201,6.48,1.24,23.1,694,25.1,0.679,0.592,41,4.0,59.8,incorporated,flood,IR64,2024-06-30,2024-10-27,5.74,7.297,342.2
805,Eastern UP,26.083572,82.930381,1.987,7.06,1.72,27.7,787,28.0,0.682,0.61,24,6.6,87.3,incorporated,alternate_wetting_drying,Samba Mahsuri,2024-07-01,2024-10-21,5.466,8.473,249.1
806,Eastern UP,26.684483,82.576889,0.46,6.31,1.61,41.6,1136,26.4,0.496,0.342,43,4.9,105.2,mulched,flood,Naveen,2024-07-08,2024-11-13,4.137,7.387,339.5
807,Mekong Delta,9.874988,105.383071,1.304,5.86,1.03,22.8,794,24.9,0.699,0.599,37,2.3,145.2,removed,alternate_wetting_drying,Naveen,2024-06-26,2024-10-23,6.182,6.116,213.9
808,Eastern UP,26.525663,83.312898,1.255,6.24,0.54,29.3,997,24.8,0.743,0.566,33,7.4,97.4,incorporated,flood,Swarna,2024-07-08,2024-10-17,5.253,4.633,388.2
809,Mekong Delta,9.81459,105.753584,0.718,5.45,0.22,10.3,1608,27.0,0.71,0.583,46,4.8,126.6,mulched,alternate_wetting_drying,MTU1010,2024-07-06,2024-11-09,5.641,4.573,265.7
810,Indo-Gangetic Plain,26.467791,82.094778,1.277,6.75,2.23,20.0,1078,30.0,0.665,0.542,30,2.8,47.8,removed,flood,MTU1010,2024-07-06,2024-11-07,5.612,10.601,205.3
811,Terai Nepal,27.380201,84.051439,1.279,6.18,1.03,32.3,1447,24.9,0.804,0.603,37,4.1,58.6,mulched,flood,IR64,2024-06-28,2024-10-05,5.587,6.515,278.3
812,Terai Nepal,27.712212,84.332702,1.427,5.39,1.25,17.0,839,28.4,0.742,0.578,37,5.5,148.3,incorporated,alternate_wetting_drying,IR64,2024-07-25,2024-11-16,5.698,7.057,297.2
813,Mekong Delta,10.009204,105.681732,0.525,7.1,1.72,23.1,1238,27.8,0.66,0.53,35,2.7,105.0,mulched,alternate_wetting_drying,Swarna,2024-06-19,2024-09-30,5.303,8.039,263.5
814,Mekong Delta,9.816426,105.678547,5.308,6.3,1.43,19.4,907,25.3,0.4,0.232,0,4.2,48.8,incorporated,alternate_wetting_drying,Samba Mahsuri,2024-06-26,2024-10-14,3.905,5.981,275.0
815,Indo-Gangetic Plain,25.92511,81.989556,1.011,7.07,1.38,30.9,1303,24.7,0.795,0.655,67,8.8,104.6,removed,drip,Naveen,2024-07-19,2024-11-27,6.076,7.964,184.4
816,Indo-Gangetic Plain,26.097806,81.574379,1.29,6.16,1.29,14.0,1346,27.5,0.595,0.464,59,5.3,121.1,incorporated,flood,Naveen,2024-07-16,2024-11-03,5.062,6.282,378.8
817,Mekong Delta,9.842894,105.719502,1.504,6.92,0.62,39.3,1071,24.2,0.597,0.373,35,4.0,83.3,incorporated,flood,IR64,2024-07-03,2024-11-01,4.831,4.459,396.9
818,Terai Nepal,27.39706,83.891783,1.322,7.16,1.18,19.4,1373,29.0,0.787,0.689,56,7.4,96.4,incorporated,alternate_wetting_drying,Samba Mahsuri,2024-07-18,2024-11-16,5.968,7.804,327.9
819,Mekong Delta,9.895344,105.809769,0.796,6.83,0.72,23.1,1297,24.5,0.493,0.368,73,4.8,74.0,mulched,alternate_wetting_drying,Samba Mahsuri,2024-07-06,2024-11-08,4.397,5.667,276.5
820,Coastal Andhra,16.80564,81.742226,1.549,5.77,1.27,19.2,1797,28.7,0.698,0.566,44,8.8,70.0,incorporated,alternate_wetting_drying,Swarna,2024-07-14,2024-10-29,5.401,7.72,328.3
821,Terai Nepal,27.51074,83.78408,1.602,6.14,0.58,35.2,1550,28.2,0.466,0.273,90,8.8,100.6,removed,alternate_wetting_drying,IR64,2024-07-05,2024-10-27,4.186,5.263,224.1
822,Terai Nepal,27.12343,84.628943,4.883,6.23,0.29,37.1,1300,28.9,0.574,0.526,39,5.5,64.4,incorporated,flood,IR64,2024-07-17,2024-10-27,4.158,4.388,375.6
823,Coastal Andhra,16.712322,80.917054,1.069,6.74,1.02,22.6,1278,22.7,0.587,0.448,35,12.0,93.2,removed,alternate_wetting_drying,Naveen,2024-06-16,2024-09-23,4.902,6.452,257.6
824,Terai Nepal,27.2357,83.440709,2.037,6.04,1.89,18.6,953,26.3,0.583,0.476,55,6.7,87.0,incorporated,alternate_wetting_drying,IR64,2024-06-19,2024-10-25,4.961,8.457,271.4
825,Terai Nepal,27.573681,84.037661,3.927,6.24,1.29,25.4,1481,25.3,0.606,0.582,69,0.4,108.9,incorporated,alternate_wetting_drying,IR64,2024-07-21,2024-11-25,4.948,6.247,269.4
826,Eastern UP,25.936516,82.440251,1.237,6.58,1.83,10.3,1051,25.7,0.643,0.539,55,0.0,96.1,removed,alternate_wetting_drying,Samba Mahsuri,2024-07-07,2024-10-24,5.478,9.332,129.8
827,Indo-Gangetic Plain,26.368044,82.536832,1.231,6.32,1.21,28.5,1397,26.4,0.701,0.517,70,12.0,67.0,incorporated,flood,MTU1010,2024-07-21,2024-11-05,5.766,6.361,475.6
828,Mekong Delta,10.523397,105.042611,0.593,5.03,0.78,20.6,990,24.2,0.661,0.58,22,5.5,69.9,removed,flood,MTU1010,2024-07-16,2024-12-03,5.389,5.524,249.5
829,Indo-Gangetic Plain,26.682757,81.472863,0.826,6.61,1.38,45.7,1048,28.5,0.718,0.647,68,7.0,80.4,removed,flood,Naveen,2024-07-06,2024-10-21,5.665,8.237,290.4
830,Indo-Gangetic Plain,26.430784,82.248585,0.543,7.02,1.46,11.4,1129,28.6,0.421,0.373,6,3.3,126.3,mulched,flood,MTU1010,2024-07-12,2024-11-06,4.174,5.701,339.8
831,Terai Nepal,27.499244,83.862181,0.865,6.52,1.31,24.1,812,26.2,0.587,0.486,108,6.3,134.2,removed,alternate_wetting_drying,Samba Mahsuri,2024-06-28,2024-10-03,5.589,8.006,216.5
832,Coastal Andhra,16.334424,80.994102,1.916,6.55,0.44,29.4,578,24.2,0.652,0.583,74,5.5,111.9,removed,flood,Swarna,2024-07-11,2024-10-27,5.288,5.013,285.1
833,Mekong Delta,9.734188,105.493285,1.806,6.78,0.86,37.0,1226,28.9,0.833,0.678,73,5.6,117.8,incorporated,flood,IR64,2024-07-07,2024-10-16,5.89,7.432,414.9
834,Coastal Andhra,16.046404,81.075855,2.467,6.8,1.18,30.1,868,29.0,0.695,0.59,40,5.7,80.4,incorporated,alternate_wetting_drying,Samba Mahsuri,2024-07-01,2024-10-25,5.903,6.13,272.8
835,Mekong Delta,10.527348,105.328881,0.625,7.43,0.31,14.9,1125,23.1,0.783,0.641,30,8.8,140.7,incorporated,flood,MTU1010,2024-07-03,2024-10-27,6.261,5.034,462.2
836,Indo-Gangetic Plain,26.48924,82.42709,1.709,6.52,1.68,17.1,1717,28.6,0.455,0.385,0,7.4,109.7,incorporated,alternate_wetting_drying,MTU1010,2024-06-30,2024-10-25,4.299,7.615,333.1
837,Coastal Andhra,16.610101,81.21749,1.834,6.86,1.93,13.0,732,26.8,0.555,0.411,18,3.4,78.4,incorporated,alternate_wetting_drying,Naveen,2024-07-22,2024-11-01,4.761,9.183,217.6
838,Terai Nepal,28.0242,83.897646,1.397,6.11,1.09,29.8,1397,27.3,0.619,0.512,26,4.4,101.6,mulched,flood,MTU1010,2024-07-14,2024-10-12,4.823,6.374,365.8
839,Eastern UP,25.883845,83.109295,1.997,6.47,1.16,26.4,1495,26.4,0.706,0.587,29,7.1,17.5,incorporated,flood,Swarna,2024-07-15,2024-11-06,5.62,8.007,405.3
840,Terai Nepal,27.541012,83.983811,1.577,6.74,1.55,32.3,1173,26.7,0.65,0.522,73,4.0,84.3,incorporated,flood,MTU1010,2024-06-26,2024-10-12,5.47,8.123,389.7
841,Eastern UP,25.810619,83.494092,1.011,5.95,2.02,32.3,1231,25.0,0.742,0.715,62,5.8,124.7,removed,flood,Naveen,2024-06-12,2024-09-28,6.653,11.25,287.0
842,Indo-Gangetic Plain,27.429009,81.529193,0.921,5.65,1.26,13.0,1167,22.1,0.724,0.563,35,4.6,84.3,mulched,flood,Swarna,2024-07-06,2024-11-03,5.662,7.485,323.0
843,Mekong Delta,10.067895,105.648904,0.792,6.15,0.82,16.3,1408,24.0,0.618,0.563,8,7.6,71.8,incorporated,flood,Naveen,2024-07-06,2024-11-10,4.556,4.705,397.4
844,Terai Nepal,27.765571,84.281289,0.514,7.26,1.46,28.8,1326,21.4,0.625,0.573,17,3.5,118.9,mulched,alternate_wetting_drying,Naveen,2024-07-07,2024-10-23,5.522,7.532,265.9
845,Mekong Delta,10.047945,105.259612,1.439,6.65,1.26,20.2,1003,27.8,0.547,0.46,59,6.3,49.5,removed,alternate_wetting_drying,Swarna,2024-07-07,2024-11-12,4.707,7.074,175.5
846,Mekong Delta,9.737275,105.915917,0.827,7.12,1.25,8.3,1093,31.3,0.749,0.671,77,5.8,147.5,mulched,flood,Samba Mahsuri,2024-07-04,2024-10-30,6.297,7.646,393.9
847,Eastern UP,26.250791,83.298505,1.61,6.26,1.65,18.3,1725,26.8,0.465,0.425,46,5.4,158.9,removed,flood,MTU1010,2024-06-24,2024-10-26,4.74,6.886,393.7
848,Eastern UP,25.841875,82.937865,2.213,5.91,0.86,27.2,1115,24.8,0.735,0.609,65,4.5,28.4,incorporated,flood,MTU1010,2024-07-05,2024-10-11,5.273,5.798,393.6
849,Indo-Gangetic Plain,26.580415,81.919394,1.05,6.77,0.88,26.8,933,21.6,0.724,0.502,59,4.9,76.1,incorporated,flood,MTU1010,2024-07-01,2024-10-17,5.601,6.538,359.3
850,Terai Nepal,27.927004,83.678984,1.932,6.85,1.1,32.6,1332,23.9,0.579,0.459,30,6.8,130.7,removed,flood,Swarna,2024-07-04,2024-10-14,4.925,6.344,324.2
851,Eastern UP,25.700232,82.924436,1.898,5.98,1.22,25.2,1479,27.0,0.471,0.265,69,6.4,69.9,incorporated,flood,Samba Mahsuri,2024-07-01,2024-10-15,4.681,6.72,447.3
852,Eastern UP,25.404762,82.921889,0.528,5.79,1.8,14.2,802,28.0,0.642,0.519,88,6.7,35.7,incorporated,flood,Swarna,2024-07-14,2024-10-26,4.945,9.562,298.4
853,Eastern UP,25.611483,82.53177,0.883,6.66,0.63,27.0,1462,23.7,0.675,0.548,40,4.8,40.7,mulched,alternate_wetting_drying,Swarna,2024-07-09,2024-10-31,5.2,5.927,270.3
854,Indo-Gangetic Plain,26.485512,81.785027,1.551,6.09,1.8,30.1,941,23.9,0.669,0.556,13,7.4,113.3,removed,alternate_wetting_drying,MTU1010,2024-07-08,2024-10-29,5.538,8.387,201.0
855,Eastern UP,26.211753,83.247442,0.82,7.38,1.01,17.0,1343,24.0,0.486,0.434,25,7.2,44.6,incorporated,alternate_wetting_drying,Swarna,2024-07-08,2024-10-28,4.602,5.367,325.7
856,Mekong Delta,10.610935,105.905945,1.036,7.19,1.32,25.2,1944,29.7,0.876,0.83,89,4.5,84.1,mulched,alternate_wetting_drying,Samba Mahsuri,2024-07-08,2024-11-23,6.261,8.476,241.1
857,Coastal Andhra,16.50302,81.709538,1.737,6.95,1.22,23.5,736,21.4,0.674,0.508,53,6.9,145.4,removed,flood,Samba Mahsuri,2024-07-08,2024-11-11,5.803,6.817,339.1
858,Mekong Delta,9.716919,105.14865,2.59,5.88,2.13,5.0,1626,28.2,0.664,0.573,92,7.1,58.4,removed,drip,IR64,2024-06-17,2024-10-13,5.271,10.785,178.6
859,Indo-Gangetic Plain,26.717777,82.447783,2.107,6.07,1.38,25.6,800,28.0,0.873,0.771,5,5.1,47.5,incorporated,drip,MTU1010,2024-07-13,2024-10-21,5.95,7.882,182.9
860,Eastern UP,26.147701,82.683237,2.901,6.5,0.65,35.3,1650,34.9,0.814,0.758,50,12.6,62.8,removed,drip,Swarna,2024-06-22,2024-10-06,5.595,6.002,218.0
861,Eastern UP,26.255918,83.338377,0.957,6.8,1.45,28.3,1056,24.4,0.71,0.696,38,0.0,43.2,incorporated,alternate_wetting_drying,Samba Mahsuri,2024-06-26,2024-09-30,5.756,7.298,239.2
862,Coastal Andhra,16.084687,81.137626,1.152,5.76,1.38,27.8,1333,27.7,0.738,0.647,50,3.8,69.5,incorporated,flood,Samba Mahsuri,2024-07-18,2024-11-17,5.74,7.551,421.1
863,Eastern UP,25.958944,82.932331,0.961,6.35,1.89,7.4,1582,32.7,0.802,0.752,32,8.1,81.3,removed,flood,MTU1010,2024-06-29,2024-10-03,6.151,8.977,292.1
864,Mekong Delta,9.461442,105.228925,1.125,6.08,0.96,18.3,1868,27.3,0.725,0.627,53,0.0,148.5,incorporated,alternate_wetting_drying,IR64,2024-06-27,2024-10-24,5.773,6.632,316.0
865,Coastal Andhra,16.499655,81.478859,3.106,6.31,0.7,37.1,1113,25.8,0.602,0.538,64,1.0,93.6,mulched,alternate_wetting_drying,Swarna,2024-07-07,2024-11-08,4.942,5.907,208.3
866,Eastern UP,25.930587,82.993197,0.817,7.05,2.19,26.9,1225,29.1,0.426,0.325,69,3.1,47.1,removed,flood,Naveen,2024-07-03,2024-10-24,4.427,9.625,246.0
867,Eastern UP,26.246615,83.498579,0.833,6.77,1.28,30.7,1062,28.6,0.751,0.615,4,0.7,65.9,incorporated,flood,Naveen,2024-07-07,2024-10-24,5.232,6.75,323.7
868,Indo-Gangetic Plain,26.842289,82.135499,1.008,6.81,1.02,29.1,1618,21.8,0.746,0.723,75,3.1,47.4,removed,alternate_wetting_drying,IR64,2024-07-11,2024-10-27,5.665,6.788,191.4
869,Terai Nepal,27.921273,83.651453,2.436,6.64,1.95,38.6,1071,23.5,0.632,0.631,61,5.5,69.0,mulched,drip,MTU1010,2024-06-30,2024-10-22,5.736,8.774,168.6
870,Mekong Delta,9.765007,105.735577,0.613,7.12,1.36,17.2,1407,25.5,0.74,0.654,1,2.1,74.9,incorporated,alternate_wetting_drying,Samba Mahsuri,2024-07-18,2024-11-01,5.416,6.559,281.3
871,Mekong Delta,9.680835,105.148609,0.583,6.35,2.26,24.5,1830,26.9,0.669,0.539,37,5.7,30.4,incorporated,flood,Samba Mahsuri,2024-06-26,2024-10-01,5.286,9.519,416.5
872,Mekong Delta,9.675332,105.327023,1.051,6.74,1.0,30.8,975,29.5,0.741,0.669,63,1.7,95.7,removed,drip,Naveen,2024-06-27,2024-10-31,6.039,6.511,172.8
873,Mekong Delta,9.680667,105.441874,1.637,6.42,1.12,17.9,1009,27.6,0.709,0.618,32,7.3,75.2,removed,alternate_wetting_drying,Samba Mahsuri,2024-07-07,2024-11-19,5.383,6.71,207.4
874,Terai Nepal,27.703066,83.967205,1.231,6.65,1.66,18.2,1053,25.3,0.61,0.439,59,1.6,69.0,removed,flood,IR64,2024-07-08,2024-10-21,5.548,7.575,264.4
875,Coastal Andhra,16.290518,81.06489,0.786,6.41,1.59,31.8,948,27.4,0.728,0.675,48,8.6,81.4,incorporated,flood,Swarna,2024-06-15,2024-09-30,5.547,7.966,397.6
876,Eastern UP,25.570317,83.101989,1.259,5.87,0.21,30.7,1014,27.5,0.668,0.625,55,2.4,37.7,incorporated,flood,Swarna,2024-06-18,2024-11-11,5.419,4.466,335.3
877,Mekong Delta,9.869936,104.941537,1.038,6.2,0.58,30.9,1387,27.5,0.598,0.491,28,7.1,74.7,incorporated,flood,IR64,2024-07-02,2024-10-29,5.093,4.584,413.4
878,Eastern UP,26.493885,82.669971,1.628,6.82,0.77,38.5,1113,26.0,0.9,0.774,68,9.1,67.2,removed,flood,MTU1010,2024-07-17,2024-11-05,6.364,6.851,320.6
879,Terai Nepal,27.541909,83.876399,1.544,6.61,0.59,16.8,1483,29.6,0.605,0.497,18,4.8,128.7,removed,flood,Naveen,2024-07-21,2024-11-25,4.786,4.211,281.3
880,Terai Nepal,26.49923,84.385167,0.66,6.2,1.11,29.1,1391,29.2,0.748,0.635,55,1.7,63.7,incorporated,alternate_wetting_drying,Naveen,2024-07-13,2024-11-03,6.123,7.627,258.0
881,Terai Nepal,27.149968,83.912848,2.291,6.71,2.04,22.0,1053,25.2,0.587,0.557,28,1.4,115.2,removed,alternate_wetting_drying,MTU1010,2024-07-19,2024-11-14,5.547,8.14,186.7
882,Coastal Andhra,16.31399,81.318077,0.947,6.32,1.58,18.6,1368,26.4,0.589,0.514,29,5.3,80.4,incorporated,flood,IR64,2024-07-18,2024-11-09,4.985,6.724,425.7
883,Mekong Delta,9.447982,105.998847,2.039,6.31,1.44,11.9,628,27.0,0.554,0.478,43,1.4,87.2,incorporated,alternate_wetting_drying,MTU1010,2024-06-23,2024-10-07,5.004,6.714,261.6
884,Terai Nepal,27.751524,84.064015,1.527,5.56,1.33,25.2,1075,26.1,0.49,0.363,50,5.2,98.1,incorporated,alternate_wetting_drying,Swarna,2024-06-22,2024-10-27,4.224,6.585,300.6
885,Eastern UP,25.991616,83.248803,0.731,5.93,1.07,20.1,958,31.6,0.9,0.818,47,4.4,128.8,incorporated,flood,Samba Mahsuri,2024-07-18,2024-12-15,6.144,7.144,396.6
886,Terai Nepal,27.648978,83.854946,2.494,7.37,0.29,10.7,1529,29.2,0.71,0.61,42,6.6,96.2,incorporated,flood,MTU1010,2024-07-18,2024-11-29,5.712,4.658,445.0
887,Indo-Gangetic Plain,26.12368,81.80034,1.925,5.45,1.65,5.0,680,25.8,0.684,0.518,46,4.3,110.3,removed,flood,Swarna,2024-06-26,2024-11-02,5.259,7.907,292.4
888,Coastal Andhra,16.258617,81.291119,0.836,7.5,1.13,31.8,1382,29.9,0.668,0.633,56,5.8,0.0,mulched,flood,Samba Mahsuri,2024-06-18,2024-10-24,4.82,7.297,337.1
889,Coastal Andhra,16.343751,81.504026,2.277,7.14,1.19,27.1,795,26.6,0.683,0.569,26,1.7,126.5,incorporated,drip,MTU1010,2024-07-13,2024-11-03,5.675,6.397,189.6
890,Indo-Gangetic Plain,27.012787,81.946807,0.891,7.32,0.78,22.6,1367,28.6,0.554,0.441,37,0.0,73.9,removed,flood,MTU1010,2024-06-18,2024-10-21,4.496,5.483,274.0
891,Coastal Andhra,16.743058,81.223526,1.296,5.84,1.0,26.6,629,21.4,0.632,0.513,47,0.1,128.6,removed,alternate_wetting_drying,MTU1010,2024-07-06,2024-10-26,4.903,6.488,169.0
892,Terai Nepal,27.654436,83.756269,0.941,7.5,1.3,18.0,1157,25.7,0.758,0.686,46,3.0,167.3,mulched,alternate_wetting_drying,IR64,2024-07-11,2024-11-09,6.188,8.453,257.0
893,Indo-Gangetic Plain,26.402559,82.214644,1.35,6.66,0.36,15.2,1652,23.8,0.757,0.527,58,11.4,114.2,mulched,alternate_wetting_drying,Naveen,2024-07-07,2024-10-24,5.142,5.464,349.3
894,Terai Nepal,27.772252,84.102835,0.621,7.35,2.15,7.9,1553,26.6,0.537,0.51,33,3.4,95.2,removed,flood,IR64,2024-07-26,2024-11-27,4.846,8.64,328.2
895,Coastal Andhra,16.235335,80.682416,1.957,5.45,1.13,27.8,1818,25.6,0.593,0.46,60,4.0,96.5,mulched,drip,Naveen,2024-06-27,2024-10-03,5.308,6.355,270.4
896,Indo-Gangetic Plain,27.372345,82.21632,0.631,6.34,0.67,16.8,1263,30.5,0.638,0.632,29,3.4,93.1,incorporated,flood,Naveen,2024-07-03,2024-11-12,5.233,5.465,369.9
897,Eastern UP,25.990568,82.975405,3.422,6.39,0.68,19.1,1312,26.4,0.688,0.6,63,4.7,47.4,incorporated,alternate_wetting_drying,Naveen,2024-07-01,2024-10-17,5.312,5.751,291.7
898,Eastern UP,26.187644,83.018665,1.307,6.48,0.4,27.6,1092,26.2,0.602,0.504,51,4.9,130.4,removed,flood,Naveen,2024-07-12,2024-11-15,5.142,4.313,308.9
899,Eastern UP,26.38565,83.016397,0.851,5.71,1.27,39.5,1083,26.8,0.771,0.654,5,5.3,142.9,incorporated,drip,Naveen,2024-07-04,2024-11-17,6.134,7.18,222.7
900,Terai Nepal,27.162537,83.794737,0.806,6.48,0.78,39.2,1262,23.5,0.834,0.737,57,5.9,104.6,removed,drip,Naveen,2024-07-01,2024-11-04,6.315,7.413,179.6
901,Mekong Delta,10.048183,105.49455,7.12,6.1,0.86,31.9,1021,26.3,0.52,0.395,57,4.1,115.0,incorporated,flood,Naveen,2024-06-16,2024-10-11,4.269,6.201,435.9
902,Eastern UP,26.10383,82.854576,0.708,7.54,2.26,22.1,1068,29.8,0.62,0.491,58,5.1,95.8,removed,flood,Naveen,2024-07-08,2024-10-28,5.428,9.881,273.6
903,Terai Nepal,27.36367,84.375601,0.871,6.34,0.83,17.9,1235,26.3,0.399,0.227,84,6.5,94.4,mulched,flood,IR64,2024-06-25,2024-10-06,4.003,5.773,323.5
904,Mekong Delta,9.924055,105.13893,3.173,6.1,1.45,20.3,1015,22.2,0.722,0.557,22,0.4,118.1,removed,alternate_wetting_drying,Swarna,2024-06-18,2024-10-06,5.512,6.951,194.2
905,Terai Nepal,27.246178,84.37183,3.093,6.86,0.81,35.3,1026,30.4,0.621,0.535,58,9.2,172.9,removed,flood,Samba Mahsuri,2024-07-05,2024-11-06,5.579,5.771,381.6
906,Mekong Delta,9.741429,105.277898,0.643,7.3,2.0,17.7,957,28.6,0.857,0.677,35,4.4,46.9,removed,flood,Naveen,2024-07-01,2024-10-25,5.91,9.369,271.7
907,Eastern UP,26.256588,83.400125,1.653,6.17,0.83,20.9,947,26.6,0.56,0.529,54,6.4,149.5,incorporated,flood,IR64,2024-06-30,2024-10-09,4.902,6.663,438.6
908,Terai Nepal,27.927403,83.763207,6.411,5.94,0.99,29.9,1376,26.2,0.781,0.621,44,4.5,68.6,mulched,flood,MTU1010,2024-06-24,2024-10-02,5.518,6.867,437.0
909,Indo-Gangetic Plain,26.694939,81.847422,0.292,5.68,1.74,34.9,1394,28.3,0.772,0.689,48,2.7,83.9,removed,flood,Samba Mahsuri,2024-07-23,2024-11-11,6.119,8.975,314.5
910,Indo-Gangetic Plain,25.915964,81.700994,0.347,5.56,1.9,32.5,1385,29.9,0.724,0.628,30,10.1,135.7,incorporated,flood,Samba Mahsuri,2024-07-02,2024-10-03,6.196,9.139,441.7
911,Eastern UP,25.971931,82.784042,0.614,6.12,0.65,23.9,1189,26.3,0.663,0.586,66,5.7,73.1,mulched,flood,MTU1010,2024-06-23,2024-10-16,5.357,5.675,347.3
912,Mekong Delta,10.426822,105.812318,0.813,6.47,2.18,13.1,623,25.7,0.64,0.58,69,5.6,68.8,incorporated,flood,Samba Mahsuri,2024-06-29,2024-10-17,5.322,9.173,370.8
913,Eastern UP,26.183164,83.013875,1.076,6.33,1.05,22.3,1023,26.7,0.577,0.466,44,2.9,87.0,incorporated,drip,MTU1010,2024-07-10,2024-10-27,5.316,6.018,235.1
914,Terai Nepal,26.999411,83.866458,0.911,5.97,0.85,25.1,983,27.2,0.604,0.496,66,7.5,135.1,removed,alternate_wetting_drying,IR64,2024-07-13,2024-11-06,5.631,6.956,216.3
915,Mekong Delta,10.051589,105.326625,2.058,5.99,1.33,22.4,1279,26.9,0.552,0.397,22,6.9,30.6,incorporated,alternate_wetting_drying,Swarna,2024-07-02,2024-10-27,4.592,6.854,301.9
916,Mekong Delta,10.036767,105.34531,2.776,6.08,1.31,38.5,949,29.1,0.712,0.614,20,2.8,100.1,mulched,alternate_wetting_drying,Naveen,2024-06-20,2024-10-16,5.609,8.785,224.4
917,Coastal Andhra,16.509173,81.088944,0.876,6.7,1.46,8.5,1619,28.2,0.817,0.631,42,7.6,69.8,incorporated,alternate_wetting_drying,IR64,2024-06-30,2024-10-19,5.99,8.44,350.6
918,Eastern UP,26.097351,82.649781,0.781,7.2,0.76,26.7,1143,28.3,0.547,0.443,49,5.7,92.8,incorporated,flood,Swarna,2024-07-08,2024-10-21,4.649,4.951,389.5
919,Eastern UP,26.133538,82.850929,2.204,5.95,0.93,36.2,1331,24.5,0.654,0.459,48,4.6,121.3,mulched,alternate_wetting_drying,Samba Mahsuri,2024-07-08,2024-11-01,5.544,6.565,291.0
920,Terai Nepal,27.613557,84.188931,1.621,6.32,2.16,38.2,1270,26.5,0.632,0.515,44,8.4,106.8,incorporated,flood,IR64,2024-06-25,2024-10-12,5.403,8.972,422.7
921,Coastal Andhra,16.256839,81.385367,1.324,6.46,1.25,16.5,1730,27.4,0.669,0.573,4,3.0,47.2,removed,drip,MTU1010,2024-06-21,2024-10-12,5.503,6.622,204.0
922,Terai Nepal,27.585595,84.223592,0.892,6.49,1.04,24.2,1452,28.7,0.376,0.226,36,6.2,75.7,removed,drip,MTU1010,2024-07-04,2024-10-26,4.17,5.9,184.4
923,Terai Nepal,27.312586,84.046028,0.487,5.46,1.54,5.7,906,22.5,0.592,0.47,47,12.2,128.0,incorporated,flood,Naveen,2024-06-25,2024-10-09,5.224,7.302,430.8
924,Coastal Andhra,16.456515,81.169423,3.3,6.63,2.07,16.0,400,25.8,0.55,0.524,77,1.0,110.4,incorporated,flood,IR64,2024-07-25,2024-11-26,5.401,8.475,309.9
925,Eastern UP,26.475732,83.316739,1.006,5.58,1.9,38.7,998,29.3,0.61,0.435,32,10.9,117.5,removed,flood,MTU1010,2024-07-22,2024-11-04,4.863,8.184,333.7
926,Indo-Gangetic Plain,26.663446,81.551597,2.52,6.57,1.58,30.3,1374,24.0,0.79,0.676,33,4.6,102.7,incorporated,alternate_wetting_drying,Naveen,2024-07-06,2024-10-26,5.863,8.669,298.5
927,Eastern UP,26.625509,82.313232,1.955,6.93,1.47,26.8,1365,29.2,0.563,0.448,40,1.7,115.1,mulched,drip,MTU1010,2024-06-29,2024-10-04,5.319,6.974,180.0
928,Eastern UP,26.180672,82.795184,1.401,6.13,1.81,17.9,1159,24.3,0.59,0.516,41,2.3,132.5,mulched,alternate_wetting_drying,Swarna,2024-07-03,2024-10-28,4.971,8.142,245.5
929,Terai Nepal,27.426454,83.778512,1.817,7.07,1.18,20.6,1360,28.8,0.836,0.766,66,5.3,29.3,mulched,flood,IR64,2024-07-20,2024-11-16,5.783,7.919,339.6
930,Coastal Andhra,16.209902,81.402404,1.645,5.5,2.03,21.2,1498,26.2,0.586,0.49,98,11.0,71.3,mulched,drip,Naveen,2024-07-17,2024-11-12,5.2,10.059,303.4
931,Coastal Andhra,16.524415,81.382517,1.632,5.84,1.3,18.5,1041,29.8,0.674,0.597,14,2.7,87.9,incorporated,flood,Samba Mahsuri,2024-07-21,2024-11-30,5.246,6.128,327.7
932,Terai Nepal,27.537463,84.122393,2.482,6.03,1.6,11.1,1219,26.4,0.563,0.415,70,8.2,103.3,mulched,flood,IR64,2024-06-22,2024-10-10,5.163,7.104,343.1
933,Coastal Andhra,17.022836,81.139695,2.875,6.97,1.06,39.1,1297,27.0,0.64,0.518,16,7.7,105.4,incorporated,flood,Swarna,2024-06-29,2024-10-18,5.543,5.509,426.1
934,Coastal Andhra,16.605911,81.070453,0.462,5.49,0.64,26.0,1532,28.5,0.791,0.663,14,6.3,106.4,removed,flood,Samba Mahsuri,2024-07-03,2024-10-22,6.089,5.63,293.1
935,Mekong Delta,10.252922,105.665929,1.099,7.05,1.64,20.1,1258,30.8,0.689,0.63,16,0.6,18.3,removed,flood,Swarna,2024-06-30,2024-10-07,5.449,8.254,285.1
936,Coastal Andhra,16.553922,81.573567,1.256,7.2,1.09,28.7,1220,33.0,0.632,0.493,50,8.4,112.1,mulched,alternate_wetting_drying,Naveen,2024-07-08,2024-10-28,4.959,6.952,275.3
937,Indo-Gangetic Plain,26.457168,81.596698,1.814,5.56,1.71,20.9,1037,27.7,0.546,0.432,26,3.3,104.2,incorporated,flood,Swarna,2024-06-23,2024-10-25,5.467,7.26,375.3
938,Terai Nepal,27.415049,84.281573,0.858,6.78,1.72,33.3,1622,26.3,0.735,0.63,51,5.8,108.9,incorporated,drip,IR64,2024-07-04,2024-10-23,5.979,8.161,259.8
939,Indo-Gangetic Plain,26.354291,81.431358,1.565,6.81,0.97,32.1,722,28.7,0.689,0.624,55,2.4,128.7,removed,alternate_wetting_drying,MTU1010,2024-07-10,2024-10-30,5.763,7.405,224.5
940,Eastern UP,26.248003,83.203234,7.439,7.15,0.89,17.6,1188,25.9,0.66,0.543,51,0.0,63.6,incorporated,alternate_wetting_drying,IR64,2024-07-12,2024-11-04,5.049,5.82,245.3
941,Eastern UP,26.015787,83.048043,0.679,6.02,1.38,19.8,1471,30.9,0.69,0.585,2,7.2,50.0,incorporated,alternate_wetting_drying,Swarna,2024-06-30,2024-10-27,5.038,6.729,289.1
942,Indo-Gangetic Plain,26.115027,81.726679,3.249,6.11,1.1,27.4,879,30.4,0.651,0.563,71,7.7,158.8,incorporated,alternate_wetting_drying,Swarna,2024-06-30,2024-11-15,5.51,7.501,347.6
943,Eastern UP,26.173856,82.856255,1.804,6.16,0.31,5.0,1350,26.3,0.77,0.65,51,3.6,108.3,incorporated,flood,Swarna,2024-07-20,2024-11-06,5.886,4.852,355.6
944,Eastern UP,25.586712,82.534887,0.486,6.9,0.2,18.3,970,26.3,0.427,0.307,13,8.4,68.2,mulched,flood,Naveen,2024-07-04,2024-10-20,3.683,3.17,310.4
945,Coastal Andhra,16.617682,80.931016,1.557,7.39,1.04,30.5,1358,26.1,0.762,0.682,56,4.3,91.5,incorporated,flood,Swarna,2024-07-14,2024-12-03,5.642,7.012,394.0
946,Indo-Gangetic Plain,26.375763,81.783952,0.822,6.36,1.42,32.8,1238,30.5,0.664,0.654,16,7.1,78.6,incorporated,flood,IR64,2024-07-01,2024-11-06,5.373,6.868,396.9
947,Terai Nepal,27.524911,84.126635,2.094,7.28,1.34,14.3,1119,24.5,0.854,0.654,61,7.6,98.8,mulched,flood,MTU1010,2024-07-08,2024-11-01,6.404,7.901,358.9
948,Eastern UP,26.078714,82.907102,2.936,5.95,0.65,15.3,1086,27.1,0.727,0.689,52,3.2,86.2,mulched,alternate_wetting_drying,IR64,2024-07-17,2024-10-19,5.883,5.474,244.8
949,Mekong Delta,10.14349,105.510081,1.538,6.43,0.88,15.4,484,26.5,0.832,0.696,50,2.8,124.9,incorporated,alternate_wetting_drying,Naveen,2024-07-03,2024-10-24,6.473,6.646,202.1
950,Terai Nepal,27.530965,83.78634,0.121,7.14,0.36,30.9,1209,32.3,0.77,0.695,27,9.5,38.3,mulched,flood,Samba Mahsuri,2024-07-06,2024-11-02,5.373,4.896,359.2
951,Coastal Andhra,16.56475,80.809107,1.288,6.57,1.29,33.5,1669,25.5,0.613,0.522,12,2.0,109.7,removed,drip,Naveen,2024-07-24,2024-11-28,4.933,6.62,193.6
952,Indo-Gangetic Plain,26.305493,81.499665,2.046,6.43,1.05,19.5,1761,27.9,0.716,0.608,51,9.2,81.2,incorporated,alternate_wetting_drying,Swarna,2024-06-20,2024-10-20,5.295,7.968,303.0
953,Terai Nepal,27.724894,83.856698,1.338,6.37,0.2,31.7,1430,25.8,0.727,0.671,23,5.7,65.6,removed,flood,Naveen,2024-07-03,2024-11-01,5.054,3.868,256.8
954,Terai Nepal,27.16388,83.818837,2.254,6.64,1.38,12.4,1255,27.8,0.84,0.741,35,2.7,92.1,mulched,drip,Samba Mahsuri,2024-07-03,2024-10-31,6.072,7.947,197.6
955,Mekong Delta,9.974575,105.204576,4.2,7.03,0.74,22.6,1029,25.8,0.754,0.671,92,0.0,89.0,mulched,alternate_wetting_drying,IR64,2024-06-21,2024-09-24,5.568,6.383,213.5
956,Terai Nepal,27.528739,83.867419,0.572,6.93,1.07,33.6,1478,30.3,0.589,0.536,75,5.3,137.2,incorporated,drip,MTU1010,2024-06-23,2024-10-16,5.398,7.137,266.1
957,Mekong Delta,9.97123,105.25393,0.606,7.03,1.34,29.4,1389,27.5,0.525,0.415,39,4.4,57.0,incorporated,flood,Samba Mahsuri,2024-06-19,2024-10-12,4.54,6.75,355.7
958,Indo-Gangetic Plain,26.753459,82.044104,1.735,5.89,1.02,24.4,1529,25.6,0.647,0.475,108,2.4,94.9,removed,flood,Swarna,2024-06-19,2024-10-18,5.133,8.117,284.1
959,Terai Nepal,27.12962,84.302622,1.163,6.94,0.79,13.9,1416,30.2,0.545,0.394,20,0.1,110.5,removed,flood,Naveen,2024-06-25,2024-11-05,4.802,4.721,283.4
960,Coastal Andhra,16.906113,81.642408,1.023,5.91,1.04,13.2,1134,26.1,0.737,0.748,26,2.8,131.5,removed,drip,Samba Mahsuri,2024-06-23,2024-09-26,5.907,6.545,145.0
961,Terai Nepal,27.129892,84.075699,1.497,5.91,0.91,6.6,1613,23.8,0.715,0.617,77,2.6,92.1,incorporated,flood,Naveen,2024-06-18,2024-10-19,5.878,6.149,376.5
962,Terai Nepal,27.671908,83.959217,2.42,6.98,1.76,32.8,1270,23.9,0.608,0.534,22,3.3,38.7,removed,drip,IR64,2024-07-13,2024-11-10,5.147,8.144,121.8
963,Eastern UP,26.140817,83.112583,0.962,6.39,1.24,16.6,1315,27.3,0.634,0.488,42,7.0,48.4,incorporated,flood,MTU1010,2024-07-13,2024-10-24,4.805,7.067,416.3
964,Eastern UP,26.388271,82.636728,0.736,6.52,0.63,20.8,1573,28.8,0.75,0.699,1,3.7,8.5,removed,alternate_wetting_drying,Samba Mahsuri,2024-07-09,2024-11-12,5.596,4.318,202.7
965,Terai Nepal,27.316218,84.037428,1.55,6.95,1.06,35.1,1328,22.9,0.87,0.818,92,4.5,78.0,removed,flood,IR64,2024-07-08,2024-11-01,6.524,7.743,281.4
966,Mekong Delta,10.663983,105.561497,1.336,6.3,0.73,38.8,1762,24.8,0.64,0.563,34,8.6,44.1,incorporated,drip,Naveen,2024-07-09,2024-10-17,5.3,6.0,288.1
967,Indo-Gangetic Plain,26.865139,81.543338,0.991,6.46,0.2,14.1,955,29.4,0.565,0.506,65,0.1,17.5,incorporated,flood,Samba Mahsuri,2024-07-01,2024-10-31,4.917,3.667,262.7
968,Eastern UP,25.871169,82.866116,1.253,6.28,1.29,28.7,400,22.2,0.548,0.434,25,11.9,121.3,removed,alternate_wetting_drying,MTU1010,2024-07-24,2024-11-10,4.785,6.902,262.7
969,Indo-Gangetic Plain,26.628035,81.615595,0.546,6.69,2.14,18.5,983,26.2,0.491,0.364,67,6.4,84.1,incorporated,alternate_wetting_drying,MTU1010,2024-06-24,2024-10-07,4.911,9.098,340.7
970,Terai Nepal,27.3561,83.884975,0.699,6.21,1.14,22.5,1329,25.8,0.835,0.787,31,6.2,111.6,mulched,flood,IR64,2024-06-22,2024-10-16,6.164,7.939,346.4
971,Coastal Andhra,16.525669,81.1348,0.616,7.23,1.03,30.5,1650,25.3,0.724,0.603,10,8.6,93.5,incorporated,flood,MTU1010,2024-06-29,2024-11-02,5.417,7.134,443.5
972,Indo-Gangetic Plain,26.425439,82.294046,0.692,5.85,1.24,5.0,1599,23.7,0.868,0.808,9,6.7,108.4,mulched,flood,Swarna,2024-07-10,2024-11-03,6.772,8.254,350.4
973,Coastal Andhra,16.407095,81.045138,1.34,6.11,1.16,25.7,1548,30.4,0.578,0.492,65,4.5,115.0,incorporated,alternate_wetting_drying,Naveen,2024-07-14,2024-10-31,4.991,6.865,309.3
974,Eastern UP,26.046492,83.230167,1.874,6.97,0.77,14.0,1083,27.0,0.621,0.615,88,4.2,96.0,incorporated,flood,Naveen,2024-07-17,2024-11-13,5.282,5.874,411.8
975,Eastern UP,25.747932,82.938653,0.424,7.02,1.2,31.7,620,26.3,0.67,0.676,61,4.0,28.6,removed,alternate_wetting_drying,MTU1010,2024-06-29,2024-10-21,5.316,7.873,204.7
976,Eastern UP,26.934425,83.216646,0.838,5.66,1.4,5.9,1406,23.5,0.534,0.574,48,5.8,91.0,incorporated,alternate_wetting_drying,Naveen,2024-06-17,2024-10-27,5.224,6.818,293.5
977,Mekong Delta,9.924406,105.833367,3.418,6.34,0.88,38.3,1330,27.1,0.517,0.346,47,5.0,109.0,removed,alternate_wetting_drying,Naveen,2024-07-05,2024-10-29,4.03,6.32,245.7
978,Eastern UP,25.991215,83.013889,1.982,6.44,1.03,38.7,1417,28.6,0.546,0.399,47,2.0,114.4,incorporated,flood,Naveen,2024-06-23,2024-09-21,4.446,5.88,411.2
979,Terai Nepal,27.432007,83.810743,2.383,7.74,1.27,34.4,1303,28.9,0.51,0.435,54,8.6,61.4,mulched,flood,MTU1010,2024-06-15,2024-10-05,4.478,7.142,329.5
980,Mekong Delta,10.51195,105.657263,1.694,6.91,2.58,24.0,1630,24.9,0.748,0.559,43,0.0,109.8,mulched,alternate_wetting_drying,Naveen,2024-07-02,2024-10-09,6.36,10.465,227.1
981,Mekong Delta,9.697569,105.86276,2.564,5.65,0.82,17.8,1578,25.5,0.733,0.666,71,8.5,148.4,removed,flood,IR64,2024-07-03,2024-11-13,5.805,6.084,365.5
982,Eastern UP,25.950478,83.002953,0.819,7.11,0.91,19.4,1428,32.4,0.59,0.553,73,5.6,107.6,incorporated,drip,IR64,2024-07-05,2024-10-24,4.668,6.241,248.9
983,Indo-Gangetic Plain,26.867267,81.895273,1.008,6.67,0.2,6.8,1373,26.4,0.631,0.564,38,8.6,94.6,incorporated,flood,Swarna,2024-07-15,2024-11-12,5.466,3.507,432.8
984,Terai Nepal,28.103996,83.842934,0.655,5.82,1.09,15.0,1702,27.5,0.767,0.682,16,1.1,58.2,mulched,alternate_wetting_drying,MTU1010,2024-07-08,2024-10-25,5.821,7.125,260.4
985,Mekong Delta,10.064911,105.772635,1.245,6.5,0.2,38.2,1149,27.6,0.681,0.619,38,2.7,138.4,mulched,flood,Samba Mahsuri,2024-06-13,2024-10-09,5.91,3.754,336.1
986,Terai Nepal,27.761154,83.843382,2.065,6.74,1.82,21.2,1111,27.4,0.643,0.504,39,1.8,137.4,incorporated,flood,Swarna,2024-07-24,2024-11-06,5.589,7.844,408.7
987,Terai Nepal,27.330888,84.032044,2.121,7.22,0.6,7.2,1433,27.3,0.67,0.53,24,4.3,108.3,removed,alternate_wetting_drying,Samba Mahsuri,2024-06-25,2024-10-24,5.359,4.071,242.6
988,Eastern UP,25.691416,82.450225,1.582,6.42,1.72,33.1,1187,23.4,0.506,0.495,41,3.0,83.7,incorporated,alternate_wetting_drying,Swarna,2024-07-06,2024-11-04,5.106,7.59,274.0
989,Terai Nepal,27.044819,84.283258,0.706,5.74,1.55,17.3,1020,30.5,0.712,0.582,10,7.1,80.3,incorporated,drip,Swarna,2024-06-30,2024-10-11,6.083,8.3,248.4
990,Terai Nepal,27.346881,83.706404,1.69,6.82,0.97,43.0,1210,27.0,0.657,0.591,20,3.9,112.2,incorporated,flood,MTU1010,2024-06-16,2024-10-08,5.447,6.204,400.8
991,Mekong Delta,9.276993,105.798822,0.799,6.33,1.22,14.0,827,27.5,0.877,0.825,21,1.3,82.1,incorporated,flood,MTU1010,2024-06-25,2024-10-17,5.878,7.964,339.4
992,Coastal Andhra,16.965983,81.475917,0.875,6.74,1.68,26.5,1083,26.8,0.663,0.56,55,1.9,67.3,removed,alternate_wetting_drying,Samba Mahsuri,2024-07-01,2024-11-07,5.048,8.706,159.7
993,Indo-Gangetic Plain,26.381766,81.913884,4.621,6.51,1.99,32.3,1168,25.4,0.744,0.683,35,7.0,81.6,removed,flood,Samba Mahsuri,2024-07-01,2024-10-22,5.718,8.138,306.4
994,Eastern UP,25.864882,82.856285,1.226,6.58,0.2,31.5,1113,31.8,0.507,0.45,39,6.2,21.7,removed,flood,MTU1010,2024-06-26,2024-10-08,4.207,3.807,301.6
995,Eastern UP,25.986427,83.257012,1.865,6.74,1.62,35.3,1498,29.4,0.506,0.501,25,3.6,122.5,incorporated,flood,MTU1010,2024-07-04,2024-10-22,5.526,8.103,395.5
996,Indo-Gangetic Plain,26.368484,82.132643,2.222,6.91,0.24,19.3,856,23.5,0.648,0.654,69,7.2,146.7,incorporated,flood,MTU1010,2024-06-24,2024-10-20,5.564,4.864,404.3
997,Indo-Gangetic Plain,26.385653,82.07266,1.298,7.13,1.25,21.6,744,27.2,0.642,0.643,19,3.2,69.1,removed,flood,MTU1010,2024-07-04,2024-10-27,5.023,6.693,226.1
998,Mekong Delta,10.098596,105.057814,2.83,6.19,1.01,33.7,1383,32.0,0.534,0.481,15,5.4,80.5,removed,flood,Samba Mahsuri,2024-06-28,2024-10-06,4.93,5.511,287.8
999,Indo-Gangetic Plain,26.853021,82.225701,1.743,7.43,0.71,20.3,1078,23.7,0.554,0.508,5,2.3,87.7,removed,flood,Samba Mahsuri,2024-07-22,2024-11-19,5.01,4.379,235.8
1000,Terai Nepal,27.763373,83.63034,1.419,5.94,0.36,32.8,1472,28.1,0.628,0.591,15,2.1,81.8,removed,alternate_wetting_drying,IR64,2024-07-15,2024-11-08,4.844,3.295,166.9
1001,Coastal Andhra,16.229811,81.128361,0.833,6.2,1.12,39.4,1336,30.1,0.652,0.488,50,2.6,127.0,mulched,alternate_wetting_drying,Samba Mahsuri,2024-07-19,2024-11-30,5.085,6.239,223.1
1002,Coastal Andhra,16.742476,81.366151,0.729,7.41,1.87,7.2,1478,26.4,0.685,0.626,48,1.7,61.9,incorporated,flood,MTU1010,2024-07-10,2024-11-05,5.467,9.577,333.6
1003,Mekong Delta,10.134054,105.988412,0.987,6.54,1.29,21.3,604,28.1,0.9,0.75,93,7.7,84.7,removed,flood,IR64,2024-07-11,2024-11-14,6.713,8.878,306.9
1004,Coastal Andhra,16.294637,81.655837,1.277,6.8,1.45,28.8,1214,29.5,0.795,0.798,9,3.4,51.0,removed,flood,MTU1010,2024-06-27,2024-10-16,6.363,6.907,253.2
1005,Indo-Gangetic Plain,26.534465,81.965348,1.908,6.01,1.29,19.2,1401,24.2,0.728,0.618,13,10.2,109.5,removed,alternate_wetting_drying,Naveen,2024-06-24,2024-10-15,5.549,7.223,263.0
1006,Mekong Delta,9.923735,105.305017,1.48,5.86,1.11,24.9,1191,27.2,0.55,0.486,26,0.1,102.0,incorporated,alternate_wetting_drying,Swarna,2024-07-13,2024-11-03,4.699,5.783,285.8
1007,Coastal Andhra,16.307919,81.291998,1.692,5.62,0.68,5.0,1268,31.7,0.567,0.477,70,5.8,55.9,removed,alternate_wetting_drying,IR64,2024-07-20,2024-12-06,4.41,5.448,221.3
1008,Indo-Gangetic Plain,26.867113,81.640323,3.472,7.15,1.83,40.7,1537,26.2,0.83,0.775,25,3.6,101.7,removed,flood,Samba Mahsuri,2024-06-25,2024-11-02,6.452,8.756,327.9
1009,Coastal Andhra,17.67084,81.892204,1.076,6.75,1.8,12.1,1406,29.5,0.693,0.524,48,8.3,98.3,incorporated,alternate_wetting_drying,Samba Mahsuri,2024-06-19,2024-10-08,5.988,9.369,301.3
1010,Coastal Andhra,16.597806,81.342608,1.38,6.98,1.0,31.3,1550,26.4,0.747,0.666,10,0.9,106.1,removed,flood,MTU1010,2024-06-16,2024-10-22,5.685,5.875,325.1
1011,Mekong Delta,10.049561,105.987464,1.992,5.44,1.89,37.0,1662,29.8,0.587,0.58,74,7.3,21.0,incorporated,flood,MTU1010,2024-06-25,2024-10-02,4.919,9.079,364.4
1012,Mekong Delta,10.058873,105.229956,0.939,6.04,1.91,32.8,1211,25.6,0.555,0.449,91,5.0,132.1,removed,alternate_wetting_drying,Naveen,2024-07-07,2024-10-14,5.47,9.069,238.2
1013,Mekong Delta,9.77403,105.367762,2.934,7.2,1.3,5.0,1953,27.0,0.612,0.539,54,6.2,123.3,incorporated,flood,IR64,2024-06-25,2024-10-15,5.19,7.464,427.2
1014,Mekong Delta,10.667372,105.902348,0.571,7.12,2.0,20.5,1174,25.6,0.515,0.336,0,3.0,75.2,incorporated,flood,Samba Mahsuri,2024-07-06,2024-11-13,4.595,8.363,393.4
1015,Terai Nepal,27.12997,83.925185,0.729,6.52,0.51,31.2,1415,30.8,0.752,0.61,62,4.3,146.7,mulched,drip,Naveen,2024-07-10,2024-11-14,5.983,6.463,224.6
1016,Eastern UP,26.482078,83.429637,2.266,6.25,0.54,30.6,1365,26.0,0.49,0.307,55,1.4,85.6,incorporated,alternate_wetting_drying,IR64,2024-06-21,2024-10-18,4.247,4.324,288.7
1017,Eastern UP,26.320682,83.384768,1.206,6.31,1.2,42.0,1121,30.7,0.632,0.575,0,6.7,116.9,incorporated,alternate_wetting_drying,Naveen,2024-06-23,2024-10-08,5.833,6.967,270.4
1018,Indo-Gangetic Plain,27.145477,82.26554,1.962,6.17,1.14,30.2,1191,30.2,0.676,0.605,53,4.0,115.4,incorporated,alternate_wetting_drying,Naveen,2024-06-30,2024-10-18,5.708,6.624,270.7
1019,Coastal Andhra,16.78849,81.180142,1.257,6.27,0.51,35.7,1174,22.3,0.633,0.601,59,6.4,142.8,removed,alternate_wetting_drying,Naveen,2024-06-20,2024-10-04,5.887,5.195,268.7
1020,Coastal Andhra,16.462662,80.84263,2.279,5.85,1.78,23.1,1095,23.7,0.525,0.417,4,7.1,71.6,removed,drip,Naveen,2024-07-01,2024-10-20,5.428,7.903,187.1
1021,Terai Nepal,27.877624,84.177315,0.625,6.29,1.94,21.4,992,28.8,0.616,0.488,44,2.6,65.7,incorporated,flood,IR64,2024-06-18,2024-10-18,4.909,9.375,366.8
1022,Eastern UP,26.115096,83.523907,0.703,7.24,1.47,11.9,1089,27.8,0.846,0.704,29,6.3,0.0,removed,flood,Naveen,2024-07-14,2024-10-31,5.107,8.021,248.1
1023,Mekong Delta,9.967798,105.67076,1.126,7.1,1.91,35.9,997,32.0,0.519,0.38,75,11.4,127.4,removed,flood,MTU1010,2024-06-28,2024-10-23,5.38,9.443,355.3
1024,Coastal Andhra,16.301773,81.524823,0.97,7.24,0.56,27.3,1268,28.2,0.608,0.486,40,3.4,139.5,incorporated,flood,IR64,2024-07-05,2024-10-21,5.009,4.921,412.4
1025,Terai Nepal,27.466658,84.406424,1.09,6.62,0.91,21.1,1011,28.7,0.695,0.648,59,10.4,66.9,mulched,flood,IR64,2024-06-27,2024-10-08,5.79,6.232,360.9
1026,Coastal Andhra,16.85063,81.756404,1.399,5.23,1.66,27.1,946,28.8,0.874,0.763,4,9.3,90.8,mulched,alternate_wetting_drying,Naveen,2024-07-12,2024-11-01,6.488,8.52,285.5
1027,Coastal Andhra,16.74616,81.248711,0.524,6.82,1.72,10.0,1355,27.3,0.39,0.269,82,5.4,20.8,removed,alternate_wetting_drying,MTU1010,2024-07-09,2024-11-03,4.145,7.757,176.4
1028,Terai Nepal,27.700143,84.396192,2.66,6.89,0.4,9.0,1420,23.0,0.717,0.603,33,0.0,97.1,mulched,flood,Swarna,2024-07-10,2024-11-21,5.189,4.072,313.1
1029,Coastal Andhra,16.291511,80.903587,1.365,5.62,1.8,34.1,1607,25.7,0.675,0.534,41,3.3,94.2,removed,flood,MTU1010,2024-07-02,2024-11-09,5.505,8.187,288.0
1030,Eastern UP,26.23279,82.362666,0.667,5.69,1.1,49.2,1338,31.2,0.619,0.451,96,4.7,71.1,incorporated,flood,Samba Mahsuri,2024-06-21,2024-10-15,4.72,7.885,387.7
1031,Coastal Andhra,16.653775,81.376707,1.55,6.85,1.22,14.5,644,25.6,0.634,0.471,42,4.4,103.5,incorporated,alternate_wetting_drying,Naveen,2024-07-02,2024-10-24,5.49,6.241,277.1
1032,Eastern UP,26.123203,82.948838,1.561,6.1,1.6,33.9,1192,27.3,0.53,0.4,39,0.0,94.6,incorporated,flood,IR64,2024-07-04,2024-11-09,4.907,7.857,373.4
1033,Indo-Gangetic Plain,26.420319,81.873652,2.575,5.65,0.8,17.3,1408,23.0,0.798,0.699,71,8.7,62.5,incorporated,flood,Samba Mahsuri,2024-07-05,2024-10-30,5.749,6.144,452.3
1034,Eastern UP,26.265918,82.65886,0.889,6.71,0.91,37.7,1547,30.0,0.729,0.58,45,3.3,72.2,removed,flood,IR64,2024-06-19,2024-10-15,5.431,6.577,274.2
1035,Indo-Gangetic Plain,26.495383,81.946116,0.663,7.67,1.36,20.7,952,26.0,0.606,0.504,73,2.6,96.2,removed,flood,MTU1010,2024-07-12,2024-10-20,5.397,7.366,244.5
1036,Coastal Andhra,16.54713,81.097355,0.704,6.04,1.56,21.2,831,27.2,0.568,0.435,82,0.0,65.3,mulched,flood,Swarna,2024-07-06,2024-11-04,4.585,8.108,262.5
1037,Coastal Andhra,16.767353,81.418792,0.932,6.98,1.78,25.3,1494,31.1,0.88,0.81,56,7.1,89.3,removed,alternate_wetting_drying,MTU1010,2024-07-17,2024-10-24,6.545,8.552,289.7
1038,Indo-Gangetic Plain,26.70695,82.33386,1.035,6.63,1.01,36.1,434,29.8,0.431,0.342,18,4.6,70.7,removed,alternate_wetting_drying,IR64,2024-07-01,2024-10-26,4.444,5.524,182.1
1039,Coastal Andhra,16.386237,81.149649,0.73,5.5,0.94,38.5,1217,30.4,0.671,0.61,76,5.6,123.7,incorporated,alternate_wetting_drying,Swarna,2024-06-24,2024-10-16,5.556,7.024,322.6
1040,Coastal Andhra,16.668622,81.187493,1.708,7.05,0.57,36.0,1182,30.6,0.802,0.754,45,0.0,76.5,mulched,flood,Samba Mahsuri,2024-07-08,2024-10-26,5.57,5.908,273.8
1041,Mekong Delta,10.058883,105.711631,0.704,7.25,0.9,17.4,665,27.7,0.868,0.75,26,6.5,118.0,removed,flood,Swarna,2024-07-16,2024-11-12,6.513,7.062,272.1
1042,Indo-Gangetic Plain,26.371627,82.349141,2.632,6.99,1.23,5.0,1447,29.0,0.684,0.56,24,4.0,61.3,removed,drip,MTU1010,2024-07-03,2024-11-06,5.224,7.356,129.2
1043,Eastern UP,25.909677,82.833542,1.399,5.71,1.35,33.4,1397,27.7,0.719,0.599,71,4.3,58.0,removed,flood,Swarna,2024-07-08,2024-11-09,5.471,7.124,281.0
1044,Indo-Gangetic Plain,26.5337,82.453342,1.514,6.44,1.27,12.8,1291,22.0,0.546,0.441,74,9.3,81.7,removed,alternate_wetting_drying,MTU1010,2024-07-06,2024-10-22,4.816,7.565,241.1
1045,Indo-Gangetic Plain,26.618554,82.20987,1.555,6.51,1.62,41.1,1456,26.5,0.63,0.536,68,3.4,54.1,incorporated,flood,MTU1010,2024-07-09,2024-10-31,5.434,8.082,386.4
1046,Terai Nepal,27.179539,84.161864,1.479,6.04,0.65,39.4,1307,23.6,0.495,0.413,63,6.8,129.6,incorporated,flood,Swarna,2024-06-20,2024-09-30,4.762,4.745,483.7
1047,Mekong Delta,10.10102,105.242659,0.35,7.1,0.69,19.6,1075,24.7,0.641,0.568,60,5.4,140.1,incorporated,flood,Naveen,2024-07-19,2024-11-29,5.619,5.947,398.1
1048,Indo-Gangetic Plain,26.001859,81.883773,0.443,5.54,1.09,28.1,926,27.9,0.663,0.536,18,11.0,50.1,incorporated,drip,MTU1010,2024-06-28,2024-10-18,4.497,6.527,223.0
1049,Eastern UP,26.066089,82.558376,2.006,6.48,2.28,39.1,1266,26.8,0.405,0.263,43,3.6,90.8,incorporated,alternate_wetting_drying,Samba Mahsuri,2024-07-20,2024-11-07,3.962,9.557,288.1
1050,Coastal Andhra,16.296531,80.736895,0.953,6.52,1.52,26.8,1201,29.6,0.757,0.561,49,0.0,105.0,incorporated,alternate_wetting_drying,Swarna,2024-07-27,2024-11-30,6.273,7.602,269.1
1051,Terai Nepal,27.346227,83.80711,1.173,6.83,0.22,27.0,1706,26.7,0.412,0.322,52,6.1,95.4,mulched,alternate_wetting_drying,MTU1010,2024-07-24,2024-11-08,4.0,3.059,276.0
1052,Coastal Andhra,17.163964,81.172694,2.83,6.32,1.37,18.9,1504,25.4,0.543,0.441,65,5.5,73.6,incorporated,flood,MTU1010,2024-06-26,2024-10-04,4.718,7.524,388.8
1053,Terai Nepal,27.399393,83.841119,0.88,6.42,2.05,23.5,964,27.1,0.861,0.786,15,3.5,94.5,removed,alternate_wetting_drying,Samba Mahsuri,2024-07-11,2024-11-26,6.548,9.116,198.5
1054,Terai Nepal,27.240074,83.797441,1.774,5.89,1.47,33.3,1400,27.6,0.433,0.394,11,3.9,91.1,mulched,flood,IR64,2024-06-23,2024-10-12,4.669,6.731,319.3
1055,Terai Nepal,27.277522,83.887769,1.366,6.85,1.42,24.5,1072,28.0,0.636,0.446,59,2.2,73.3,incorporated,alternate_wetting_drying,IR64,2024-07-05,2024-11-07,4.91,7.914,296.5
1056,Mekong Delta,10.009589,105.55259,0.98,7.25,0.9,38.9,1618,28.1,0.612,0.554,0,6.6,51.1,removed,alternate_wetting_drying,Naveen,2024-06-25,2024-10-24,4.861,4.376,200.3
1057,Indo-Gangetic Plain,26.387417,82.463742,1.285,6.37,1.72,23.4,965,30.3,0.645,0.456,36,1.0,63.1,removed,alternate_wetting_drying,Swarna,2024-06-28,2024-11-16,4.916,8.114,132.8
1058,Mekong Delta,10.366879,105.621391,3.592,6.48,1.17,27.2,2276,29.6,0.549,0.429,48,7.2,155.6,incorporated,flood,Swarna,2024-07-10,2024-10-27,5.079,5.869,502.0
1059,Coastal Andhra,16.58807,81.014406,1.482,6.68,1.72,29.4,1041,27.6,0.569,0.442,31,0.8,50.4,removed,flood,Naveen,2024-06-23,2024-10-20,4.767,7.663,246.6
1060,Mekong Delta,10.476274,105.327324,1.069,6.44,1.77,38.4,1342,30.1,0.671,0.58,74,6.5,64.3,removed,flood,Samba Mahsuri,2024-07-14,2024-10-25,5.195,9.296,295.4
1061,Eastern UP,26.385997,82.664251,1.435,6.3,1.08,31.8,965,28.1,0.706,0.645,67,9.1,160.9,incorporated,drip,MTU1010,2024-07-02,2024-11-01,5.982,7.676,245.0
1062,Coastal Andhra,16.209842,81.251288,0.973,6.24,0.82,28.0,1151,24.6,0.666,0.551,83,3.3,76.4,removed,flood,MTU1010,2024-06-22,2024-09-29,5.107,5.995,259.5
1063,Terai Nepal,27.316941,83.947427,3.065,6.75,0.48,6.7,1228,32.8,0.813,0.694,64,7.6,32.8,incorporated,alternate_wetting_drying,Samba Mahsuri,2024-07-07,2024-10-24,5.537,6.016,286.8
1064,Indo-Gangetic Plain,26.520203,82.342632,1.596,6.56,1.5,27.3,1552,27.6,0.646,0.599,75,2.2,98.3,removed,drip,IR64,2024-07-13,2024-11-11,5.636,8.342,173.3
1065,Eastern UP,26.101015,82.623729,3.468,5.88,1.22,31.2,1404,28.9,0.459,0.405,48,6.4,134.0,removed,flood,IR64,2024-06-29,2024-10-05,4.875,6.588,305.7
1066,Terai Nepal,27.711215,83.471242,0.905,5.74,1.01,29.7,1018,29.2,0.547,0.403,77,8.0,78.0,incorporated,drip,MTU1010,2024-06-14,2024-09-21,4.855,6.216,222.7
1067,Mekong Delta,10.521615,105.084874,0.99,6.31,1.04,38.6,1204,27.8,0.756,0.687,41,10.0,103.2,mulched,drip,MTU1010,2024-06-24,2024-10-24,6.053,6.744,223.3
1068,Indo-Gangetic Plain,26.293475,82.485922,2.194,7.21,0.98,20.8,926,29.0,0.454,0.362,85,6.8,125.1,mulched,flood,Samba Mahsuri,2024-06-18,2024-10-05,4.58,5.703,342.4
1069,Coastal Andhra,17.261268,81.379709,0.702,7.03,2.01,24.9,969,27.1,0.576,0.489,10,7.6,49.8,incorporated,flood,Naveen,2024-07-11,2024-10-24,4.848,8.244,419.2
1070,Coastal Andhra,16.230967,80.981402,0.392,7.18,1.26,13.6,1636,25.2,0.68,0.621,0,0.9,74.3,incorporated,drip,Swarna,2024-07-13,2024-11-26,5.19,6.628,209.4
1071,Coastal Andhra,16.524706,80.549451,1.717,5.91,1.12,19.9,1369,25.0,0.681,0.572,46,6.2,47.9,incorporated,alternate_wetting_drying,IR64,2024-06-23,2024-10-11,5.479,6.917,293.6
1072,Eastern UP,25.472535,82.877688,1.143,7.56,0.74,32.9,1199,24.2,0.574,0.431,64,3.4,102.0,mulched,alternate_wetting_drying,MTU1010,2024-06-24,2024-10-29,4.927,5.167,246.1
1073,Indo-Gangetic Plain,26.360274,82.179239,2.065,6.38,0.99,11.8,1357,30.3,0.9,0.781,43,2.2,24.2,incorporated,alternate_wetting_drying,Swarna,2024-07-06,2024-11-04,6.038,7.082,324.2
1074,Terai Nepal,27.295719,84.245932,0.862,6.97,1.18,24.8,752,27.1,0.512,0.409,93,0.8,84.9,removed,flood,IR64,2024-06-28,2024-10-26,5.058,6.801,229.6
1075,Coastal Andhra,16.585452,81.080006,2.155,6.3,1.1,18.4,1381,32.5,0.616,0.531,44,5.8,79.5,removed,flood,IR64,2024-07-01,2024-10-09,4.952,6.316,283.7
1076,Terai Nepal,27.749953,83.990588,2.64,6.5,1.29,16.6,1374,28.3,0.6,0.564,7,8.0,49.2,incorporated,flood,Swarna,2024-07-20,2024-11-04,4.975,5.692,381.5
1077,Coastal Andhra,16.285844,81.289206,0.887,7.08,0.42,31.8,1474,29.4,0.462,0.346,28,0.8,75.5,incorporated,alternate_wetting_drying,IR64,2024-06-25,2024-10-12,4.311,3.9,260.1
1078,Coastal Andhra,16.076481,81.503162,2.274,7.44,1.65,34.2,984,28.8,0.9,0.828,14,5.4,122.8,incorporated,alternate_wetting_drying,Naveen,2024-07-07,2024-10-13,6.483,8.774,302.5
1079,Coastal Andhra,16.690345,81.419661,0.747,6.32,0.88,33.2,1176,25.4,0.744,0.614,65,0.4,69.7,incorporated,flood,Swarna,2024-07-11,2024-10-26,5.515,6.368,321.0
1080,Terai Nepal,27.917545,84.127387,0.641,5.31,0.5,14.4,819,26.9,0.731,0.635,33,6.0,78.2,mulched,flood,MTU1010,2024-06-17,2024-10-11,5.219,5.195,333.3
1081,Coastal Andhra,16.413887,80.990868,0.95,8.1,0.89,23.3,1264,28.4,0.662,0.474,50,4.6,123.5,removed,alternate_wetting_drying,Swarna,2024-06-26,2024-10-15,5.213,5.28,205.8
1082,Eastern UP,26.200061,82.891842,1.204,7.25,1.75,19.2,693,26.8,0.778,0.612,0,6.8,106.2,removed,flood,Naveen,2024-07-12,2024-11-18,6.18,8.389,291.3
1083,Coastal Andhra,16.18076,80.804639,3.179,7.52,2.04,43.2,1010,22.5,0.854,0.708,66,1.9,93.4,removed,flood,IR64,2024-07-06,2024-10-24,6.246,9.85,257.5
1084,Indo-Gangetic Plain,26.8104,82.236086,0.562,6.4,2.26,20.0,997,27.4,0.594,0.533,32,9.3,85.2,incorporated,flood,IR64,2024-06-21,2024-10-25,5.102,8.771,404.1
1085,Terai Nepal,27.426915,84.433956,2.358,6.92,1.13,24.2,878,26.3,0.658,0.56,52,8.3,37.1,incorporated,flood,IR64,2024-06-28,2024-10-14,4.751,6.431,365.4
1086,Indo-Gangetic Plain,26.338298,81.97805,0.712,6.81,1.84,21.3,513,26.6,0.548,0.459,39,2.4,42.1,incorporated,flood,Samba Mahsuri,2024-07-05,2024-10-18,4.687,9.463,304.6
1087,Coastal Andhra,16.476922,82.080082,0.958,6.55,1.47,14.0,1307,27.1,0.614,0.455,22,5.8,140.9,incorporated,flood,Naveen,2024-06-27,2024-10-16,5.599,6.19,424.1
1088,Mekong Delta,10.0897,105.881045,4.394,6.21,2.27,20.0,1460,25.8,0.526,0.365,43,8.9,116.3,mulched,alternate_wetting_drying,MTU1010,2024-07-09,2024-10-23,4.838,9.662,291.0
1089,Indo-Gangetic Plain,26.736213,81.766903,0.929,6.54,1.89,26.9,1358,26.3,0.641,0.543,52,4.1,136.9,incorporated,flood,MTU1010,2024-07-01,2024-10-23,5.919,9.165,437.1
1090,Eastern UP,25.403193,82.660211,1.648,6.9,1.76,21.0,1262,25.2,0.814,0.75,74,4.2,145.1,removed,alternate_wetting_drying,Naveen,2024-07-06,2024-10-29,7.202,9.482,278.6
1091,Indo-Gangetic Plain,26.505445,82.430694,0.747,5.51,0.8,26.5,1408,25.1,0.9,0.791,48,1.1,39.5,incorporated,alternate_wetting_drying,Swarna,2024-06-17,2024-10-13,5.912,5.782,274.1
1092,Indo-Gangetic Plain,26.19102,81.799346,1.018,5.94,0.81,25.7,1264,23.4,0.698,0.617,63,7.3,70.9,incorporated,flood,Swarna,2024-07-11,2024-10-18,5.845,6.383,426.3
1093,Mekong Delta,9.484656,105.328967,1.138,7.33,2.11,23.7,783,23.7,0.743,0.607,29,1.5,124.7,mulched,flood,Naveen,2024-06-22,2024-11-12,6.064,9.619,300.3
1094,Coastal Andhra,16.09643,81.684928,0.416,6.82,1.48,12.6,1188,22.9,0.308,0.262,29,6.9,92.4,removed,flood,MTU1010,2024-07-05,2024-11-04,3.667,5.036,297.7
1095,Terai Nepal,27.708474,83.849774,0.549,6.84,1.33,28.3,1387,28.1,0.653,0.434,12,3.2,123.9,incorporated,drip,Swarna,2024-07-06,2024-11-10,5.618,7.493,271.3
1096,Mekong Delta,9.987088,105.318025,0.393,5.89,1.55,33.1,1136,29.0,0.763,0.656,26,6.3,107.0,removed,alternate_wetting_drying,Naveen,2024-07-11,2024-10-09,6.032,7.688,221.1
1097,Terai Nepal,27.784136,83.646479,1.478,5.64,0.96,28.4,1040,31.1,0.608,0.468,38,5.4,77.2,incorporated,alternate_wetting_drying,Naveen,2024-07-06,2024-11-06,5.106,5.395,233.5
1098,Indo-Gangetic Plain,26.76017,82.076525,1.113,6.44,1.15,18.5,703,27.5,0.617,0.46,63,0.0,150.0,removed,flood,IR64,2024-06-29,2024-10-24,5.814,8.076,239.4
1099,Coastal Andhra,16.148008,81.50673,2.742,6.35,0.72,20.2,1007,26.5,0.561,0.439,60,3.9,21.6,incorporated,flood,Samba Mahsuri,2024-07-09,2024-10-18,4.795,5.669,269.9
1100,Indo-Gangetic Plain,26.616305,82.246306,0.953,6.24,1.74,31.4,1059,22.0,0.697,0.573,14,2.5,75.7,incorporated,alternate_wetting_drying,Swarna,2024-07-09,2024-10-07,5.253,8.185,253.1
1101,Mekong Delta,10.022738,106.11363,2.197,7.29,0.67,19.7,1298,23.9,0.775,0.669,72,6.4,91.6,removed,flood,Samba Mahsuri,2024-07-03,2024-10-18,6.01,6.323,293.7
1102,Mekong Delta,10.00581,105.491244,2.194,7.73,1.53,26.7,1579,30.3,0.714,0.595,62,0.7,53.4,incorporated,flood,IR64,2024-07-07,2024-11-19,5.788,9.105,351.4
1103,Mekong Delta,10.188725,105.665472,1.636,6.56,1.71,37.4,1421,25.5,0.523,0.45,93,5.8,164.4,incorporated,flood,Swarna,2024-07-03,2024-11-04,5.597,8.86,436.5
1104,Eastern UP,26.098283,82.610081,0.512,6.6,1.4,19.3,860,25.0,0.757,0.612,61,3.8,52.4,incorporated,alternate_wetting_drying,MTU1010,2024-07-18,2024-11-15,5.993,7.068,237.1
1105,Mekong Delta,9.58209,105.56421,2.051,5.04,1.52,36.7,1319,26.8,0.629,0.541,15,2.9,75.4,removed,flood,Naveen,2024-07-06,2024-11-11,5.082,6.431,253.0
1106,Eastern UP,25.941641,83.412076,1.082,5.81,0.98,12.4,545,26.6,0.662,0.527,56,6.8,88.6,removed,alternate_wetting_drying,MTU1010,2024-07-26,2024-11-28,5.595,6.33,219.9
1107,Coastal Andhra,16.850238,81.242601,0.719,6.25,1.47,22.0,1059,24.7,0.793,0.699,42,7.0,42.3,incorporated,alternate_wetting_drying,Naveen,2024-07-05,2024-11-02,5.775,9.082,301.9
1108,Terai Nepal,27.27562,83.960764,2.568,5.6,1.0,21.6,940,29.2,0.695,0.631,60,4.5,58.8,removed,flood,IR64,2024-06-27,2024-10-21,5.436,6.335,230.8
1109,Eastern UP,25.532524,82.838491,2.261,6.07,0.79,7.9,799,25.0,0.743,0.559,26,3.8,55.2,incorporated,flood,Swarna,2024-06-19,2024-10-10,5.781,5.231,347.2
1110,Indo-Gangetic Plain,26.690385,82.026096,1.945,7.15,0.38,18.5,1501,27.3,0.632,0.48,25,2.8,62.1,mulched,flood,MTU1010,2024-06-21,2024-10-13,5.164,3.629,352.7
1111,Mekong Delta,10.388182,105.510826,1.758,6.2,0.78,11.3,1307,21.9,0.755,0.673,37,7.0,25.8,incorporated,alternate_wetting_drying,Samba Mahsuri,2024-07-02,2024-10-18,5.18,5.829,309.5
1112,Eastern UP,25.452305,82.878441,1.99,6.76,1.75,31.3,1203,20.4,0.816,0.789,102,2.7,64.6,removed,flood,MTU1010,2024-06-29,2024-10-27,6.373,9.689,241.5
1113,Mekong Delta,9.779379,105.604481,0.802,6.81,0.83,42.5,1180,28.9,0.648,0.573,59,8.5,39.3,removed,drip,Samba Mahsuri,2024-07-06,2024-11-07,5.489,5.563,186.2
1114,Mekong Delta,9.99217,105.945725,1.067,6.48,0.69,26.9,966,29.1,0.787,0.619,8,7.2,112.6,removed,flood,Naveen,2024-06-30,2024-11-07,5.645,5.221,311.2
1115,Eastern UP,25.717465,83.202,0.772,6.19,1.25,36.5,837,24.5,0.414,0.289,36,6.3,101.8,mulched,flood,Samba Mahsuri,2024-07-12,2024-10-11,4.249,6.537,325.6
1116,Coastal Andhra,16.475396,81.120976,1.712,5.26,0.76,15.9,1365,27.4,0.802,0.642,0,0.0,91.4,incorporated,flood,Naveen,2024-06-19,2024-10-23,6.069,5.32,332.7
1117,Coastal Andhra,16.407907,81.538232,0.764,6.89,1.59,19.4,1202,31.2,0.529,0.401,46,8.8,88.8,incorporated,flood,Samba Mahsuri,2024-07-11,2024-11-06,4.158,7.323,437.5
1118,Mekong Delta,10.131696,105.580775,1.902,5.68,1.14,20.3,905,25.1,0.543,0.425,55,7.6,101.5,mulched,alternate_wetting_drying,Naveen,2024-07-06,2024-11-12,4.872,5.921,278.2
1119,Indo-Gangetic Plain,26.84094,82.393068,0.653,7.27,1.73,18.3,1228,30.4,0.643,0.499,33,1.7,48.0,removed,alternate_wetting_drying,MTU1010,2024-07-02,2024-10-17,5.56,8.0,195.8
1120,Mekong Delta,10.334593,105.396657,0.644,6.76,1.73,18.6,1358,24.7,0.514,0.403,24,6.3,33.5,incorporated,alternate_wetting_drying,Naveen,2024-06-26,2024-11-07,4.705,8.893,249.9
1121,Coastal Andhra,16.270017,81.175726,0.446,5.36,1.93,27.7,1064,26.9,0.637,0.534,73,6.6,75.7,removed,alternate_wetting_drying,MTU1010,2024-06-17,2024-09-27,5.538,10.048,195.6
1122,Coastal Andhra,16.520543,80.825244,0.698,7.2,1.24,8.3,869,29.9,0.582,0.377,92,9.5,107.4,removed,flood,Samba Mahsuri,2024-07-15,2024-11-30,5.07,7.539,319.0
1123,Eastern UP,25.619433,83.001875,0.591,5.98,0.2,17.2,984,26.2,0.793,0.696,68,7.9,139.4,incorporated,flood,Swarna,2024-06-25,2024-11-01,6.034,4.406,456.2
1124,Indo-Gangetic Plain,26.519495,81.989655,2.879,6.33,0.2,16.2,1232,26.7,0.622,0.548,47,11.2,78.6,removed,alternate_wetting_drying,Swarna,2024-07-26,2024-11-07,5.071,4.889,259.7
1125,Eastern UP,26.210864,83.349264,1.037,6.76,0.98,36.5,1191,30.4,0.674,0.447,27,7.6,88.5,incorporated,flood,MTU1010,2024-07-02,2024-11-03,5.359,6.698,380.9
1126,Indo-Gangetic Plain,26.412426,81.741504,0.719,6.31,1.08,16.9,1206,27.4,0.585,0.37,53,5.4,66.3,incorporated,drip,MTU1010,2024-07-06,2024-10-28,4.667,6.384,232.4
1127,Terai Nepal,27.179942,83.671541,1.547,6.44,1.67,20.8,1025,28.1,0.553,0.485,29,4.4,152.0,incorporated,alternate_wetting_drying,IR64,2024-06-21,2024-11-05,5.58,8.667,274.3
1128,Eastern UP,25.638954,82.734047,0.35,6.94,0.2,34.9,1742,31.3,0.498,0.491,28,7.6,132.1,incorporated,flood,Naveen,2024-07-11,2024-10-24,4.206,3.097,493.7
1129,Coastal Andhra,16.378529,81.152132,0.947,5.69,0.97,27.7,1159,30.7,0.637,0.536,49,4.6,106.7,incorporated,flood,IR64,2024-06-29,2024-10-10,5.265,5.847,403.5
1130,Eastern UP,26.026817,83.239879,1.121,6.11,0.63,40.7,747,27.6,0.699,0.648,67,0.9,69.7,incorporated,flood,Naveen,2024-07-14,2024-11-08,5.695,6.323,337.1
1131,Eastern UP,26.345486,83.083478,1.75,6.32,0.6,43.9,798,31.2,0.642,0.48,45,7.8,105.7,removed,alternate_wetting_drying,Swarna,2024-06-28,2024-10-31,5.208,5.993,201.0
1132,Indo-Gangetic Plain,26.466579,81.970114,0.85,6.55,1.32,27.8,1220,25.5,0.544,0.463,73,9.1,87.3,incorporated,flood,Swarna,2024-06-25,2024-10-11,4.876,7.479,432.5
1133,Indo-Gangetic Plain,26.431094,82.24842,1.575,6.24,1.9,29.6,975,24.8,0.885,0.81,63,6.1,115.2,incorporated,alternate_wetting_drying,Samba Mahsuri,2024-07-24,2024-11-15,6.82,8.952,309.2
1134,Terai Nepal,27.557437,84.477833,1.688,5.71,0.87,25.1,1507,23.2,0.709,0.573,67,4.8,126.7,incorporated,alternate_wetting_drying,Naveen,2024-06-26,2024-11-04,5.672,6.656,335.0
1135,Terai Nepal,27.508423,84.510398,2.062,6.24,0.51,20.8,1324,28.5,0.813,0.768,34,1.5,43.1,mulched,alternate_wetting_drying,Swarna,2024-06-28,2024-10-14,5.645,4.694,226.0
1136,Terai Nepal,27.78782,83.680835,0.438,6.01,1.18,25.8,709,23.5,0.559,0.494,64,3.8,116.0,incorporated,flood,Samba Mahsuri,2024-07-15,2024-11-23,5.285,6.483,349.2
1137,Mekong Delta,9.610384,105.014566,1.027,6.26,1.1,23.9,1043,26.5,0.548,0.371,25,3.9,64.7,mulched,alternate_wetting_drying,Naveen,2024-06-27,2024-10-23,4.775,5.686,205.2
1138,Terai Nepal,27.355797,84.196726,0.97,5.92,0.37,15.5,1120,29.4,0.655,0.55,45,8.8,107.8,removed,drip,Naveen,2024-07-04,2024-11-13,5.123,4.397,194.8
1139,Eastern UP,25.756474,82.986334,0.346,6.47,0.68,30.2,1323,26.8,0.674,0.613,16,11.3,125.9,mulched,alternate_wetting_drying,MTU1010,2024-07-06,2024-11-12,5.133,4.794,314.8
1140,Eastern UP,25.825454,82.942279,1.888,5.77,1.21,23.9,1017,28.3,0.9,0.791,0,2.4,141.8,removed,alternate_wetting_drying,Swarna,2024-07-02,2024-10-28,6.696,7.826,218.5
1141,Terai Nepal,27.901139,83.746467,1.403,6.86,0.77,19.1,1329,20.0,0.813,0.764,46,0.9,136.1,mulched,alternate_wetting_drying,Swarna,2024-07-05,2024-10-27,5.906,6.214,242.1
1142,Indo-Gangetic Plain,26.220395,81.915983,0.624,6.97,0.56,30.9,1508,26.2,0.568,0.444,85,9.0,87.4,removed,flood,Naveen,2024-06-26,2024-10-19,4.729,5.745,313.3
1143,Eastern UP,25.983353,82.919194,1.922,5.7,1.46,24.5,1330,23.5,0.756,0.629,86,2.5,69.5,mulched,drip,IR64,2024-06-17,2024-10-23,6.091,8.445,157.1
1144,Eastern UP,26.303405,83.446019,0.607,7.01,0.2,27.8,1409,23.2,0.725,0.678,35,7.6,78.9,mulched,alternate_wetting_drying,Swarna,2024-07-01,2024-10-24,5.141,3.839,243.8
1145,Eastern UP,26.362094,82.903279,1.948,7.17,1.76,10.4,400,28.4,0.65,0.536,47,4.0,110.0,incorporated,flood,Naveen,2024-07-08,2024-10-25,5.787,8.083,318.8
1146,Eastern UP,26.24642,82.584463,0.984,5.91,1.14,37.5,1392,22.3,0.576,0.551,71,3.3,92.7,incorporated,flood,Samba Mahsuri,2024-07-06,2024-10-29,5.145,6.82,404.5
1147,Eastern UP,26.233338,83.328172,2.052,5.77,1.38,33.5,913,25.6,0.554,0.415,43,4.0,45.1,removed,flood,Swarna,2024-07-04,2024-10-28,4.586,6.652,237.6
1148,Terai Nepal,28.179907,84.162914,0.724,6.45,1.14,39.3,1871,29.7,0.739,0.623,47,5.3,94.0,removed,flood,Swarna,2024-07-03,2024-10-01,5.855,6.599,333.8
1149,Coastal Andhra,16.183909,81.219666,0.661,5.97,1.0,29.5,1365,28.4,0.459,0.36,40,0.4,90.6,mulched,flood,IR64,2024-07-02,2024-10-18,4.366,5.993,254.9
1150,Terai Nepal,27.105694,83.688305,1.831,7.63,0.98,30.9,886,25.7,0.637,0.578,73,7.4,71.4,incorporated,flood,Swarna,2024-06-11,2024-10-30,5.592,6.053,354.5
1151,Coastal Andhra,16.269983,81.834379,1.207,6.07,1.41,14.1,823,26.5,0.477,0.401,12,7.9,149.0,removed,flood,Swarna,2024-06-21,2024-10-13,4.671,5.801,334.3
1152,Mekong Delta,9.995097,105.173996,1.059,6.41,0.68,56.6,1197,26.5,0.9,0.777,75,5.3,92.2,incorporated,alternate_wetting_drying,Naveen,2024-06-26,2024-10-26,6.668,8.143,301.0
1153,Eastern UP,25.552472,82.287471,4.034,6.09,0.35,19.8,909,25.1,0.753,0.671,4,5.1,60.2,mulched,flood,MTU1010,2024-07-02,2024-10-25,5.367,4.011,265.7
1154,Mekong Delta,10.343046,105.15114,1.379,5.8,1.05,22.1,974,29.2,0.82,0.758,48,1.0,93.7,removed,alternate_wetting_drying,Swarna,2024-07-13,2024-11-20,6.025,7.072,174.2
1155,Terai Nepal,27.259071,83.853685,2.346,8.17,1.52,24.3,907,24.4,0.701,0.64,70,3.2,139.8,incorporated,alternate_wetting_drying,Naveen,2024-06-30,2024-10-17,5.686,7.967,249.2
1156,Indo-Gangetic Plain,27.106587,81.759006,0.893,6.36,1.02,43.2,682,32.5,0.667,0.519,45,7.4,56.9,incorporated,flood,IR64,2024-06-21,2024-10-28,4.759,7.185,358.0
1157,Coastal Andhra,16.706299,80.921629,0.968,5.86,1.15,23.6,1426,28.9,0.697,0.579,71,4.3,6.2,incorporated,flood,Swarna,2024-07-26,2024-10-28,5.383,7.283,348.5
1158,Indo-Gangetic Plain,26.211493,81.786764,0.906,6.83,1.31,30.7,1238,29.3,0.764,0.588,53,6.0,151.8,mulched,drip,Swarna,2024-07-16,2024-11-12,6.003,8.445,225.8
1159,Mekong Delta,9.798588,105.28586,2.873,7.62,0.74,18.3,1542,28.3,0.731,0.586,38,6.0,98.8,mulched,alternate_wetting_drying,IR64,2024-06-26,2024-10-18,5.26,6.38,306.3
1160,Eastern UP,26.227813,82.912716,0.768,6.29,0.8,46.8,1195,29.1,0.712,0.579,22,9.0,86.9,incorporated,alternate_wetting_drying,Naveen,2024-07-20,2024-10-21,4.859,5.626,323.8
1161,Coastal Andhra,16.600578,81.600168,1.136,6.76,1.32,43.6,895,25.6,0.9,0.811,5,11.0,56.0,incorporated,alternate_wetting_drying,Swarna,2024-07-05,2024-11-03,6.292,7.37,299.8
1162,Terai Nepal,27.65813,83.987412,0.671,6.79,1.95,22.2,674,25.2,0.61,0.586,58,7.2,65.0,removed,flood,MTU1010,2024-07-13,2024-11-16,5.566,8.252,227.4
1163,Eastern UP,25.958627,82.915503,1.534,5.68,1.75,39.4,1192,21.4,0.547,0.431,54,4.2,128.5,removed,flood,IR64,2024-06-29,2024-10-08,5.502,8.483,307.3
1164,Eastern UP,25.808449,82.991385,1.21,6.21,0.79,25.9,1262,28.0,0.694,0.528,17,9.8,43.2,removed,drip,Samba Mahsuri,2024-07-17,2024-11-07,4.974,6.213,221.4
1165,Eastern UP,26.252955,83.212374,1.036,5.81,0.75,23.2,1604,26.4,0.579,0.567,82,6.7,117.9,incorporated,flood,IR64,2024-07-14,2024-11-03,5.608,5.945,430.3
1166,Coastal Andhra,16.489835,81.433292,1.946,7.2,1.48,31.0,1066,25.5,0.744,0.672,44,9.1,132.7,removed,flood,Samba Mahsuri,2024-07-08,2024-10-20,5.888,8.07,324.9
1167,Mekong Delta,10.316335,105.629488,0.741,7.6,0.75,17.6,1550,30.7,0.692,0.657,47,0.9,177.0,removed,alternate_wetting_drying,Naveen,2024-07-07,2024-11-10,5.611,6.452,242.2
1168,Mekong Delta,10.484289,105.858525,0.81,6.08,0.76,23.5,626,30.4,0.527,0.484,34,1.0,112.6,removed,drip,MTU1010,2024-06-25,2024-10-18,4.956,4.597,130.6
1169,Eastern UP,25.929367,82.921272,0.739,6.01,1.55,7.4,1175,26.2,0.722,0.693,45,6.0,23.3,incorporated,flood,Naveen,2024-06-24,2024-09-26,5.902,7.604,337.2
1170,Eastern UP,26.2782,82.937513,1.945,6.8,1.79,20.0,1225,24.9,0.783,0.72,53,3.6,129.9,removed,alternate_wetting_drying,IR64,2024-07-04,2024-10-19,6.434,8.426,185.6
1171,Coastal Andhra,17.27494,81.449077,0.683,6.8,1.6,17.0,1109,24.0,0.685,0.666,25,0.9,101.5,removed,flood,IR64,2024-07-01,2024-11-02,5.663,7.211,245.6
1172,Mekong Delta,9.76808,105.564291,4.558,8.13,0.53,31.7,1699,23.9,0.575,0.461,46,0.8,116.2,incorporated,flood,IR64,2024-07-09,2024-11-02,5.156,5.451,385.6
1173,Indo-Gangetic Plain,26.394962,82.181179,1.704,6.09,0.52,31.2,1365,26.3,0.703,0.625,24,5.0,108.2,removed,alternate_wetting_drying,MTU1010,2024-07-08,2024-10-30,5.167,5.255,226.8
1174,Coastal Andhra,16.928896,80.772961,0.951,5.82,1.4,31.4,1206,25.3,0.673,0.511,67,3.8,78.7,removed,alternate_wetting_drying,IR64,2024-07-01,2024-09-29,5.369,7.849,211.7
1175,Coastal Andhra,16.685924,81.225349,1.509,6.57,1.72,19.4,1067,28.7,0.839,0.77,51,3.9,109.4,removed,flood,Swarna,2024-06-18,2024-10-09,6.52,9.912,243.7
1176,Mekong Delta,9.764138,105.115459,0.825,6.36,2.13,20.1,1258,23.6,0.733,0.67,16,1.9,67.5,removed,alternate_wetting_drying,Samba Mahsuri,2024-06-23,2024-10-08,5.902,9.209,222.3
1177,Indo-Gangetic Plain,26.195317,82.006475,0.881,7.17,0.2,36.7,998,31.0,0.664,0.504,43,4.6,56.8,incorporated,flood,IR64,2024-07-04,2024-11-01,5.009,3.771,384.1
1178,Eastern UP,25.743864,83.451234,3.234,6.92,1.98,26.5,1429,30.1,0.649,0.546,68,6.9,63.6,mulched,flood,Naveen,2024-06-14,2024-10-03,4.973,9.491,331.7
1179,Coastal Andhra,16.63302,80.745278,2.631,6.3,1.48,26.9,1558,31.6,0.789,0.658,37,6.5,126.0,removed,flood,Samba Mahsuri,2024-07-01,2024-10-27,5.993,8.724,334.5
1180,Eastern UP,25.793799,83.225746,2.362,7.05,1.08,20.7,926,22.6,0.743,0.609,56,0.0,83.8,removed,alternate_wetting_drying,Naveen,2024-07-11,2024-10-17,5.635,6.48,262.2
1181,Indo-Gangetic Plain,26.838017,81.553984,1.096,5.86,1.42,21.4,1160,26.0,0.736,0.625,50,5.5,110.0,incorporated,alternate_wetting_drying,MTU1010,2024-07-02,2024-11-14,6.136,7.75,274.3
1182,Terai Nepal,27.929753,84.302661,0.636,6.85,0.85,30.4,1213,25.2,0.49,0.378,56,4.5,62.9,mulched,flood,Naveen,2024-06-30,2024-09-28,4.092,4.821,330.9
1183,Eastern UP,26.130198,82.821365,0.693,6.87,0.62,41.3,1186,32.0,0.854,0.733,54,3.1,136.3,incorporated,flood,IR64,2024-07-01,2024-10-26,6.596,7.031,420.3
1184,Eastern UP,25.417575,82.517149,2.108,6.1,0.89,26.7,1084,28.0,0.644,0.534,27,5.6,128.7,incorporated,drip,MTU1010,2024-06-29,2024-10-16,4.946,6.243,248.6
1185,Coastal Andhra,16.357518,81.371368,1.433,7.13,1.01,27.1,973,29.7,0.655,0.485,80,1.2,144.8,removed,flood,MTU1010,2024-07-14,2024-11-06,5.657,6.901,315.7
1186,Eastern UP,26.243068,82.938405,3.879,6.79,1.32,17.4,1170,27.3,0.555,0.47,40,5.2,28.3,incorporated,flood,Swarna,2024-07-03,2024-10-25,4.988,7.032,359.7
1187,Indo-Gangetic Plain,26.735705,81.841906,1.075,6.54,1.27,5.0,923,29.5,0.556,0.468,43,1.0,145.3,incorporated,flood,IR64,2024-07-04,2024-10-22,4.978,6.76,313.8
1188,Mekong Delta,9.85625,105.667668,1.332,6.72,0.91,12.4,1264,24.8,0.712,0.657,41,10.1,97.6,incorporated,drip,Naveen,2024-06-27,2024-10-21,5.777,6.444,254.2
1189,Indo-Gangetic Plain,26.991074,81.897134,2.471,7.05,1.04,36.0,1505,21.6,0.734,0.57,15,1.1,97.3,removed,flood,Swarna,2024-07-20,2024-10-26,5.737,5.891,275.5
1190,Terai Nepal,27.372703,83.553629,2.214,5.86,1.85,26.5,1007,28.0,0.634,0.468,98,6.2,83.7,mulched,flood,Naveen,2024-07-21,2024-11-27,5.591,8.832,354.1
1191,Terai Nepal,27.826796,84.355644,1.758,6.54,0.2,29.2,1082,26.4,0.422,0.298,8,5.4,121.7,mulched,drip,MTU1010,2024-06-30,2024-10-21,4.187,2.624,243.8
1192,Eastern UP,26.464002,83.044054,1.851,7.22,1.04,24.2,1414,32.5,0.74,0.625,30,4.8,114.1,removed,flood,IR64,2024-07-10,2024-10-31,5.592,7.788,266.5
1193,Coastal Andhra,16.73855,81.600125,1.053,6.59,1.07,13.9,1251,26.6,0.425,0.27,48,2.9,101.6,mulched,flood,IR64,2024-06-29,2024-10-21,3.874,5.34,348.3
1194,Indo-Gangetic Plain,26.573202,81.846461,0.86,5.91,1.0,16.4,1491,24.7,0.665,0.562,68,8.3,114.4,removed,flood,Swarna,2024-07-08,2024-11-02,5.571,6.596,287.1
1195,Coastal Andhra,16.213793,81.077175,2.989,5.69,1.85,25.2,802,29.0,0.565,0.46,0,9.0,79.7,mulched,alternate_wetting_drying,MTU1010,2024-06-28,2024-10-27,4.69,7.999,248.3
1196,Indo-Gangetic Plain,26.503883,82.018535,1.32,6.54,0.65,23.5,1279,27.2,0.764,0.633,23,4.5,79.1,mulched,flood,Samba Mahsuri,2024-07-04,2024-11-15,5.511,5.163,373.5
1197,Eastern UP,25.595276,83.45166,2.297,6.58,0.91,22.9,1276,30.5,0.492,0.403,38,3.5,67.3,incorporated,flood,Swarna,2024-07-21,2024-10-31,4.325,4.606,317.1
1198,Mekong Delta,10.393114,105.826724,1.143,6.74,1.25,11.0,1627,26.4,0.653,0.551,39,6.9,86.6,incorporated,flood,Swarna,2024-06-29,2024-09-29,4.995,6.849,423.8
1199,Mekong Delta,9.400349,105.443535,3.277,7.07,1.86,24.9,1038,24.4,0.518,0.378,57,4.8,107.8,incorporated,alternate_wetting_drying,IR64,2024-07-06,2024-10-28,4.546,7.801,260.7
1200,Indo-Gangetic Plain,26.235719,81.771317,1.383,7.91,1.16,38.7,1165,24.1,0.552,0.488,41,6.2,67.0,incorporated,alternate_wetting_drying,IR64,2024-07-12,2024-10-10,5.102,6.672,293.4
1201,Mekong Delta,9.972144,105.199916,3.36,6.89,1.97,19.1,1309,24.8,0.44,0.303,33,2.0,41.4,mulched,alternate_wetting_drying,IR64,2024-07-06,2024-11-04,4.324,8.291,169.7
1202,Eastern UP,25.614017,82.880425,1.983,5.25,1.59,21.4,1132,27.6,0.682,0.618,60,0.0,74.2,removed,flood,Samba Mahsuri,2024-07-06,2024-10-23,5.64,7.998,252.1
1203,Coastal Andhra,16.505948,81.550703,1.183,6.76,1.17,31.1,1618,27.3,0.744,0.571,78,3.8,126.3,incorporated,alternate_wetting_drying,IR64,2024-07-07,2024-10-22,6.057,8.031,372.6
1204,Eastern UP,26.100973,82.535717,0.663,7.15,1.06,19.0,1331,27.8,0.624,0.487,13,0.0,142.6,incorporated,flood,Swarna,2024-06-23,2024-10-08,5.361,5.815,347.8
1205,Terai Nepal,26.978802,83.889175,4.215,6.9,1.1,32.0,1043,25.0,0.854,0.812,36,5.9,57.2,mulched,flood,Swarna,2024-07-11,2024-10-19,6.082,8.608,301.0
1206,Terai Nepal,27.796633,84.403484,1.954,6.71,1.23,14.5,1448,30.4,0.609,0.511,24,4.0,46.0,incorporated,alternate_wetting_drying,Naveen,2024-07-02,2024-11-02,4.726,6.076,261.9
1207,Eastern UP,25.614298,82.484032,1.337,5.33,1.36,24.2,1765,28.5,0.711,0.645,30,3.7,88.8,removed,drip,IR64,2024-06-29,2024-10-17,5.986,7.766,203.3
1208,Mekong Delta,10.232753,105.399694,1.127,6.44,1.35,25.1,1187,25.7,0.461,0.417,62,4.1,66.8,incorporated,flood,MTU1010,2024-06-20,2024-10-17,4.606,7.063,345.5
1209,Eastern UP,25.945083,83.293825,1.431,5.74,0.22,35.6,926,26.8,0.578,0.411,43,0.9,80.8,removed,alternate_wetting_drying,MTU1010,2024-07-16,2024-11-03,4.634,4.825,214.2
1210,Indo-Gangetic Plain,26.86202,82.047512,0.751,6.42,2.5,32.1,689,27.2,0.578,0.542,57,2.1,144.2,removed,flood,Naveen,2024-07-18,2024-11-02,5.396,10.618,277.3
1211,Indo-Gangetic Plain,26.191294,82.235655,1.331,6.31,1.58,37.1,1255,21.3,0.664,0.553,109,5.4,84.0,removed,flood,Swarna,2024-07-11,2024-10-09,5.227,8.786,245.8
1212,Mekong Delta,9.562096,105.805617,1.141,5.12,1.62,42.7,1254,28.5,0.689,0.56,31,2.8,53.1,incorporated,alternate_wetting_drying,IR64,2024-07-06,2024-11-16,4.907,8.194,266.5
1213,Mekong Delta,10.026775,105.490293,1.152,7.37,0.86,7.6,1213,24.7,0.518,0.419,51,4.5,74.0,removed,flood,Samba Mahsuri,2024-07-02,2024-10-13,4.442,5.362,228.3
1214,Indo-Gangetic Plain,26.562057,81.490243,0.905,6.28,1.08,33.8,1516,25.1,0.648,0.569,55,4.8,105.9,removed,flood,IR64,2024-06-23,2024-10-09,5.041,6.869,280.6
1215,Eastern UP,26.084918,82.637267,1.782,6.45,1.25,32.0,922,27.9,0.682,0.591,21,6.8,114.6,removed,flood,MTU1010,2024-07-06,2024-10-04,5.487,6.33,308.0
1216,Terai Nepal,27.672241,83.843368,1.028,6.72,1.29,17.8,404,25.2,0.624,0.525,87,8.2,73.8,incorporated,flood,Swarna,2024-07-10,2024-11-04,4.875,7.388,346.1
1217,Mekong Delta,10.37505,105.109704,0.834,6.42,0.74,19.6,1587,28.4,0.824,0.72,41,1.1,126.7,mulched,flood,IR64,2024-07-03,2024-10-30,6.339,6.63,360.0
1218,Terai Nepal,27.154892,83.790298,0.711,6.99,1.26,27.8,1141,30.0,0.631,0.433,76,0.6,112.3,mulched,flood,IR64,2024-07-17,2024-11-19,5.569,8.342,272.7
1219,Eastern UP,25.725226,82.597844,0.474,7.23,0.33,28.0,1591,24.6,0.549,0.44,51,3.5,79.6,mulched,alternate_wetting_drying,Samba Mahsuri,2024-07-05,2024-10-30,4.707,3.573,284.4
1220,Eastern UP,26.327592,82.897685,0.436,7.99,0.89,28.1,1435,25.5,0.758,0.658,38,3.3,55.1,mulched,flood,MTU1010,2024-06-16,2024-10-16,5.563,6.922,342.0
1221,Indo-Gangetic Plain,26.772584,82.23735,0.998,6.73,1.34,21.2,1310,30.1,0.833,0.708,40,7.6,59.5,incorporated,alternate_wetting_drying,MTU1010,2024-07-01,2024-11-08,5.929,7.29,291.9
1222,Indo-Gangetic Plain,25.843099,82.235193,1.672,6.83,0.48,21.7,1759,24.4,0.719,0.652,57,4.4,132.2,incorporated,alternate_wetting_drying,Naveen,2024-07-05,2024-11-02,5.842,5.429,339.4
1223,Terai Nepal,27.223419,83.772328,0.918,7.26,1.13,17.2,1427,22.9,0.425,0.338,38,8.1,132.0,removed,flood,Samba Mahsuri,2024-07-03,2024-10-25,4.291,4.828,285.3
1224,Terai Nepal,27.4399,83.722704,0.637,5.0,1.02,29.7,1274,24.9,0.479,0.397,11,2.7,94.5,removed,drip,Naveen,2024-06-26,2024-10-23,5.049,4.825,182.7
1225,Indo-Gangetic Plain,26.347416,82.196079,1.827,6.09,1.51,15.6,1344,26.9,0.484,0.406,99,5.6,170.5,incorporated,flood,IR64,2024-06-20,2024-10-20,4.892,8.33,456.1
1226,Coastal Andhra,16.29999,81.117252,1.416,6.11,1.68,22.0,635,27.4,0.747,0.575,58,8.5,107.2,incorporated,flood,IR64,2024-06-25,2024-09-28,6.226,9.905,382.3
1227,Terai Nepal,27.317916,83.597843,2.299,6.28,1.35,17.9,1194,27.5,0.439,0.373,84,2.5,121.6,mulched,alternate_wetting_drying,Swarna,2024-07-08,2024-11-06,4.702,6.288,334.2
1228,Indo-Gangetic Plain,26.129463,82.199184,0.341,5.76,1.27,19.9,1313,27.2,0.568,0.553,63,4.5,44.0,removed,flood,Swarna,2024-06-15,2024-10-15,5.126,7.124,244.2
1229,Mekong Delta,10.217414,105.646583,0.559,7.29,1.91,35.2,939,26.4,0.801,0.679,29,4.4,36.6,incorporated,flood,MTU1010,2024-07-16,2024-10-27,5.827,9.402,305.4
1230,Coastal Andhra,16.523303,80.97206,1.234,6.09,1.67,33.6,1683,22.9,0.433,0.345,65,8.1,98.4,incorporated,alternate_wetting_drying,Naveen,2024-07-13,2024-11-07,4.969,8.011,357.4
1231,Mekong Delta,9.986566,105.556368,0.709,7.32,0.83,20.9,1108,20.0,0.754,0.701,62,3.7,74.0,incorporated,alternate_wetting_drying,Swarna,2024-06-23,2024-10-20,5.759,5.735,266.5
1232,Eastern UP,25.962293,83.395296,0.686,7.09,1.84,14.0,948,26.9,0.701,0.632,47,0.0,116.8,removed,flood,IR64,2024-07-13,2024-10-28,5.812,9.039,274.3
1233,Mekong Delta,10.195613,105.831797,3.304,5.8,1.67,22.5,1489,31.6,0.653,0.591,11,0.0,140.8,incorporated,alternate_wetting_drying,Naveen,2024-07-20,2024-11-18,5.456,7.212,315.8
1234,Eastern UP,26.097895,83.040037,1.51,6.33,1.5,44.5,1338,29.8,0.508,0.368,57,8.2,75.1,removed,flood,Naveen,2024-07-14,2024-11-12,4.948,8.464,252.1
1235,Mekong Delta,9.664002,105.037446,0.728,6.92,1.57,22.7,1296,25.7,0.563,0.443,61,10.4,55.1,mulched,flood,IR64,2024-06-23,2024-10-02,4.584,8.014,344.3
1236,Terai Nepal,27.841705,83.627338,1.382,6.09,1.11,27.9,820,25.4,0.6,0.48,72,0.0,66.6,mulched,flood,Naveen,2024-07-03,2024-10-15,5.155,6.509,273.6
1237,Mekong Delta,9.680159,104.701843,1.707,7.09,0.98,19.5,1002,26.1,0.771,0.717,61,3.5,20.2,incorporated,alternate_wetting_drying,Swarna,2024-07-01,2024-11-04,5.689,7.04,255.5
1238,Indo-Gangetic Plain,26.727594,81.785766,1.276,7.09,0.94,23.3,854,29.4,0.669,0.59,37,5.0,101.7,removed,alternate_wetting_drying,Naveen,2024-06-28,2024-10-05,5.363,6.367,244.4
1239,Indo-Gangetic Plain,26.497562,81.790425,0.883,6.13,1.53,21.3,1730,25.0,0.556,0.509,42,3.4,77.7,mulched,alternate_wetting_drying,Swarna,2024-07-15,2024-11-13,5.065,7.227,266.6
1240,Eastern UP,25.805645,83.08841,0.868,6.18,0.47,26.0,1328,31.7,0.706,0.629,11,1.3,44.7,removed,alternate_wetting_drying,IR64,2024-07-23,2024-11-09,5.312,4.468,193.1
1241,Coastal Andhra,16.413113,81.524885,1.401,6.11,0.81,20.6,400,31.4,0.808,0.704,68,4.9,105.3,removed,alternate_wetting_drying,IR64,2024-07-14,2024-10-22,6.013,6.256,165.9
1242,Mekong Delta,9.99402,105.660584,2.648,6.62,0.75,30.7,1406,26.6,0.605,0.528,60,4.6,101.7,removed,flood,Swarna,2024-06-27,2024-10-26,5.237,5.94,275.7
1243,Terai Nepal,27.390643,83.733424,0.893,6.5,1.52,9.6,1441,26.0,0.639,0.503,100,6.6,72.8,removed,alternate_wetting_drying,IR64,2024-07-06,2024-11-21,5.381,8.497,245.8
1244,Indo-Gangetic Plain,26.695427,81.888993,2.336,7.59,0.88,12.4,1177,29.2,0.729,0.622,0,2.9,128.7,mulched,flood,Samba Mahsuri,2024-06-17,2024-09-27,5.25,5.133,371.8
1245,Mekong Delta,10.276,105.610297,1.75,5.76,1.26,15.7,783,28.0,0.789,0.708,39,1.6,90.3,incorporated,alternate_wetting_drying,Samba Mahsuri,2024-07-12,2024-11-17,6.107,8.435,260.9
1246,Mekong Delta,10.091508,105.173686,0.753,5.21,1.23,30.5,1143,24.1,0.591,0.509,66,9.3,0.0,removed,flood,IR64,2024-07-04,2024-10-25,4.429,6.53,262.7
1247,Mekong Delta,9.743209,105.234276,0.39,7.41,1.31,18.1,1266,24.9,0.329,0.082,49,3.2,22.3,incorporated,alternate_wetting_drying,MTU1010,2024-06-20,2024-10-08,3.819,5.659,272.0
1248,Coastal Andhra,16.626866,80.692189,0.967,5.99,0.57,25.2,1299,28.5,0.65,0.529,16,2.4,89.4,removed,flood,Samba Mahsuri,2024-06-26,2024-10-21,5.283,5.041,283.1
1249,Indo-Gangetic Plain,26.263776,82.063267,0.768,7.5,1.53,35.1,972,27.7,0.673,0.567,0,10.9,88.7,incorporated,flood,Naveen,2024-07-10,2024-11-11,5.399,8.058,377.6
1250,Terai Nepal,27.375123,84.324296,2.134,6.06,0.87,17.9,788,22.9,0.57,0.6,12,5.9,34.9,incorporated,alternate_wetting_drying,IR64,2024-07-15,2024-10-31,4.74,5.341,238.5
1251,Coastal Andhra,16.797706,81.290612,0.867,7.01,1.2,25.2,761,26.8,0.689,0.522,26,11.8,109.5,incorporated,flood,Naveen,2024-06-19,2024-10-09,5.534,6.876,380.0
1252,Indo-Gangetic Plain,26.289447,82.090389,1.322,6.35,1.6,27.8,2014,31.4,0.529,0.369,26,1.5,38.3,incorporated,alternate_wetting_drying,Samba Mahsuri,2024-07-01,2024-10-17,4.413,7.087,299.6
1253,Eastern UP,26.242298,82.907215,3.645,6.76,1.47,14.2,1084,25.2,0.522,0.389,66,6.2,61.0,incorporated,flood,Swarna,2024-07-08,2024-11-01,4.4,7.435,372.1
1254,Eastern UP,26.563873,82.778653,1.091,5.77,1.19,21.9,1264,29.2,0.505,0.415,38,5.5,139.0,incorporated,alternate_wetting_drying,MTU1010,2024-06-28,2024-10-22,4.788,5.993,299.6
1255,Coastal Andhra,16.106305,81.547591,1.373,5.99,0.57,17.2,920,30.0,0.643,0.599,52,5.8,81.1,incorporated,alternate_wetting_drying,Naveen,2024-07-16,2024-12-07,5.337,5.136,311.2
1256,Indo-Gangetic Plain,26.499714,82.18173,1.524,6.93,1.36,31.8,1388,26.8,0.646,0.542,13,0.4,107.6,mulched,flood,MTU1010,2024-07-10,2024-11-03,5.722,6.902,330.6
1257,Eastern UP,26.258602,83.321323,0.863,7.08,1.51,19.2,787,24.7,0.588,0.498,63,7.8,151.2,incorporated,flood,Samba Mahsuri,2024-07-09,2024-11-15,6.048,8.545,439.6
1258,Coastal Andhra,16.559457,80.660708,1.002,7.34,0.77,43.3,1310,25.0,0.655,0.629,55,4.4,75.1,mulched,flood,MTU1010,2024-06-20,2024-10-07,5.151,6.31,350.8
1259,Indo-Gangetic Plain,27.14301,81.758264,0.529,7.57,0.48,31.8,906,21.8,0.605,0.46,14,6.7,116.7,incorporated,flood,Swarna,2024-06-22,2024-10-21,4.929,4.321,437.2
1260,Indo-Gangetic Plain,26.200361,81.594389,0.974,6.45,1.73,34.2,1255,30.0,0.537,0.383,25,8.7,89.5,incorporated,alternate_wetting_drying,Samba Mahsuri,2024-06-15,2024-10-07,4.907,7.184,296.6
1261,Coastal Andhra,16.778415,81.321198,2.047,6.7,2.2,12.7,1234,28.8,0.599,0.44,60,0.5,102.7,incorporated,alternate_wetting_drying,Swarna,2024-07-11,2024-10-27,5.22,9.4,212.2
1262,Coastal Andhra,16.477706,81.497215,1.143,6.54,1.26,30.0,1289,28.7,0.496,0.389,42,1.1,39.5,mulched,flood,IR64,2024-06-28,2024-10-22,4.169,6.321,289.1
1263,Terai Nepal,27.508422,84.299724,0.705,6.97,0.46,25.2,1365,28.6,0.853,0.634,55,1.0,223.3,incorporated,alternate_wetting_drying,IR64,2024-07-16,2024-11-10,6.043,5.723,316.6
1264,Coastal Andhra,16.670991,81.609439,1.416,7.09,1.89,27.6,1552,27.5,0.649,0.581,54,6.0,102.5,mulched,flood,Swarna,2024-07-16,2024-11-14,5.41,10.248,388.5
1265,Coastal Andhra,16.283436,81.053478,0.41,6.4,1.2,25.5,765,27.9,0.532,0.444,26,8.5,66.0,mulched,flood,IR64,2024-07-18,2024-11-29,4.587,6.431,300.0
1266,Mekong Delta,10.26356,105.526055,1.295,5.98,1.77,35.4,1076,26.7,0.82,0.776,60,3.3,152.2,removed,alternate_wetting_drying,Samba Mahsuri,2024-07-05,2024-11-09,6.701,9.799,226.8
1267,Mekong Delta,10.007079,104.911909,0.383,6.72,0.72,26.0,1427,24.9,0.614,0.527,23,0.7,51.8,removed,flood,IR64,2024-06-20,2024-10-07,4.484,4.764,265.8
1268,Mekong Delta,10.387696,105.203733,0.636,6.84,0.79,37.7,984,21.7,0.634,0.564,48,4.0,110.2,incorporated,drip,MTU1010,2024-07-09,2024-11-26,5.317,6.314,238.8
1269,Indo-Gangetic Plain,26.235785,82.158662,1.417,6.87,1.15,33.1,1181,28.8,0.595,0.515,60,4.0,167.2,mulched,flood,Samba Mahsuri,2024-07-10,2024-11-12,5.127,7.454,355.5
1270,Indo-Gangetic Plain,27.000163,82.658504,1.502,6.51,1.03,33.2,1856,31.5,0.787,0.63,65,4.9,64.2,removed,alternate_wetting_drying,Swarna,2024-07-04,2024-10-16,5.673,7.877,284.9
1271,Indo-Gangetic Plain,26.2424,82.504105,0.547,6.74,2.0,35.1,1656,31.2,0.657,0.533,49,6.4,104.8,removed,alternate_wetting_drying,Samba Mahsuri,2024-07-22,2024-11-04,5.719,9.725,236.0
1272,Eastern UP,26.493117,82.700881,0.963,7.19,0.77,5.8,752,25.5,0.645,0.561,32,5.2,72.6,incorporated,drip,IR64,2024-06-28,2024-09-29,5.165,4.655,189.6
1273,Coastal Andhra,16.602933,81.443505,1.024,6.1,1.32,25.0,1501,20.4,0.54,0.412,46,7.3,99.2,incorporated,flood,Samba Mahsuri,2024-07-03,2024-10-30,5.264,6.41,436.8
1274,Indo-Gangetic Plain,27.047669,82.201314,0.994,7.09,2.1,17.3,899,27.1,0.686,0.517,33,6.2,144.5,mulched,alternate_wetting_drying,Swarna,2024-07-07,2024-10-30,5.304,8.712,255.5
1275,Coastal Andhra,16.63171,80.739387,1.076,7.09,0.58,26.7,1010,26.0,0.849,0.831,64,3.6,71.5,incorporated,drip,IR64,2024-06-23,2024-10-28,6.443,4.909,219.3
1276,Eastern UP,25.855956,82.688122,2.603,6.11,0.78,6.1,530,28.2,0.852,0.738,52,10.4,107.5,mulched,alternate_wetting_drying,Swarna,2024-07-04,2024-10-30,6.381,5.989,253.8
1277,Mekong Delta,10.096323,105.697221,1.078,5.96,1.59,43.1,1537,32.0,0.575,0.424,77,3.5,61.1,mulched,flood,Samba Mahsuri,2024-06-25,2024-10-24,4.952,8.148,343.0
1278,Coastal Andhra,16.442649,81.01151,5.964,7.12,1.73,47.0,1440,25.1,0.543,0.395,0,4.8,14.0,mulched,flood,Swarna,2024-07-05,2024-10-23,4.547,6.999,282.2
1279,Coastal Andhra,16.563801,81.48475,0.847,7.47,1.72,39.7,1216,23.9,0.705,0.69,36,5.6,173.2,removed,drip,IR64,2024-07-08,2024-10-06,6.503,8.951,245.6
1280,Terai Nepal,27.400764,83.941329,0.896,5.46,1.82,18.7,1388,25.9,0.575,0.537,0,3.7,72.9,mulched,drip,Swarna,2024-07-19,2024-11-27,4.73,9.181,208.6
1281,Mekong Delta,9.413414,105.86571,1.582,6.24,0.91,35.9,1226,32.2,0.596,0.475,14,3.7,126.3,incorporated,alternate_wetting_drying,MTU1010,2024-07-16,2024-11-16,5.198,6.154,314.0
1282,Indo-Gangetic Plain,26.893094,82.199725,1.053,6.34,1.21,22.0,1201,34.9,0.566,0.555,28,6.7,111.1,mulched,flood,IR64,2024-06-24,2024-11-06,4.364,6.139,382.9
1283,Eastern UP,25.864914,83.004081,1.376,5.96,1.57,33.1,1345,25.9,0.753,0.622,0,5.6,157.7,removed,alternate_wetting_drying,IR64,2024-07-14,2024-11-19,5.83,7.741,246.1
1284,Indo-Gangetic Plain,27.002807,82.712454,1.895,6.9,0.91,24.9,1363,24.1,0.839,0.816,0,10.2,117.3,mulched,alternate_wetting_drying,Samba Mahsuri,2024-06-25,2024-11-01,6.052,5.564,305.3
1285,Mekong Delta,10.636633,105.84076,1.637,5.94,1.13,29.8,953,30.2,0.533,0.465,30,7.2,61.8,mulched,flood,IR64,2024-06-17,2024-09-29,4.368,6.064,359.7
1286,Mekong Delta,10.593794,105.781767,1.079,6.16,1.76,33.8,1204,26.5,0.892,0.699,54,5.6,49.8,incorporated,alternate_wetting_drying,MTU1010,2024-07-05,2024-10-15,6.33,9.497,258.2
1287,Indo-Gangetic Plain,26.424975,82.055363,1.69,5.44,1.82,48.0,1584,20.0,0.677,0.67,74,8.6,103.0,removed,flood,MTU1010,2024-06-09,2024-10-03,5.328,9.042,350.7
1288,Eastern UP,26.312785,82.952551,3.332,6.74,0.94,24.1,1586,30.6,0.329,0.289,29,9.2,134.0,incorporated,alternate_wetting_drying,Swarna,2024-07-15,2024-11-16,3.693,4.844,350.8
1289,Indo-Gangetic Plain,26.587892,81.766496,1.193,6.68,1.14,26.6,1307,25.3,0.474,0.426,15,8.7,29.2,incorporated,flood,Swarna,2024-07-11,2024-10-19,4.043,5.818,376.5
1290,Mekong Delta,10.529056,105.03157,1.017,6.53,2.16,34.1,1060,24.6,0.77,0.697,50,0.9,109.9,incorporated,flood,IR64,2024-07-09,2024-11-02,5.97,10.498,391.2
1291,Mekong Delta,10.051151,105.876933,2.328,5.79,1.69,36.9,1154,28.3,0.709,0.652,35,7.3,72.6,incorporated,flood,IR64,2024-07-14,2024-11-26,5.471,8.747,435.5
1292,Mekong Delta,10.423589,104.730588,1.11,6.2,0.77,9.7,1134,28.7,0.632,0.492,46,8.5,72.4,incorporated,flood,Naveen,2024-06-16,2024-10-02,5.394,4.967,369.9
1293,Eastern UP,25.626797,82.958489,3.002,6.07,0.9,19.7,1545,25.9,0.704,0.598,42,3.5,158.9,removed,flood,Naveen,2024-08-01,2024-11-25,5.727,6.504,320.0
1294,Eastern UP,25.705173,82.578325,4.074,6.52,1.52,25.1,1213,26.8,0.516,0.491,54,5.6,122.8,incorporated,flood,IR64,2024-07-12,2024-11-06,4.869,7.285,421.7
1295,Eastern UP,26.232732,82.714786,2.03,6.59,1.77,25.2,1375,28.1,0.584,0.53,65,2.4,78.2,mulched,alternate_wetting_drying,MTU1010,2024-07-01,2024-10-17,5.085,8.735,280.7
1296,Eastern UP,25.754087,82.559957,1.329,5.98,0.95,23.7,1513,29.3,0.643,0.48,0,10.6,114.2,incorporated,drip,MTU1010,2024-07-06,2024-10-22,5.151,6.089,294.8
1297,Mekong Delta,9.80607,105.692348,1.604,7.38,1.2,15.1,1203,28.9,0.395,0.296,61,5.7,77.5,removed,flood,Samba Mahsuri,2024-06-22,2024-10-19,4.055,6.937,307.1
1298,Eastern UP,25.770173,83.348746,1.229,5.74,0.54,16.9,1200,28.2,0.611,0.491,34,8.7,179.3,incorporated,alternate_wetting_drying,MTU1010,2024-07-01,2024-10-08,5.605,4.816,359.5
1299,Mekong Delta,10.02891,104.847145,1.58,5.99,0.83,18.0,1577,28.5,0.596,0.524,49,9.8,81.0,mulched,alternate_wetting_drying,IR64,2024-06-16,2024-09-17,4.899,5.154,258.6
1300,Indo-Gangetic Plain,26.735007,81.768507,0.305,6.95,1.36,39.2,1030,27.4,0.449,0.312,6,4.9,53.6,removed,flood,Samba Mahsuri,2024-07-08,2024-10-19,4.117,6.167,280.7
1301,Indo-Gangetic Plain,26.283476,82.220253,0.839,5.96,0.67,33.5,864,27.0,0.9,0.834,25,8.3,48.5,mulched,flood,Samba Mahsuri,2024-07-15,2024-10-28,6.215,6.789,341.7
1302,Mekong Delta,10.162552,105.460321,1.334,6.7,0.5,25.0,761,24.4,0.637,0.488,39,3.9,74.2,removed,flood,MTU1010,2024-07-08,2024-10-30,5.151,4.654,227.1
1303,Terai Nepal,27.508739,83.834953,0.889,7.14,1.19,13.5,756,26.8,0.485,0.324,17,5.0,21.9,removed,alternate_wetting_drying,Naveen,2024-06-16,2024-10-01,3.816,5.459,148.3
1304,Terai Nepal,27.557489,84.064157,0.678,6.22,0.35,23.2,1189,26.8,0.53,0.434,49,6.4,99.4,mulched,flood,Swarna,2024-07-01,2024-10-06,4.518,4.722,351.8
1305,Eastern UP,26.305677,83.544102,1.059,6.42,1.45,39.9,1054,28.7,0.551,0.435,69,1.1,71.6,incorporated,alternate_wetting_drying,IR64,2024-07-14,2024-12-02,4.813,7.772,172.1
1306,Terai Nepal,27.882997,84.801288,1.211,6.03,1.33,40.9,1743,27.4,0.63,0.594,46,1.5,56.0,removed,flood,Swarna,2024-07-07,2024-11-11,5.062,7.856,226.2
1307,Mekong Delta,9.836074,105.71787,3.356,7.09,1.25,34.2,1490,27.4,0.668,0.595,65,4.5,55.7,removed,flood,Swarna,2024-06-25,2024-10-09,5.849,7.197,288.2
1308,Terai Nepal,27.472222,84.255391,2.175,6.0,1.59,19.1,1147,30.3,0.745,0.726,48,6.3,95.2,incorporated,flood,Swarna,2024-06-10,2024-10-11,5.83,7.631,377.5
1309,Indo-Gangetic Plain,26.923479,81.754261,2.218,7.33,0.56,10.0,1343,28.9,0.642,0.54,81,4.3,138.2,removed,flood,MTU1010,2024-06-29,2024-11-05,5.393,4.974,329.0
1310,Eastern UP,26.116804,82.684196,0.611,6.64,0.98,33.9,866,22.4,0.723,0.718,8,3.0,80.0,incorporated,flood,Samba Mahsuri,2024-07-11,2024-11-12,6.333,6.563,266.5
1311,Eastern UP,25.96482,83.036635,1.059,6.74,0.65,28.6,972,26.5,0.431,0.283,37,6.0,61.3,incorporated,flood,Swarna,2024-06-29,2024-11-01,3.972,5.211,320.2
1312,Coastal Andhra,17.357009,81.097923,1.941,6.23,1.58,38.0,1238,28.8,0.703,0.603,34,3.9,43.7,removed,flood,Samba Mahsuri,2024-07-15,2024-11-06,5.19,9.154,246.1
1313,Terai Nepal,27.480682,83.635265,0.831,5.0,1.9,21.4,957,27.8,0.525,0.482,82,10.4,69.3,removed,alternate_wetting_drying,MTU1010,2024-07-15,2024-11-08,4.709,9.732,239.7
1314,Terai Nepal,27.689478,83.816906,0.556,6.39,1.72,42.0,1233,26.8,0.675,0.564,74,3.9,85.9,removed,flood,Samba Mahsuri,2024-07-09,2024-11-03,5.467,8.65,305.9
1315,Indo-Gangetic Plain,26.86739,82.157128,1.178,7.1,0.45,25.7,946,25.3,0.704,0.644,6,11.7,68.8,incorporated,alternate_wetting_drying,Naveen,2024-06-26,2024-10-04,5.25,3.978,319.9
1316,Terai Nepal,27.370654,83.678752,0.741,6.23,1.69,45.7,1532,26.4,0.481,0.346,19,3.9,146.6,mulched,alternate_wetting_drying,Naveen,2024-07-22,2024-11-09,5.014,7.253,321.5
1317,Mekong Delta,10.185795,105.513273,2.144,6.33,0.84,36.9,1295,25.3,0.6,0.537,95,5.0,95.5,incorporated,flood,MTU1010,2024-07-12,2024-10-10,4.946,6.212,352.9
1318,Terai Nepal,27.411918,83.390765,1.752,6.69,0.7,24.8,1441,21.7,0.497,0.414,45,4.8,121.1,removed,alternate_wetting_drying,MTU1010,2024-07-09,2024-11-02,4.487,5.459,249.3
1319,Coastal Andhra,16.798889,81.85912,0.66,5.95,0.2,9.5,880,24.8,0.586,0.456,57,3.5,90.5,removed,flood,Naveen,2024-06-21,2024-10-29,4.814,3.447,279.6
1320,Terai Nepal,27.543596,83.821728,1.627,6.26,2.04,28.5,851,30.3,0.724,0.601,65,7.2,107.9,incorporated,alternate_wetting_drying,IR64,2024-07-03,2024-10-22,5.745,9.836,285.0
1321,Coastal Andhra,16.831031,81.328364,3.627,7.95,1.21,34.6,1910,25.5,0.316,0.167,35,1.4,65.1,incorporated,alternate_wetting_drying,Swarna,2024-06-19,2024-10-14,3.89,5.359,227.6
1322,Terai Nepal,27.707454,83.321157,0.574,6.55,0.7,45.4,1379,29.4,0.647,0.597,32,5.8,67.7,incorporated,drip,Naveen,2024-07-11,2024-11-01,4.89,5.464,242.1
1323,Terai Nepal,27.923001,84.141174,1.529,6.1,0.26,33.0,633,26.3,0.756,0.699,33,0.8,57.7,incorporated,flood,Samba Mahsuri,2024-06-27,2024-11-04,5.272,4.661,308.7
1324,Coastal Andhra,16.063255,81.510656,0.935,5.68,0.72,21.9,926,28.8,0.617,0.47,37,7.2,90.3,incorporated,flood,IR64,2024-07-02,2024-11-05,4.737,4.693,384.6
1325,Eastern UP,25.999299,82.478386,1.645,5.92,1.92,10.4,1217,21.5,0.391,0.333,27,9.4,88.6,mulched,flood,IR64,2024-07-17,2024-10-18,4.488,7.622,379.1
1326,Terai Nepal,27.443992,84.397873,1.979,6.68,1.4,27.8,1541,26.4,0.604,0.484,49,4.4,166.5,mulched,flood,MTU1010,2024-07-12,2024-11-06,4.951,6.664,433.5
1327,Eastern UP,26.180708,82.807395,1.248,6.5,1.43,18.4,400,25.5,0.539,0.544,31,2.9,89.0,incorporated,alternate_wetting_drying,MTU1010,2024-07-10,2024-11-03,4.929,7.098,228.0
1328,Mekong Delta,10.064305,105.595393,0.537,7.48,0.96,51.3,917,24.4,0.689,0.544,76,2.0,78.3,mulched,alternate_wetting_drying,IR64,2024-07-23,2024-11-17,5.271,6.712,273.8
1329,Eastern UP,25.909943,83.139713,1.271,7.35,1.29,8.6,1158,26.7,0.71,0.568,56,3.5,138.3,incorporated,flood,Swarna,2024-07-13,2024-11-16,6.215,6.791,385.8
1330,Terai Nepal,28.040756,83.634577,0.967,6.51,2.09,11.9,1526,27.0,0.635,0.536,27,3.8,64.7,incorporated,flood,Naveen,2024-06-21,2024-10-06,5.246,9.172,434.3
1331,Coastal Andhra,16.294159,81.153745,2.101,7.15,1.94,15.4,1008,26.5,0.492,0.349,52,4.5,126.0,incorporated,alternate_wetting_drying,MTU1010,2024-06-27,2024-10-15,4.74,7.743,272.1
1332,Indo-Gangetic Plain,27.101097,82.129628,2.879,4.5,1.72,30.4,1410,26.3,0.9,0.81,44,2.1,88.6,removed,alternate_wetting_drying,Samba Mahsuri,2024-07-03,2024-10-24,6.275,10.123,175.3
1333,Eastern UP,25.634493,82.926499,0.78,6.92,1.3,13.8,1424,31.6,0.554,0.438,0,3.9,100.8,mulched,alternate_wetting_drying,Naveen,2024-07-03,2024-10-27,4.653,7.106,237.7
1334,Terai Nepal,27.668642,84.264497,2.252,6.4,0.99,18.7,983,27.0,0.625,0.566,16,4.7,74.8,removed,flood,IR64,2024-06-23,2024-10-21,5.02,5.871,251.3
1335,Eastern UP,25.601239,83.391618,0.462,6.31,0.76,26.5,1065,27.2,0.549,0.472,11,2.0,73.8,mulched,flood,IR64,2024-07-06,2024-10-28,4.478,3.975,264.0
1336,Coastal Andhra,16.304486,81.071073,1.237,6.49,1.06,15.7,1456,26.0,0.669,0.569,61,6.4,81.1,removed,flood,IR64,2024-06-30,2024-11-01,5.41,6.523,281.2
1337,Terai Nepal,27.633312,84.582767,0.554,7.02,1.63,18.6,1379,31.1,0.558,0.446,55,6.6,116.9,removed,alternate_wetting_drying,Naveen,2024-07-06,2024-10-14,5.042,8.576,241.8
1338,Mekong Delta,10.277496,105.518944,2.093,6.96,1.82,30.8,1426,24.4,0.65,0.587,74,0.9,13.4,removed,flood,MTU1010,2024-06-20,2024-10-21,5.511,9.854,240.8
1339,Coastal Andhra,16.168667,81.27143,0.844,7.08,1.53,37.2,947,25.3,0.606,0.532,54,1.8,143.2,incorporated,alternate_wetting_drying,Swarna,2024-07-22,2024-11-19,6.019,7.178,273.6
1340,Indo-Gangetic Plain,26.516511,81.196557,1.794,7.26,1.18,37.3,699,23.5,0.675,0.551,78,6.9,48.2,removed,alternate_wetting_drying,IR64,2024-07-07,2024-11-03,5.419,7.605,222.5
1341,Mekong Delta,9.410079,105.879681,1.547,6.36,1.48,22.6,599,29.5,0.787,0.703,43,3.2,154.6,incorporated,flood,MTU1010,2024-07-17,2024-10-31,6.67,7.249,382.6
1342,Eastern UP,25.56102,83.055518,5.166,6.0,1.26,26.4,1765,24.7,0.762,0.734,50,7.2,125.1,mulched,flood,Naveen,2024-06-21,2024-09-30,5.752,7.225,366.8
1343,Indo-Gangetic Plain,26.430266,82.019663,0.512,7.0,1.71,5.0,1605,28.4,0.661,0.488,47,2.7,37.8,removed,flood,Swarna,2024-07-03,2024-10-25,5.029,8.12,290.2
1344,Coastal Andhra,16.293193,80.993461,2.049,6.64,1.8,36.9,1373,29.6,0.714,0.595,36,0.0,67.8,removed,drip,Swarna,2024-07-19,2024-11-17,5.529,8.242,174.8
1345,Coastal Andhra,16.134803,81.536628,4.258,6.9,0.81,30.9,960,25.8,0.36,0.191,52,6.7,117.6,incorporated,alternate_wetting_drying,IR64,2024-07-09,2024-11-22,3.548,4.779,299.4
1346,Coastal Andhra,16.070718,81.66031,0.236,7.79,1.06,23.1,1181,28.0,0.65,0.557,77,6.7,56.4,removed,alternate_wetting_drying,Swarna,2024-07-12,2024-11-09,5.116,6.461,154.3
1347,Mekong Delta,9.972413,105.106056,1.003,5.02,1.29,29.9,946,25.6,0.489,0.5,7,7.0,79.0,incorporated,alternate_wetting_drying,Naveen,2024-07-07,2024-11-02,5.124,6.17,325.7
1348,Indo-Gangetic Plain,26.580504,82.170032,0.541,6.13,1.46,24.2,1256,25.0,0.665,0.559,15,6.9,30.5,incorporated,alternate_wetting_drying,MTU1010,2024-07-06,2024-10-27,5.653,7.317,294.6
1349,Mekong Delta,10.1129,105.184727,0.423,7.06,0.71,11.9,1336,27.0,0.719,0.597,128,7.2,113.1,incorporated,alternate_wetting_drying,Naveen,2024-06-26,2024-10-31,5.756,6.592,322.9
1350,Terai Nepal,27.367839,83.79307,2.955,6.83,1.52,21.1,1144,26.4,0.69,0.558,44,2.6,116.6,incorporated,flood,Swarna,2024-07-05,2024-11-09,5.423,7.673,379.8
1351,Eastern UP,26.281107,82.650556,2.985,6.65,1.26,12.8,1358,24.1,0.535,0.519,112,4.9,68.7,removed,flood,MTU1010,2024-07-04,2024-10-24,4.62,7.843,267.2
1352,Coastal Andhra,16.473112,81.350641,1.358,6.47,1.56,32.1,1253,33.3,0.893,0.759,76,3.3,95.2,incorporated,alternate_wetting_drying,Swarna,2024-07-13,2024-10-17,6.799,9.666,283.7
1353,Coastal Andhra,16.247693,81.484319,1.21,6.11,0.94,31.9,996,31.0,0.631,0.549,60,4.1,103.4,incorporated,flood,Swarna,2024-07-04,2024-10-26,5.187,6.438,313.2
1354,Eastern UP,25.876221,82.87552,2.435,4.99,1.59,24.1,1233,26.2,0.721,0.713,26,10.9,92.2,mulched,flood,Naveen,2024-06-23,2024-10-29,5.941,8.577,383.7
1355,Terai Nepal,27.195026,83.488347,0.838,6.9,1.0,24.8,898,27.0,0.535,0.495,39,3.0,0.0,removed,flood,Samba Mahsuri,2024-07-04,2024-11-02,4.352,6.616,212.4
1356,Coastal Andhra,16.475266,81.573451,1.672,5.66,0.75,16.4,1075,27.9,0.876,0.78,61,8.4,142.0,removed,flood,IR64,2024-07-16,2024-11-01,6.561,6.776,265.5
1357,Coastal Andhra,16.250042,81.444708,1.781,6.94,1.41,20.2,820,26.2,0.278,0.121,50,7.6,72.0,mulched,alternate_wetting_drying,MTU1010,2024-06-18,2024-09-28,3.375,5.361,255.6
1358,Indo-Gangetic Plain,26.831602,81.515375,0.761,7.28,0.83,24.4,688,29.9,0.42,0.403,71,10.8,79.8,incorporated,alternate_wetting_drying,Swarna,2024-07-04,2024-11-05,3.965,5.348,293.8
1359,Eastern UP,25.846969,82.891991,1.401,6.33,0.86,28.9,1414,25.0,0.486,0.377,34,7.5,55.5,incorporated,flood,Naveen,2024-06-22,2024-09-30,4.47,4.773,447.8
1360,Indo-Gangetic Plain,26.306622,81.802111,3.918,6.93,1.35,5.0,1051,26.1,0.676,0.583,35,6.0,121.5,removed,flood,Naveen,2024-06-29,2024-10-20,5.975,6.529,271.7
1361,Terai Nepal,26.828076,84.229571,0.52,5.32,1.86,14.9,985,29.5,0.613,0.522,39,6.0,82.1,incorporated,flood,Samba Mahsuri,2024-07-06,2024-10-26,5.301,8.346,398.7
1362,Mekong Delta,10.50951,105.49008,0.623,6.18,0.99,48.0,1167,28.3,0.781,0.612,50,4.0,72.8,incorporated,drip,Swarna,2024-06-22,2024-10-25,6.108,8.865,185.5
1363,Mekong Delta,9.481052,105.435564,1.603,5.54,0.76,12.7,1436,31.2,0.625,0.498,57,9.7,67.2,incorporated,flood,Samba Mahsuri,2024-07-02,2024-11-11,4.587,5.947,404.9
1364,Mekong Delta,10.199076,105.296093,0.571,6.86,0.88,29.3,1349,28.4,0.618,0.484,21,0.0,114.7,removed,flood,Swarna,2024-07-06,2024-10-17,5.066,5.486,261.7
1365,Coastal Andhra,16.219927,81.208431,1.491,5.87,1.58,16.8,746,27.2,0.64,0.54,25,3.1,129.5,incorporated,flood,Swarna,2024-07-09,2024-11-08,5.349,8.125,342.8
1366,Terai Nepal,27.518581,83.932542,0.905,7.04,1.57,45.5,1383,25.8,0.541,0.394,24,7.4,63.4,incorporated,flood,IR64,2024-07-08,2024-10-28,4.579,7.057,386.1
1367,Terai Nepal,27.644853,84.111822,1.539,6.53,0.62,39.9,1161,26.7,0.816,0.761,43,5.5,81.9,incorporated,flood,IR64,2024-07-07,2024-10-24,5.777,5.878,402.4
1368,Mekong Delta,9.972456,105.981131,1.494,6.56,0.2,16.2,1206,27.5,0.504,0.441,58,0.9,94.7,mulched,alternate_wetting_drying,IR64,2024-07-17,2024-10-19,4.187,4.099,202.1
1369,Coastal Andhra,16.576809,80.875581,0.8,7.03,1.43,30.8,888,26.9,0.66,0.544,70,5.1,145.7,mulched,flood,IR64,2024-06-15,2024-10-17,5.733,7.464,296.2
1370,Terai Nepal,27.729504,84.468462,1.006,7.12,0.88,23.0,1185,29.1,0.64,0.64,74,5.3,9.6,mulched,drip,Naveen,2024-07-19,2024-11-26,5.262,5.243,184.3
1371,Terai Nepal,27.895561,83.571744,0.989,6.69,0.72,18.7,1392,28.5,0.861,0.797,21,11.3,81.4,removed,flood,MTU1010,2024-06-15,2024-10-02,6.089,5.851,344.3
1372,Coastal Andhra,16.428701,80.980018,1.359,6.94,0.57,35.4,1136,25.3,0.466,0.399,29,1.4,106.6,incorporated,alternate_wetting_drying,MTU1010,2024-07-06,2024-11-04,4.356,3.917,289.9
1373,Mekong Delta,9.777351,105.533352,2.108,7.18,0.53,33.1,1156,27.9,0.587,0.41,51,3.2,72.9,mulched,flood,Naveen,2024-07-13,2024-11-05,4.237,4.869,291.3
1374,Coastal Andhra,16.475334,81.0667,1.077,7.25,1.61,18.5,1100,23.7,0.682,0.78,6,5.3,0.0,removed,drip,Naveen,2024-07-27,2024-11-11,5.451,7.791,186.5
1375,Terai Nepal,27.339808,83.621228,2.007,5.55,1.51,10.9,1240,29.3,0.609,0.425,92,5.7,108.9,mulched,alternate_wetting_drying,MTU1010,2024-07-15,2024-11-02,5.205,8.715,240.5
1376,Eastern UP,25.70761,83.193284,0.475,5.99,0.42,15.9,1541,25.5,0.76,0.689,81,6.0,73.9,incorporated,flood,Samba Mahsuri,2024-07-03,2024-11-25,5.729,5.645,402.0
1377,Mekong Delta,10.103972,105.686879,1.536,6.99,1.25,15.0,1011,30.4,0.654,0.61,14,1.0,118.8,incorporated,alternate_wetting_drying,IR64,2024-07-08,2024-11-07,5.369,6.843,249.1
1378,Coastal Andhra,16.746337,81.247414,1.889,5.94,1.94,31.9,1466,24.3,0.791,0.706,29,6.9,110.4,incorporated,alternate_wetting_drying,MTU1010,2024-06-26,2024-10-25,6.558,9.652,349.3
1379,Terai Nepal,27.428096,83.893467,1.181,6.9,1.09,24.6,1243,26.0,0.836,0.644,37,2.6,73.8,mulched,flood,IR64,2024-07-09,2024-10-24,5.769,7.769,365.9
1380,Indo-Gangetic Plain,25.884231,82.063758,2.155,6.79,0.98,15.5,1550,28.9,0.727,0.568,99,4.0,78.7,mulched,drip,Swarna,2024-06-30,2024-10-09,5.477,6.653,193.3
1381,Coastal Andhra,16.550856,81.141669,0.962,7.2,0.2,21.2,494,27.6,0.741,0.709,14,0.0,92.2,removed,flood,MTU1010,2024-07-01,2024-10-20,5.571,3.983,165.7
1382,Terai Nepal,27.464468,83.944654,1.085,6.32,1.52,42.1,837,24.9,0.666,0.579,37,1.1,74.0,removed,alternate_wetting_drying,IR64,2024-06-30,2024-10-02,5.169,8.508,187.9
1383,Mekong Delta,10.303243,105.739416,1.155,6.28,0.82,39.3,656,28.4,0.461,0.371,44,1.2,60.1,mulched,flood,Naveen,2024-07-12,2024-10-26,4.22,5.53,253.1
1384,Mekong Delta,9.8849,105.147063,2.057,6.85,0.53,24.1,1030,23.0,0.48,0.444,43,3.6,56.4,mulched,flood,Swarna,2024-07-01,2024-11-10,4.609,4.639,314.8
1385,Indo-Gangetic Plain,26.169392,82.541096,1.337,7.13,1.46,40.1,1186,26.3,0.687,0.6,56,9.6,30.8,incorporated,alternate_wetting_drying,IR64,2024-07-04,2024-11-10,5.382,8.241,248.0
1386,Coastal Andhra,16.728805,81.093877,2.143,6.92,0.99,28.0,1056,24.8,0.603,0.512,47,4.7,28.6,incorporated,flood,MTU1010,2024-07-14,2024-11-17,4.957,5.298,334.3
1387,Mekong Delta,9.894068,105.273601,0.941,5.6,0.7,35.7,608,25.4,0.679,0.599,78,4.5,78.1,incorporated,drip,IR64,2024-07-06,2024-11-24,5.159,6.157,217.3
1388,Coastal Andhra,16.727746,81.199681,0.865,5.77,0.63,17.6,1154,28.5,0.614,0.526,42,6.4,112.6,removed,flood,Samba Mahsuri,2024-06-21,2024-10-15,5.524,3.879,303.6
1389,Mekong Delta,9.966758,105.305044,1.354,6.76,0.63,40.7,632,27.8,0.851,0.745,0,9.5,73.2,incorporated,drip,IR64,2024-07-12,2024-11-02,5.776,6.012,238.2
1390,Terai Nepal,27.380378,83.665298,0.702,6.54,1.06,25.4,1126,31.3,0.753,0.696,0,3.9,50.2,mulched,flood,MTU1010,2024-06-17,2024-10-09,5.4,6.547,258.0
1391,Indo-Gangetic Plain,26.81168,81.604948,1.394,6.35,1.39,25.3,803,26.2,0.802,0.743,73,7.0,94.9,mulched,flood,MTU1010,2024-06-27,2024-10-24,6.038,8.096,322.0
1392,Mekong Delta,9.374974,105.659578,1.584,6.2,0.2,8.1,1230,29.5,0.531,0.371,86,6.4,126.5,incorporated,flood,Naveen,2024-06-23,2024-10-17,4.567,5.032,440.6
1393,Indo-Gangetic Plain,26.615707,82.145306,0.915,6.5,1.67,24.4,1252,23.2,0.642,0.642,32,5.2,116.8,incorporated,alternate_wetting_drying,Naveen,2024-06-25,2024-10-25,6.1,8.464,361.2
1394,Terai Nepal,27.365631,84.638828,1.083,6.56,1.24,31.6,639,27.1,0.685,0.67,2,2.5,64.1,mulched,flood,Naveen,2024-07-05,2024-11-06,5.357,7.167,255.6
1395,Indo-Gangetic Plain,26.410354,81.868361,2.878,6.34,1.34,8.9,1177,24.8,0.589,0.517,77,3.0,71.3,removed,flood,Samba Mahsuri,2024-07-20,2024-11-17,5.119,8.479,265.9
1396,Eastern UP,26.343327,82.551885,0.749,5.96,1.13,17.5,1581,28.3,0.648,0.592,80,5.3,81.2,removed,drip,Swarna,2024-07-03,2024-10-22,5.368,7.858,201.3
1397,Terai Nepal,27.716897,84.195986,0.858,6.16,0.63,34.9,957,25.6,0.772,0.622,40,5.0,106.5,mulched,flood,MTU1010,2024-06-30,2024-10-05,6.007,5.38,360.6
1398,Mekong Delta,9.612276,105.175507,2.697,6.32,1.16,32.1,1245,29.7,0.719,0.629,42,5.8,103.6,removed,drip,IR64,2024-07-13,2024-11-24,5.94,6.66,148.4
1399,Coastal Andhra,15.888475,81.337914,1.258,6.23,1.13,16.6,1718,22.0,0.701,0.665,28,3.7,55.6,incorporated,flood,Naveen,2024-07-02,2024-10-30,5.592,6.283,393.9
1400,Indo-Gangetic Plain,26.342813,81.790566,0.977,6.3,0.81,9.2,1185,29.1,0.523,0.428,33,6.7,59.6,mulched,flood,MTU1010,2024-07-02,2024-10-22,4.381,4.341,331.6
1401,Coastal Andhra,16.289988,81.098351,2.03,6.54,1.09,28.5,1199,24.2,0.732,0.664,36,0.5,118.8,mulched,alternate_wetting_drying,IR64,2024-07-06,2024-10-11,5.349,6.73,227.9
1402,Coastal Andhra,16.248753,81.242589,3.479,5.78,1.71,31.8,753,28.4,0.659,0.554,53,3.9,92.5,removed,alternate_wetting_drying,Naveen,2024-07-07,2024-11-02,5.632,9.382,179.4
1403,Eastern UP,26.209097,82.734327,0.644,5.94,1.18,24.9,1210,28.2,0.561,0.419,55,9.7,105.1,incorporated,alternate_wetting_drying,Naveen,2024-07-04,2024-11-05,4.925,6.189,315.8
1404,Indo-Gangetic Plain,26.592434,81.54387,1.002,6.12,0.71,35.7,1336,27.2,0.472,0.376,103,2.5,82.4,removed,flood,Swarna,2024-07-18,2024-11-14,4.521,6.561,239.0
1405,Coastal Andhra,16.628922,80.431526,2.151,5.37,1.8,13.3,1765,27.3,0.772,0.681,6,2.2,106.3,incorporated,alternate_wetting_drying,Samba Mahsuri,2024-08-03,2024-11-27,6.087,7.945,265.5
1406,Terai Nepal,27.546987,83.687582,1.149,6.19,1.52,14.5,1244,23.5,0.743,0.703,60,5.4,126.5,incorporated,drip,IR64,2024-07-03,2024-11-09,5.944,8.011,219.2
1407,Coastal Andhra,16.58058,81.621837,0.684,5.96,0.38,16.0,911,26.5,0.655,0.625,52,5.7,97.9,incorporated,alternate_wetting_drying,Swarna,2024-06-26,2024-10-31,5.37,4.844,292.4
1408,Indo-Gangetic Plain,26.151642,81.659199,1.478,6.18,1.32,26.6,1395,28.3,0.76,0.649,52,5.0,126.7,incorporated,alternate_wetting_drying,Swarna,2024-07-23,2024-11-14,6.133,7.908,306.3
1409,Mekong Delta,9.94114,106.036886,1.161,7.47,0.71,26.4,1416,28.9,0.52,0.481,60,3.3,112.2,removed,flood,MTU1010,2024-07-19,2024-11-10,4.819,5.341,275.0
1410,Coastal Andhra,16.263336,80.589965,3.423,7.11,0.56,33.0,1027,29.3,0.59,0.509,37,3.0,139.0,mulched,flood,IR64,2024-07-13,2024-10-16,5.003,4.794,331.6
1411,Eastern UP,26.669569,83.150726,1.301,7.16,2.0,45.7,1020,28.1,0.575,0.359,46,7.9,84.2,mulched,alternate_wetting_drying,MTU1010,2024-07-09,2024-11-11,5.121,8.315,255.4
1412,Terai Nepal,28.007823,83.632677,0.959,5.61,0.92,36.2,1196,26.1,0.715,0.655,84,5.0,75.9,incorporated,alternate_wetting_drying,Swarna,2024-07-10,2024-10-25,5.669,7.037,297.9
1413,Coastal Andhra,16.143209,81.581448,1.723,7.7,1.1,12.1,1197,25.9,0.701,0.672,46,9.0,137.7,mulched,alternate_wetting_drying,MTU1010,2024-07-16,2024-11-06,6.254,6.43,301.2
1414,Coastal Andhra,16.711084,81.01684,3.376,6.0,1.27,12.5,1231,24.3,0.615,0.594,64,6.1,128.1,incorporated,alternate_wetting_drying,Naveen,2024-07-01,2024-09-30,5.4,7.166,288.4
1415,Eastern UP,25.837346,83.132192,3.475,6.35,0.37,6.9,1143,25.9,0.629,0.515,32,13.3,103.4,removed,flood,Naveen,2024-07-14,2024-11-07,4.144,3.773,321.9
1416,Terai Nepal,27.186406,83.633045,1.646,6.68,1.07,5.0,1178,28.9,0.795,0.644,15,2.7,84.2,mulched,flood,Samba Mahsuri,2024-07-04,2024-10-04,5.563,6.734,309.7
1417,Eastern UP,26.135511,82.665068,1.457,7.01,0.84,28.0,1034,32.0,0.491,0.333,3,10.4,50.0,incorporated,flood,Samba Mahsuri,2024-07-06,2024-11-04,4.276,4.771,366.5
1418,Mekong Delta,10.047137,105.90493,0.914,7.15,1.6,17.3,785,29.5,0.705,0.564,48,1.9,96.3,incorporated,flood,Naveen,2024-07-11,2024-10-30,5.889,8.02,315.2
1419,Eastern UP,25.773252,83.201834,3.896,6.42,1.42,27.9,919,25.2,0.693,0.587,41,7.8,106.3,removed,flood,MTU1010,2024-07-27,2024-11-30,5.614,7.42,274.7
1420,Coastal Andhra,16.456359,81.478969,1.84,6.17,0.89,7.8,1071,22.7,0.898,0.841,72,10.5,97.6,incorporated,flood,Naveen,2024-07-03,2024-10-26,6.487,7.913,450.6
1421,Terai Nepal,27.031043,84.343432,1.026,6.55,1.46,26.0,1022,29.8,0.637,0.593,53,4.8,89.2,removed,drip,MTU1010,2024-07-06,2024-10-18,5.118,6.882,155.8
1422,Coastal Andhra,16.428676,81.03545,1.273,7.51,0.86,16.1,919,20.0,0.574,0.385,46,3.8,108.4,incorporated,alternate_wetting_drying,Naveen,2024-06-30,2024-10-17,4.796,6.062,287.2
1423,Coastal Andhra,16.661038,81.145615,2.192,6.22,1.91,19.9,1178,29.2,0.405,0.289,48,3.6,78.7,removed,flood,Swarna,2024-06-26,2024-10-18,3.95,8.526,313.9
1424,Eastern UP,25.714455,82.871496,0.757,6.43,0.27,16.5,1574,23.9,0.57,0.408,43,0.0,110.8,removed,flood,Naveen,2024-07-16,2024-10-30,5.104,2.774,280.8
1425,Mekong Delta,10.248322,105.203301,1.842,5.45,1.08,5.0,1254,29.8,0.598,0.49,32,6.1,118.4,removed,drip,Naveen,2024-07-04,2024-10-20,5.155,6.007,167.2
1426,Mekong Delta,9.539733,105.361018,0.9,5.73,1.06,17.2,1326,28.2,0.667,0.556,82,11.0,111.3,incorporated,drip,Swarna,2024-06-29,2024-10-17,5.122,6.947,322.9
1427,Eastern UP,26.020732,82.791782,0.377,6.63,0.4,29.6,1546,26.9,0.696,0.575,68,4.7,47.7,removed,flood,Samba Mahsuri,2024-06-17,2024-10-06,5.255,5.521,271.2
1428,Coastal Andhra,16.897378,81.346064,0.748,6.38,1.14,37.8,1125,26.7,0.602,0.496,61,7.1,79.0,incorporated,drip,Swarna,2024-06-15,2024-10-03,4.99,7.041,256.7
1429,Eastern UP,26.460068,83.715055,0.578,5.96,0.98,21.3,1525,27.1,0.77,0.658,42,6.3,10.3,removed,flood,Samba Mahsuri,2024-07-01,2024-10-27,5.862,6.808,308.8
1430,Indo-Gangetic Plain,26.00932,82.163727,0.877,6.33,1.76,43.2,983,24.9,0.733,0.601,15,4.9,89.2,incorporated,alternate_wetting_drying,MTU1010,2024-07-04,2024-11-15,5.744,8.432,257.3
1431,Indo-Gangetic Plain,26.932797,82.28679,2.53,7.27,0.97,28.0,1222,28.6,0.615,0.511,46,6.6,113.0,mulched,flood,MTU1010,2024-07-05,2024-10-22,5.376,5.415,404.8
1432,Mekong Delta,9.981061,105.455037,0.444,5.9,1.17,45.4,783,25.7,0.587,0.452,47,3.1,130.4,removed,drip,Swarna,2024-06-25,2024-10-14,5.296,6.796,136.9
1433,Terai Nepal,27.973654,83.322427,1.768,7.54,1.98,22.5,1228,27.5,0.619,0.473,4,6.7,87.3,incorporated,alternate_wetting_drying,Naveen,2024-07-15,2024-10-24,5.238,7.785,303.1
1434,Coastal Andhra,16.22063,81.151848,1.832,6.11,0.2,24.1,1285,26.4,0.655,0.509,43,7.4,100.9,removed,alternate_wetting_drying,Samba Mahsuri,2024-06-25,2024-10-04,5.409,3.738,238.3
1435,Coastal Andhra,16.438197,81.198932,0.853,5.58,0.68,10.9,1131,28.7,0.828,0.751,40,10.6,75.9,removed,flood,MTU1010,2024-06-28,2024-10-29,5.762,6.251,292.2
1436,Indo-Gangetic Plain,26.360928,81.806234,0.317,6.52,1.0,18.0,1193,27.2,0.574,0.393,63,7.7,86.4,incorporated,flood,Naveen,2024-07-10,2024-11-06,4.724,6.079,410.5
1437,Coastal Andhra,16.256584,81.274074,1.57,5.79,1.18,25.1,1641,27.5,0.633,0.568,60,4.2,70.2,mulched,flood,IR64,2024-06-25,2024-10-22,5.139,6.876,366.2
1438,Eastern UP,25.467273,83.111469,2.735,7.51,0.95,32.8,1628,28.0,0.804,0.706,54,3.1,84.2,incorporated,flood,IR64,2024-07-09,2024-10-25,6.128,7.054,413.8
1439,Indo-Gangetic Plain,26.279078,81.873088,1.054,6.39,0.8,26.5,1004,27.3,0.879,0.737,44,1.5,95.0,incorporated,flood,Samba Mahsuri,2024-07-22,2024-11-23,6.452,7.818,347.4
1440,Indo-Gangetic Plain,26.339906,82.006917,2.405,6.45,1.04,21.9,793,25.7,0.579,0.467,1,3.7,135.8,mulched,drip,Samba Mahsuri,2024-07-09,2024-11-17,5.274,5.321,189.8
1441,Coastal Andhra,16.599937,81.276021,1.178,7.02,1.07,38.9,645,28.6,0.709,0.642,36,6.4,122.1,removed,alternate_wetting_drying,Naveen,2024-06-17,2024-10-01,5.573,6.946,208.8
1442,Mekong Delta,9.837705,105.530881,1.199,5.97,1.46,37.1,1126,28.5,0.631,0.41,45,7.1,130.9,incorporated,alternate_wetting_drying,Swarna,2024-06-28,2024-11-01,4.707,8.359,272.1
1443,Mekong Delta,10.14173,105.834769,2.728,6.99,1.13,19.6,812,27.4,0.792,0.74,18,10.4,81.0,mulched,flood,Samba Mahsuri,2024-06-17,2024-09-26,5.573,7.533,341.2
1444,Terai Nepal,26.932293,83.931335,0.372,5.87,0.91,26.5,1507,28.7,0.508,0.427,46,4.2,80.6,incorporated,flood,Naveen,2024-06-17,2024-09-30,4.778,6.457,405.2
1445,Terai Nepal,27.800164,84.222959,1.015,6.25,1.75,27.3,1513,21.0,0.662,0.641,44,7.1,150.9,incorporated,flood,Naveen,2024-06-25,2024-10-13,6.047,7.675,462.7
1446,Indo-Gangetic Plain,26.243146,82.032394,2.221,5.8,0.43,25.5,969,27.1,0.688,0.696,62,1.5,89.2,incorporated,flood,MTU1010,2024-06-28,2024-10-20,5.366,5.975,363.6
1447,Coastal Andhra,17.098359,81.187251,1.348,5.68,2.05,18.4,1073,29.0,0.684,0.556,61,5.0,120.9,mulched,flood,MTU1010,2024-06-17,2024-09-19,5.755,9.407,361.6
1448,Indo-Gangetic Plain,26.613972,81.411765,0.649,6.21,0.89,25.7,924,31.3,0.392,0.296,26,1.1,110.6,removed,flood,IR64,2024-06-24,2024-10-12,4.349,5.146,276.6
1449,Indo-Gangetic Plain,26.38937,82.07849,4.038,6.74,1.31,16.3,690,26.8,0.778,0.694,55,9.3,139.1,removed,flood,IR64,2024-07-09,2024-11-04,5.946,7.261,314.5
1450,Mekong Delta,10.222314,105.505507,2.737,6.93,1.79,38.9,1128,28.7,0.418,0.376,57,6.1,56.8,incorporated,drip,Samba Mahsuri,2024-07-01,2024-10-03,4.572,7.771,226.5
1451,Indo-Gangetic Plain,26.922459,81.813883,1.358,6.54,1.29,11.6,1445,26.8,0.9,0.819,69,3.8,157.2,incorporated,flood,Samba Mahsuri,2024-07-12,2024-11-07,6.156,9.052,428.7
1452,Indo-Gangetic Plain,26.833822,81.481822,2.747,7.07,1.02,28.5,1162,28.5,0.605,0.481,46,3.7,96.7,incorporated,flood,Naveen,2024-08-01,2024-11-30,5.516,6.79,374.6
1453,Terai Nepal,26.701821,83.979401,1.377,6.95,1.47,7.5,1228,26.4,0.779,0.739,44,7.6,116.6,mulched,flood,Swarna,2024-07-03,2024-11-09,6.431,7.628,391.2
1454,Terai Nepal,27.707239,83.877997,1.023,5.35,0.54,25.8,1542,26.5,0.641,0.612,24,5.7,132.1,mulched,flood,MTU1010,2024-07-07,2024-10-21,5.275,4.461,419.9
1455,Mekong Delta,10.415099,105.470898,2.178,6.6,0.43,25.8,1164,25.3,0.603,0.502,0,6.1,111.1,incorporated,flood,Swarna,2024-07-10,2024-10-27,4.856,4.346,424.0
1456,Coastal Andhra,16.447673,80.954737,2.215,6.67,0.71,33.5,1654,27.0,0.838,0.7,16,6.3,28.0,incorporated,flood,Samba Mahsuri,2024-07-08,2024-11-03,5.243,7.196,417.9
1457,Coastal Andhra,16.322339,81.455185,0.544,6.29,1.61,21.8,1033,30.1,0.623,0.575,65,8.4,96.3,removed,flood,MTU1010,2024-06-29,2024-10-23,5.479,7.917,287.5
1458,Terai Nepal,27.237252,84.021795,2.296,6.25,0.72,5.0,764,25.8,0.493,0.428,93,8.7,61.4,incorporated,flood,MTU1010,2024-07-06,2024-10-18,4.286,5.456,335.6
1459,Mekong Delta,10.077149,105.603153,1.415,7.27,1.6,11.8,1165,27.0,0.9,0.816,20,6.3,107.4,mulched,flood,Samba Mahsuri,2024-07-04,2024-10-30,6.558,8.436,330.7
1460,Terai Nepal,27.475259,84.380738,0.838,5.73,1.43,7.6,1380,26.5,0.66,0.442,51,1.0,94.0,removed,drip,Swarna,2024-07-12,2024-10-22,5.617,8.411,154.8
1461,Coastal Andhra,16.447944,81.485087,2.893,7.1,1.21,31.9,1362,26.4,0.788,0.72,42,7.7,57.9,incorporated,flood,Naveen,2024-06-21,2024-11-02,5.955,7.851,384.5
1462,Coastal Andhra,16.741569,81.471476,1.972,6.24,1.35,26.1,919,24.7,0.699,0.59,58,7.4,142.5,mulched,alternate_wetting_drying,Samba Mahsuri,2024-06-27,2024-10-24,5.817,8.867,285.0
1463,Terai Nepal,27.964766,84.460311,2.085,5.73,0.65,11.8,1255,29.3,0.613,0.545,47,2.6,99.3,incorporated,flood,Swarna,2024-07-02,2024-10-24,5.027,5.18,375.5
1464,Eastern UP,26.306694,82.842578,0.886,6.36,0.65,26.6,899,28.4,0.564,0.48,57,6.9,110.6,incorporated,flood,Naveen,2024-07-07,2024-10-22,4.874,5.957,388.6
1465,Mekong Delta,10.435497,105.172242,0.55,5.75,2.53,29.6,1118,27.2,0.677,0.609,32,4.5,64.6,mulched,flood,MTU1010,2024-07-01,2024-09-29,5.869,10.482,315.8
1466,Eastern UP,25.850702,82.595876,0.708,6.14,1.15,24.7,1428,28.6,0.679,0.581,73,7.5,105.6,mulched,flood,MTU1010,2024-06-30,2024-10-12,5.565,7.815,355.5
1467,Coastal Andhra,16.806401,81.009391,0.597,4.91,1.15,17.9,1129,25.8,0.606,0.547,26,2.2,83.1,incorporated,alternate_wetting_drying,Naveen,2024-06-23,2024-10-25,4.911,5.783,290.0
1468,Mekong Delta,10.213548,105.342174,0.957,6.73,0.91,24.7,1595,24.9,0.596,0.512,123,6.8,129.6,incorporated,alternate_wetting_drying,Samba Mahsuri,2024-07-12,2024-10-29,5.598,6.837,360.3
1469,Indo-Gangetic Plain,26.478942,82.545311,2.546,4.93,1.48,22.2,1377,28.4,0.561,0.467,19,9.5,101.5,removed,alternate_wetting_drying,Swarna,2024-07-09,2024-11-07,4.771,8.267,229.7
1470,Mekong Delta,10.642655,104.965261,1.262,6.95,0.69,17.9,1455,24.6,0.88,0.778,34,9.9,52.9,incorporated,flood,IR64,2024-07-22,2024-11-28,5.506,6.85,412.9
1471,Indo-Gangetic Plain,26.562198,81.869618,0.947,6.74,1.61,38.1,849,26.2,0.644,0.514,59,2.5,132.1,mulched,flood,Swarna,2024-07-09,2024-11-01,5.995,8.496,304.9
1472,Indo-Gangetic Plain,26.823707,81.728833,1.314,6.27,0.6,26.7,1329,27.1,0.552,0.347,32,6.7,118.3,incorporated,drip,Samba Mahsuri,2024-06-11,2024-09-30,4.504,4.629,290.6
1473,Mekong Delta,10.212924,106.091289,1.016,6.07,1.43,43.6,864,30.5,0.707,0.629,82,1.4,113.4,mulched,alternate_wetting_drying,Naveen,2024-07-03,2024-10-31,5.784,8.955,256.7
1474,Coastal Andhra,16.55489,81.305701,1.839,6.51,1.54,47.2,982,29.5,0.568,0.515,80,2.3,89.1,incorporated,alternate_wetting_drying,Samba Mahsuri,2024-06-26,2024-10-13,4.831,7.837,289.0
1475,Coastal Andhra,16.786606,80.994088,1.787,6.49,1.01,33.7,916,29.4,0.513,0.442,35,4.7,1.0,incorporated,drip,IR64,2024-07-06,2024-11-06,4.849,5.567,215.7
1476,Terai Nepal,27.915579,84.265943,2.499,6.23,1.54,48.0,876,28.1,0.516,0.353,0,3.3,170.7,mulched,flood,Swarna,2024-06-30,2024-10-16,5.253,7.526,343.8
1477,Indo-Gangetic Plain,25.973306,82.160674,0.941,6.29,0.99,23.6,831,27.8,0.479,0.417,70,6.1,114.0,incorporated,flood,Swarna,2024-07-26,2024-11-21,4.502,5.889,317.9
1478,Eastern UP,25.940886,83.132861,1.521,5.77,0.84,24.9,2005,29.4,0.692,0.727,12,1.3,102.5,mulched,drip,Samba Mahsuri,2024-07-03,2024-10-21,5.248,5.904,179.7
1479,Coastal Andhra,16.2223,81.074739,1.034,7.48,1.04,51.3,1219,32.1,0.757,0.639,84,8.4,112.2,removed,flood,Naveen,2024-07-28,2024-11-15,5.6,8.193,298.5
1480,Eastern UP,25.963496,83.606488,0.494,5.8,0.95,15.1,847,21.9,0.587,0.389,58,8.5,68.8,removed,drip,Naveen,2024-06-26,2024-11-03,4.785,5.593,147.7
1481,Mekong Delta,9.513659,105.484619,2.178,5.96,1.28,40.1,1173,27.2,0.657,0.591,20,2.0,102.9,removed,alternate_wetting_drying,Samba Mahsuri,2024-07-12,2024-11-17,5.264,6.231,224.9
1482,Coastal Andhra,16.384668,81.498363,2.232,6.13,1.01,13.4,1295,27.5,0.65,0.545,23,0.7,105.5,removed,flood,MTU1010,2024-07-03,2024-11-03,5.736,5.607,235.8
1483,Coastal Andhra,16.553157,81.286008,2.46,6.2,1.18,33.2,1571,21.1,0.562,0.512,41,2.2,113.2,incorporated,alternate_wetting_drying,Samba Mahsuri,2024-07-06,2024-10-24,4.974,6.268,296.6
1484,Terai Nepal,27.213848,83.789151,0.362,6.39,1.14,32.8,1729,23.9,0.667,0.578,41,9.7,93.3,incorporated,drip,IR64,2024-07-10,2024-10-31,5.945,7.242,259.0
1485,Mekong Delta,10.074428,105.67207,1.715,6.19,1.14,30.6,1252,31.8,0.613,0.553,57,2.2,74.0,removed,flood,Naveen,2024-07-05,2024-11-15,4.934,7.651,261.4
1486,Coastal Andhra,16.187795,80.950817,0.756,7.98,2.02,16.8,1061,26.8,0.592,0.447,57,5.6,118.7,incorporated,drip,Samba Mahsuri,2024-07-09,2024-10-30,5.334,9.443,254.3
1487,Mekong Delta,10.070692,105.228888,0.483,5.82,0.86,29.6,1014,30.1,0.503,0.37,0,1.6,55.2,mulched,flood,IR64,2024-06-24,2024-10-04,4.085,5.205,308.6
1488,Mekong Delta,10.1146,105.24103,0.772,5.92,0.85,25.2,1129,25.8,0.72,0.603,5,1.2,55.5,removed,flood,Swarna,2024-06-26,2024-09-30,4.901,5.994,204.3
1489,Terai Nepal,28.283845,83.860734,0.741,7.18,1.37,36.4,1319,26.5,0.627,0.506,39,8.7,44.4,incorporated,flood,IR64,2024-07-17,2024-11-08,4.91,7.861,418.8
1490,Coastal Andhra,16.702764,81.141307,1.19,6.62,1.51,41.5,976,28.2,0.581,0.49,62,5.5,63.9,mulched,flood,Swarna,2024-07-06,2024-10-12,4.836,8.038,290.9
1491,Eastern UP,26.094998,82.598608,3.824,6.17,1.69,28.2,1273,23.0,0.555,0.475,35,5.3,66.9,mulched,flood,Samba Mahsuri,2024-07-09,2024-10-29,5.342,6.878,330.8
1492,Mekong Delta,9.912936,106.018215,1.192,6.24,1.29,26.9,1618,27.0,0.702,0.684,16,3.9,93.6,removed,alternate_wetting_drying,MTU1010,2024-06-27,2024-11-06,5.868,6.114,238.0
1493,Mekong Delta,9.820787,105.469011,0.499,7.02,0.54,34.2,881,29.5,0.651,0.579,85,4.8,77.3,incorporated,flood,Swarna,2024-07-14,2024-11-07,5.405,6.577,362.4
1494,Eastern UP,25.75245,83.461298,0.353,6.73,1.59,12.9,1116,27.2,0.632,0.508,48,7.4,101.5,mulched,flood,Naveen,2024-07-06,2024-10-25,5.826,7.931,360.4
1495,Mekong Delta,10.059473,106.152819,1.114,7.68,1.55,25.5,1620,25.5,0.502,0.462,50,6.3,66.1,mulched,flood,Samba Mahsuri,2024-07-17,2024-11-08,4.682,6.964,351.6
1496,Indo-Gangetic Plain,26.481809,82.071712,0.886,6.34,0.83,15.6,1568,23.4,0.752,0.721,82,6.7,76.9,incorporated,alternate_wetting_drying,Naveen,2024-07-14,2024-11-11,5.823,7.378,275.4
1497,Mekong Delta,10.109954,105.601048,0.531,6.19,1.22,28.9,1401,27.1,0.783,0.698,66,4.6,57.9,removed,alternate_wetting_drying,MTU1010,2024-07-31,2024-11-12,5.499,7.657,241.9
1498,Terai Nepal,27.237041,83.800366,0.827,6.23,1.99,13.3,1789,28.0,0.51,0.438,55,1.1,77.8,removed,alternate_wetting_drying,Samba Mahsuri,2024-06-23,2024-10-09,4.796,8.758,215.4
1499,Mekong Delta,9.827831,105.309652,1.638,6.65,1.26,22.9,1593,26.9,0.769,0.64,48,7.7,79.2,incorporated,flood,MTU1010,2024-06-26,2024-11-14,5.639,7.723,419.0
1500,Eastern UP,26.475557,82.625888,1.592,6.1,0.69,16.2,1263,30.2,0.643,0.522,31,4.6,59.6,mulched,flood,Naveen,2024-06-16,2024-09-17,4.663,4.792,327.9
1501,Mekong Delta,9.936874,106.309691,1.286,5.52,1.36,19.1,1094,30.2,0.755,0.743,1,5.4,124.0,incorporated,flood,Samba Mahsuri,2024-06-13,2024-10-01,5.818,7.187,414.4
1502,Terai Nepal,27.917611,84.281504,1.732,6.07,0.87,7.8,1315,27.3,0.803,0.68,36,3.5,102.1,incorporated,alternate_wetting_drying,IR64,2024-07-07,2024-11-11,5.904,6.383,278.1
1503,Coastal Andhra,16.099829,81.091891,1.532,7.32,0.51,16.0,634,31.5,0.669,0.591,0,5.0,75.9,mulched,flood,Naveen,2024-06-17,2024-09-27,5.272,4.648,246.0
1504,Eastern UP,25.962517,82.688852,3.445,6.05,0.56,41.2,1397,31.0,0.564,0.434,80,1.6,101.4,removed,flood,IR64,2024-06-30,2024-10-23,5.231,5.988,289.5
1505,Coastal Andhra,16.116903,81.011286,0.429,6.54,1.96,17.3,913,29.5,0.51,0.359,14,3.9,81.6,incorporated,alternate_wetting_drying,Swarna,2024-07-12,2024-11-11,4.844,7.68,230.7
1506,Mekong Delta,10.346953,105.497468,0.215,5.28,1.87,30.9,1540,30.7,0.821,0.792,39,2.3,95.7,removed,flood,Swarna,2024-06-21,2024-10-05,6.187,10.335,303.9
1507,Indo-Gangetic Plain,26.703625,82.60468,1.179,6.42,0.84,35.3,1773,26.5,0.681,0.572,25,7.2,88.6,incorporated,alternate_wetting_drying,Swarna,2024-07-07,2024-11-05,5.1,5.843,337.3
1508,Eastern UP,25.823013,82.80165,0.754,7.76,0.88,35.9,1249,26.1,0.673,0.561,1,4.8,90.2,incorporated,flood,Samba Mahsuri,2024-07-01,2024-10-31,5.528,5.271,355.3
1509,Indo-Gangetic Plain,26.060941,81.999893,1.437,6.71,1.07,23.9,1168,26.4,0.43,0.378,58,3.7,72.5,removed,drip,MTU1010,2024-07-17,2024-11-10,4.522,5.141,134.7
1510,Terai Nepal,28.253267,83.973947,1.525,5.63,1.33,33.2,856,26.6,0.643,0.607,85,0.0,15.1,incorporated,flood,Samba Mahsuri,2024-07-06,2024-10-28,4.887,8.447,239.3
1511,Coastal Andhra,16.830336,81.126747,1.436,6.29,0.56,38.1,906,23.3,0.706,0.599,71,5.8,87.4,incorporated,flood,IR64,2024-07-14,2024-11-02,5.495,5.338,358.3
1512,Mekong Delta,10.067355,106.021852,0.68,6.53,1.66,5.0,1657,26.6,0.701,0.626,56,5.8,50.7,incorporated,alternate_wetting_drying,MTU1010,2024-06-30,2024-10-18,5.258,7.68,311.5
1513,Eastern UP,26.11696,83.283297,2.105,7.45,0.9,21.2,923,26.9,0.634,0.622,28,9.3,98.5,removed,flood,Samba Mahsuri,2024-07-12,2024-11-02,5.289,5.561,294.8
1514,Eastern UP,25.479743,83.318258,1.197,6.52,1.41,34.0,1516,28.7,0.44,0.344,21,5.5,83.0,incorporated,flood,Swarna,2024-07-25,2024-11-16,4.711,7.443,419.4
1515,Indo-Gangetic Plain,26.236106,81.80268,0.905,7.07,1.87,21.0,938,32.1,0.748,0.687,53,3.8,45.0,incorporated,flood,Swarna,2024-07-01,2024-10-30,5.559,9.061,343.3
1516,Coastal Andhra,16.551962,81.475451,0.83,7.26,1.49,12.7,1335,28.1,0.672,0.546,43,4.4,98.7,removed,flood,MTU1010,2024-07-01,2024-10-21,5.796,6.138,312.3
1517,Indo-Gangetic Plain,26.295014,82.196646,0.759,6.69,1.3,32.9,1562,25.6,0.82,0.646,38,5.0,72.7,incorporated,flood,Swarna,2024-07-01,2024-10-28,5.767,8.281,381.1
1518,Coastal Andhra,16.631805,81.200011,1.222,5.9,0.64,33.0,1177,27.6,0.668,0.534,43,4.3,115.1,incorporated,flood,Naveen,2024-07-27,2024-12-09,5.49,4.667,382.7
1519,Mekong Delta,10.084595,105.312278,0.574,6.57,1.23,31.0,1406,29.9,0.731,0.712,44,8.0,119.7,removed,alternate_wetting_drying,Swarna,2024-07-29,2024-11-22,6.442,7.336,293.9
1520,Terai Nepal,27.274399,83.895832,2.295,5.77,1.13,19.8,1163,26.0,0.62,0.552,54,8.3,91.5,mulched,flood,MTU1010,2024-07-25,2024-11-13,5.02,6.061,313.5
1521,Terai Nepal,28.02766,83.752463,1.457,5.96,1.0,28.0,1309,27.3,0.723,0.6,36,7.2,56.2,incorporated,flood,Swarna,2024-07-02,2024-10-24,5.033,6.029,431.5
1522,Indo-Gangetic Plain,26.51492,81.675385,1.831,6.09,0.52,26.8,1596,25.0,0.625,0.49,70,9.3,65.6,incorporated,flood,Naveen,2024-07-03,2024-11-03,5.029,5.256,461.1
1523,Indo-Gangetic Plain,26.29223,81.424793,1.774,7.16,1.09,33.9,1099,26.8,0.86,0.775,36,0.0,114.2,removed,alternate_wetting_drying,MTU1010,2024-06-27,2024-10-28,6.564,7.303,188.1
1524,Terai Nepal,27.754586,84.380925,2.094,6.97,0.31,36.8,1307,26.4,0.641,0.528,38,3.9,55.8,incorporated,drip,MTU1010,2024-07-10,2024-10-28,4.722,4.488,261.3
1525,Indo-Gangetic Plain,26.651746,81.991036,1.768,6.34,1.1,27.8,1316,30.0,0.776,0.678,9,7.1,108.5,removed,alternate_wetting_drying,Samba Mahsuri,2024-07-07,2024-11-12,5.679,7.139,222.1
1526,Mekong Delta,9.469087,105.424313,0.571,6.95,1.18,15.8,1443,28.1,0.622,0.584,23,2.4,116.1,removed,flood,MTU1010,2024-06-18,2024-10-11,5.436,6.539,285.6
1527,Eastern UP,26.091107,83.396703,1.623,4.94,0.85,18.7,1353,20.4,0.715,0.576,38,2.6,131.2,incorporated,alternate_wetting_drying,MTU1010,2024-06-21,2024-09-19,5.725,6.563,257.1
1528,Indo-Gangetic Plain,26.007254,81.843381,1.27,6.54,0.89,7.8,1031,26.4,0.673,0.538,37,3.8,67.6,removed,alternate_wetting_drying,Naveen,2024-07-04,2024-10-03,5.283,5.912,224.8
1529,Indo-Gangetic Plain,26.8384,82.158871,1.886,7.37,0.82,16.4,1456,28.6,0.635,0.543,20,9.7,160.9,incorporated,alternate_wetting_drying,IR64,2024-07-16,2024-10-28,5.318,5.488,390.2
1530,Indo-Gangetic Plain,26.385242,81.773499,1.864,5.87,1.32,29.1,1315,28.1,0.536,0.445,38,5.4,27.0,incorporated,alternate_wetting_drying,MTU1010,2024-06-21,2024-11-12,3.911,7.161,247.3
1531,Coastal Andhra,16.452545,81.205287,0.916,6.44,1.82,39.5,1271,30.7,0.477,0.337,50,3.9,111.5,mulched,alternate_wetting_drying,Swarna,2024-07-06,2024-10-20,4.605,8.279,208.4
1532,Coastal Andhra,16.992929,81.471995,0.393,7.23,1.24,5.0,641,28.4,0.519,0.463,47,6.5,97.4,removed,flood,MTU1010,2024-06-25,2024-10-17,4.913,6.386,275.8
1533,Coastal Andhra,16.276855,81.442566,1.366,6.25,0.7,17.9,1463,29.9,0.733,0.635,62,5.9,68.9,removed,flood,MTU1010,2024-06-25,2024-11-07,5.604,5.875,283.9
1534,Indo-Gangetic Plain,27.263615,82.011942,0.742,6.11,1.59,10.7,1335,25.2,0.427,0.376,45,9.2,122.0,incorporated,alternate_wetting_drying,IR64,2024-07-02,2024-10-06,4.343,7.349,360.5
1535,Mekong Delta,10.016605,105.190079,1.798,5.35,1.46,16.0,1426,29.0,0.582,0.435,1,4.6,117.7,mulched,flood,Swarna,2024-07-11,2024-11-09,4.98,6.692,370.0
1536,Eastern UP,26.443105,82.743616,0.707,6.36,1.22,19.9,958,27.9,0.824,0.641,37,1.8,80.8,incorporated,alternate_wetting_drying,Samba Mahsuri,2024-07-22,2024-10-20,6.208,7.69,269.4
1537,Coastal Andhra,16.524707,81.340601,4.168,6.12,1.07,30.6,934,26.8,0.504,0.498,51,1.0,57.7,incorporated,drip,Samba Mahsuri,2024-07-15,2024-11-12,4.68,5.754,193.3
1538,Mekong Delta,9.466705,105.164895,1.376,6.02,1.14,29.3,1370,29.8,0.46,0.297,78,7.5,50.4,mulched,alternate_wetting_drying,MTU1010,2024-06-23,2024-10-14,3.736,6.823,243.3
1539,Eastern UP,25.816951,83.236168,1.006,5.88,1.78,17.9,1232,23.8,0.485,0.308,48,4.7,75.2,incorporated,alternate_wetting_drying,Naveen,2024-06-27,2024-10-16,4.695,6.861,309.0
1540,Coastal Andhra,16.365495,80.802717,0.999,6.33,1.84,8.8,1251,23.6,0.415,0.34,45,8.8,80.6,mulched,drip,MTU1010,2024-06-29,2024-10-09,4.732,7.17,210.5
1541,Eastern UP,25.875463,82.913388,1.877,6.57,1.41,17.5,672,25.7,0.633,0.475,9,11.3,96.0,incorporated,flood,Naveen,2024-06-27,2024-10-14,5.417,6.694,431.0
1542,Mekong Delta,9.908605,105.137445,0.516,7.81,0.52,42.0,946,29.0,0.706,0.573,63,0.2,66.3,removed,flood,Naveen,2024-06-21,2024-10-21,5.482,5.727,203.1
1543,Mekong Delta,9.869228,104.929073,9.314,5.87,1.38,20.2,1129,26.8,0.764,0.639,51,6.7,103.0,mulched,flood,IR64,2024-06-22,2024-10-11,6.116,7.518,340.0
1544,Mekong Delta,9.92759,105.782002,1.672,6.65,1.34,25.2,1025,31.3,0.777,0.675,46,6.7,53.0,incorporated,flood,Samba Mahsuri,2024-06-27,2024-10-18,5.816,8.45,352.0
1545,Terai Nepal,27.287517,83.71895,1.906,6.38,1.4,5.0,1350,25.2,0.425,0.23,60,5.7,133.7,incorporated,flood,Samba Mahsuri,2024-07-07,2024-10-29,4.301,6.722,426.6
1546,Indo-Gangetic Plain,26.32277,81.914149,1.095,6.41,1.2,24.8,1232,26.9,0.618,0.496,75,4.0,71.3,removed,flood,MTU1010,2024-07-08,2024-11-10,4.853,6.843,245.1
1547,Mekong Delta,10.039304,105.373978,0.911,6.13,0.98,21.3,1203,26.6,0.709,0.667,97,5.1,124.0,mulched,alternate_wetting_drying,Naveen,2024-07-09,2024-11-02,6.185,6.98,244.7
1548,Indo-Gangetic Plain,27.056222,82.398829,0.665,6.18,0.2,27.1,1042,27.0,0.551,0.493,6,4.0,109.9,mulched,flood,Swarna,2024-06-28,2024-10-22,4.737,3.629,352.0
1549,Terai Nepal,27.65426,84.265389,0.829,5.74,1.38,21.0,1434,28.8,0.769,0.708,30,5.3,83.8,incorporated,alternate_wetting_drying,Swarna,2024-07-09,2024-10-28,6.057,7.064,370.3
1550,Indo-Gangetic Plain,26.722821,82.105657,0.48,5.61,1.03,27.0,1344,26.5,0.446,0.365,0,4.4,109.6,incorporated,flood,MTU1010,2024-07-09,2024-10-23,4.344,4.692,380.4
1551,Coastal Andhra,16.215382,80.869682,1.369,6.37,1.0,16.0,1193,26.6,0.81,0.755,32,8.9,71.9,incorporated,drip,Swarna,2024-06-27,2024-10-20,6.116,6.606,243.3
1552,Terai Nepal,27.314024,83.726714,1.671,6.12,1.95,29.9,973,27.7,0.658,0.654,20,3.0,103.3,removed,alternate_wetting_drying,Swarna,2024-07-10,2024-11-17,5.63,9.686,191.9
1553,Mekong Delta,10.360953,105.485796,0.868,6.2,1.19,35.0,1151,29.0,0.706,0.65,23,3.6,43.2,incorporated,alternate_wetting_drying,Naveen,2024-06-29,2024-10-21,4.949,7.011,248.1
1554,Indo-Gangetic Plain,26.761484,81.600743,0.587,6.36,1.06,25.5,1168,23.7,0.456,0.422,57,7.9,86.9,removed,flood,Samba Mahsuri,2024-07-12,2024-10-31,4.297,5.899,345.1
1555,Mekong Delta,10.08456,105.934498,1.509,6.39,0.81,16.7,1434,26.3,0.891,0.787,57,3.3,61.2,removed,alternate_wetting_drying,Swarna,2024-07-12,2024-11-12,6.003,6.37,259.5
1556,Indo-Gangetic Plain,25.901386,82.257016,1.027,6.14,1.58,28.5,1226,24.8,0.772,0.734,64,5.3,88.7,removed,flood,Naveen,2024-06-29,2024-10-28,5.962,8.554,287.9
1557,Coastal Andhra,16.123931,80.74417,1.036,4.96,1.24,7.7,1284,27.5,0.642,0.52,50,4.1,154.1,incorporated,alternate_wetting_drying,Swarna,2024-07-08,2024-10-20,5.511,6.574,340.0
1558,Terai Nepal,27.521793,84.043448,0.856,5.42,1.34,25.0,1257,25.9,0.571,0.482,48,7.0,61.6,incorporated,alternate_wetting_drying,IR64,2024-07-12,2024-10-29,4.984,7.387,337.0
1559,Eastern UP,26.33661,83.194902,1.271,6.29,1.55,14.0,931,23.4,0.798,0.734,55,4.6,191.4,incorporated,flood,Swarna,2024-07-09,2024-10-28,6.428,8.751,428.9
1560,Eastern UP,25.821362,83.446022,1.873,5.98,1.27,24.0,1472,27.9,0.669,0.57,17,9.1,104.7,removed,flood,Naveen,2024-07-01,2024-10-13,5.213,6.486,297.9
1561,Terai Nepal,27.497692,84.001707,0.851,6.88,1.72,40.1,1285,25.3,0.864,0.787,25,5.9,56.3,incorporated,flood,Swarna,2024-06-30,2024-10-24,6.299,7.886,405.6
1562,Coastal Andhra,16.479209,81.333787,0.946,6.44,0.81,41.7,1256,29.1,0.597,0.419,26,4.7,73.5,incorporated,flood,Naveen,2024-07-07,2024-12-04,4.838,5.539,329.5
1563,Coastal Andhra,16.177137,81.1584,2.871,5.46,1.52,22.9,965,25.6,0.774,0.68,18,2.4,72.5,incorporated,flood,Samba Mahsuri,2024-07-13,2024-10-15,5.566,7.599,338.5
1564,Terai Nepal,27.502718,83.820456,1.177,6.12,1.88,32.2,1147,26.5,0.661,0.561,21,0.0,62.1,incorporated,flood,Naveen,2024-07-03,2024-10-11,5.912,8.421,273.2
1565,Coastal Andhra,16.615169,80.98503,0.415,6.64,1.44,14.1,1082,29.3,0.511,0.413,28,11.6,47.1,removed,alternate_wetting_drying,Samba Mahsuri,2024-06-16,2024-09-30,4.405,6.977,197.9
1566,Coastal Andhra,16.826138,80.909459,2.55,7.19,0.7,29.2,1262,29.3,0.514,0.434,46,9.5,92.1,incorporated,drip,Samba Mahsuri,2024-06-25,2024-11-07,4.835,4.522,249.5
1567,Indo-Gangetic Plain,26.693641,82.203276,1.454,6.81,0.2,26.5,1438,31.0,0.9,0.745,50,5.2,65.6,incorporated,alternate_wetting_drying,MTU1010,2024-07-10,2024-11-05,6.335,5.214,316.7
1568,Mekong Delta,10.386688,105.514912,1.34,6.67,0.81,36.1,1503,26.8,0.731,0.579,50,1.9,114.0,incorporated,flood,IR64,2024-07-05,2024-11-06,5.316,7.29,356.6
1569,Coastal Andhra,16.549022,81.544885,2.702,6.12,1.9,25.5,1316,29.8,0.619,0.47,49,3.6,112.5,removed,flood,Samba Mahsuri,2024-07-17,2024-11-12,5.342,8.667,297.3
1570,Eastern UP,26.183273,83.043981,0.832,6.75,1.19,30.0,922,26.2,0.666,0.532,20,5.3,124.7,removed,flood,Samba Mahsuri,2024-07-05,2024-11-05,5.186,6.002,263.4
1571,Indo-Gangetic Plain,26.184929,82.316349,0.369,6.92,1.37,50.2,1395,28.3,0.548,0.459,51,9.3,63.1,removed,flood,Swarna,2024-06-16,2024-09-19,4.528,7.863,306.9
1572,Indo-Gangetic Plain,27.009437,82.051668,0.964,6.35,1.35,22.3,922,28.6,0.769,0.618,40,8.3,101.0,mulched,flood,Naveen,2024-07-02,2024-10-11,5.56,7.375,358.1
1573,Eastern UP,25.83986,83.188878,0.651,6.58,1.41,33.0,1400,24.7,0.658,0.563,18,4.9,41.2,incorporated,alternate_wetting_drying,Swarna,2024-07-07,2024-10-21,5.126,7.086,313.6
1574,Eastern UP,26.051209,83.072672,0.787,6.15,1.23,24.9,1276,25.8,0.473,0.3,10,7.4,79.4,removed,alternate_wetting_drying,IR64,2024-07-06,2024-11-26,4.148,5.297,225.6
1575,Eastern UP,26.048945,83.143183,1.743,6.39,1.21,19.3,1583,23.6,0.704,0.654,33,4.9,20.5,incorporated,flood,Swarna,2024-06-21,2024-10-12,5.076,7.421,354.9
1576,Eastern UP,26.159176,82.557117,0.929,4.65,0.61,32.2,1488,24.1,0.611,0.51,71,9.6,95.4,incorporated,flood,Samba Mahsuri,2024-07-02,2024-11-03,5.311,5.635,431.0
1577,Indo-Gangetic Plain,27.042311,82.020573,1.486,6.66,1.55,25.2,893,27.9,0.466,0.323,74,3.5,71.8,mulched,drip,Swarna,2024-06-15,2024-09-29,4.417,7.975,186.4
1578,Eastern UP,26.167675,82.897724,0.497,6.05,0.81,10.8,1154,25.1,0.83,0.741,24,1.7,50.7,mulched,flood,Swarna,2024-07-13,2024-11-10,6.005,6.663,265.4
1579,Terai Nepal,27.319384,83.471655,0.703,6.76,1.18,22.8,962,22.6,0.672,0.553,20,3.4,144.0,incorporated,flood,MTU1010,2024-07-16,2024-10-30,5.791,6.137,411.2
1580,Coastal Andhra,16.86269,81.101114,1.079,6.09,1.82,31.6,865,31.2,0.9,0.85,53,0.4,79.6,incorporated,alternate_wetting_drying,Naveen,2024-06-20,2024-10-14,6.92,10.226,229.8
1581,Terai Nepal,26.841971,83.826419,0.976,5.54,1.41,28.8,1599,29.6,0.59,0.548,2,4.4,82.5,incorporated,flood,Naveen,2024-07-08,2024-10-19,5.034,6.862,453.1
1582,Indo-Gangetic Plain,26.57113,82.183502,1.861,6.64,0.2,28.4,1054,26.0,0.605,0.491,8,0.0,46.7,mulched,flood,Naveen,2024-07-14,2024-11-01,4.826,3.591,281.7
1583,Mekong Delta,9.849151,105.23436,1.438,6.42,0.95,20.5,1372,25.0,0.62,0.475,51,1.9,89.2,removed,alternate_wetting_drying,Samba Mahsuri,2024-07-09,2024-10-22,5.186,5.676,215.0
1584,Mekong Delta,9.972648,105.078403,1.825,6.6,1.23,12.2,1141,24.0,0.708,0.629,32,0.4,125.9,incorporated,flood,IR64,2024-07-02,2024-11-29,6.013,5.862,378.6
1585,Coastal Andhra,16.579504,80.900751,1.278,6.91,0.78,19.4,1222,26.3,0.464,0.247,29,2.9,76.8,removed,drip,MTU1010,2024-07-03,2024-11-17,3.939,4.916,199.1
1586,Coastal Andhra,16.362628,81.49002,1.776,6.44,0.57,36.6,1953,23.1,0.818,0.742,36,5.8,47.8,incorporated,flood,IR64,2024-07-04,2024-10-22,5.723,4.786,379.8
1587,Terai Nepal,27.722192,84.387202,0.986,6.06,1.15,37.7,730,27.1,0.747,0.631,71,0.4,128.1,incorporated,flood,Naveen,2024-06-28,2024-10-25,5.959,8.106,361.5
1588,Mekong Delta,10.201281,105.159354,0.461,6.31,1.46,29.7,1671,26.1,0.429,0.269,49,5.8,116.8,mulched,flood,IR64,2024-07-17,2024-10-31,4.109,6.777,357.1
1589,Mekong Delta,10.205057,106.043044,1.775,6.83,0.69,9.6,1276,26.5,0.705,0.636,80,1.4,83.1,incorporated,alternate_wetting_drying,Samba Mahsuri,2024-07-01,2024-10-20,5.919,6.141,232.1
1590,Eastern UP,26.459499,83.580601,0.476,6.1,0.33,25.6,1226,26.7,0.59,0.477,61,7.1,132.7,mulched,drip,Naveen,2024-07-01,2024-11-05,5.06,4.028,207.8
1591,Mekong Delta,9.677938,105.119956,1.37,6.27,0.51,21.8,1946,26.9,0.614,0.529,74,4.6,98.7,incorporated,alternate_wetting_drying,Swarna,2024-07-12,2024-10-27,5.232,4.819,338.9
1592,Terai Nepal,27.215014,84.126959,5.083,6.03,0.85,23.8,1426,28.4,0.636,0.558,97,8.4,150.7,mulched,flood,Naveen,2024-07-12,2024-10-10,4.965,6.663,439.6
1593,Mekong Delta,10.304907,106.038671,1.243,5.63,1.61,35.5,1158,24.0,0.768,0.706,54,9.7,31.9,removed,flood,IR64,2024-07-14,2024-11-21,5.953,8.518,351.0
1594,Terai Nepal,27.147494,83.464742,2.558,6.28,1.48,20.1,851,28.6,0.689,0.601,52,2.1,127.1,removed,alternate_wetting_drying,IR64,2024-07-17,2024-11-10,5.832,7.922,153.3
1595,Coastal Andhra,16.508673,81.266549,0.574,6.17,1.27,30.0,1241,27.7,0.681,0.622,79,3.8,63.6,removed,flood,Swarna,2024-06-20,2024-10-12,5.746,7.214,308.9
1596,Eastern UP,26.35688,83.243923,0.365,7.1,1.46,43.0,1008,24.5,0.754,0.616,28,4.2,106.8,mulched,flood,Swarna,2024-07-08,2024-11-09,6.119,7.944,321.9
1597,Terai Nepal,27.460266,84.676256,5.399,6.7,0.37,34.3,1400,33.7,0.659,0.58,20,7.5,83.4,incorporated,flood,IR64,2024-07-02,2024-10-11,4.725,4.78,405.1
1598,Indo-Gangetic Plain,26.282429,81.931293,0.769,7.31,1.5,18.8,949,25.6,0.541,0.501,68,3.8,103.8,incorporated,alternate_wetting_drying,MTU1010,2024-07-05,2024-10-20,4.859,7.2,307.7
1599,Coastal Andhra,16.260315,81.462507,0.76,6.72,1.34,41.6,1549,25.7,0.498,0.356,28,4.0,52.9,incorporated,flood,MTU1010,2024-07-11,2024-10-15,4.566,6.007,374.8
1600,Eastern UP,25.962059,82.885574,0.681,7.62,1.1,26.4,863,25.1,0.532,0.45,60,6.4,111.1,removed,flood,Naveen,2024-07-04,2024-10-26,5.111,6.531,276.0
1601,Eastern UP,25.807111,82.989784,1.341,7.1,1.71,13.7,1338,30.1,0.623,0.532,35,6.6,100.1,mulched,flood,Swarna,2024-07-14,2024-11-03,5.266,7.983,329.7
1602,Terai Nepal,27.381903,83.849907,3.804,6.81,1.45,6.1,1585,24.4,0.646,0.581,50,9.6,56.4,incorporated,flood,Naveen,2024-06-27,2024-10-22,4.968,6.55,436.9
1603,Mekong Delta,9.626218,106.240686,1.704,6.65,1.46,20.1,1157,28.3,0.533,0.399,97,0.6,108.6,incorporated,alternate_wetting_drying,Samba Mahsuri,2024-06-26,2024-10-05,5.213,7.805,235.3
1604,Mekong Delta,10.288786,105.63837,1.805,7.26,1.38,24.0,879,26.3,0.676,0.562,51,7.9,120.3,incorporated,flood,Samba Mahsuri,2024-07-04,2024-10-13,5.346,7.379,402.4
1605,Mekong Delta,10.411864,105.615828,2.705,6.64,1.96,37.1,1476,29.0,0.9,0.746,23,5.7,80.7,incorporated,alternate_wetting_drying,Samba Mahsuri,2024-07-25,2024-11-20,6.14,10.46,332.1
1606,Eastern UP,25.998475,83.111294,1.479,6.06,1.2,42.2,884,28.2,0.524,0.444,73,0.0,163.4,incorporated,flood,Samba Mahsuri,2024-06-22,2024-09-21,5.331,6.353,329.0
1607,Eastern UP,25.826597,82.881261,2.12,6.41,1.2,10.9,1141,30.6,0.782,0.707,65,4.6,107.6,removed,flood,MTU1010,2024-07-02,2024-09-30,6.174,7.84,296.3
1608,Mekong Delta,10.286035,105.94675,0.486,7.45,0.64,32.5,1277,28.6,0.51,0.501,24,6.3,158.5,removed,flood,Samba Mahsuri,2024-06-24,2024-10-25,4.849,3.692,318.5
1609,Eastern UP,25.946119,82.770833,2.183,6.59,0.89,33.6,1041,24.8,0.721,0.686,88,9.5,109.1,incorporated,flood,IR64,2024-06-29,2024-10-23,5.741,7.118,459.0
1610,Indo-Gangetic Plain,26.273312,82.10039,1.559,6.89,2.0,15.0,1244,28.7,0.73,0.645,54,4.9,115.9,mulched,flood,MTU1010,2024-07-04,2024-10-18,5.997,8.592,300.2
1611,Terai Nepal,27.56441,83.776623,1.851,6.18,2.0,22.8,1171,28.5,0.747,0.601,89,7.0,87.7,incorporated,flood,IR64,2024-06-29,2024-11-03,5.893,10.548,436.6
1612,Eastern UP,25.80422,82.611315,0.934,6.34,1.4,24.1,1523,29.6,0.811,0.722,32,0.9,135.8,incorporated,flood,Swarna,2024-06-23,2024-10-25,6.036,8.357,395.4
1613,Indo-Gangetic Plain,26.568736,81.686167,1.967,5.18,0.89,24.6,971,26.1,0.759,0.66,21,7.8,98.8,incorporated,flood,IR64,2024-07-07,2024-10-28,5.677,6.155,388.9
1614,Indo-Gangetic Plain,26.480127,82.170948,1.039,6.74,0.73,13.7,1579,26.5,0.703,0.642,16,3.4,104.9,mulched,alternate_wetting_drying,Naveen,2024-06-15,2024-10-11,5.456,5.068,309.6
1615,Terai Nepal,27.189226,83.737061,2.142,7.09,1.28,31.1,1826,26.9,0.546,0.419,65,7.8,130.0,mulched,drip,Swarna,2024-07-14,2024-10-24,4.836,7.582,223.7
1616,Terai Nepal,28.123483,84.088885,1.192,6.61,2.0,49.2,1144,28.4,0.641,0.546,91,2.2,8.3,incorporated,alternate_wetting_drying,Swarna,2024-07-08,2024-10-16,5.003,9.983,234.5
1617,Coastal Andhra,16.201533,80.836735,2.093,6.56,0.96,31.0,1835,27.6,0.685,0.586,35,7.5,83.3,incorporated,alternate_wetting_drying,Swarna,2024-07-09,2024-10-29,5.347,5.774,344.1
1618,Coastal Andhra,16.935792,81.523081,1.871,6.56,2.03,37.6,1664,28.7,0.665,0.585,13,6.5,110.5,mulched,flood,Swarna,2024-07-01,2024-10-20,6.05,9.125,373.6
1619,Indo-Gangetic Plain,26.482338,81.532744,1.173,5.53,1.39,12.4,1196,22.9,0.707,0.611,40,5.4,108.3,removed,drip,Naveen,2024-06-26,2024-10-10,5.626,7.095,160.2
1620,Indo-Gangetic Plain,26.17849,82.229804,2.559,6.5,1.23,18.1,1520,31.3,0.63,0.556,53,5.4,72.5,removed,alternate_wetting_drying,MTU1010,2024-07-09,2024-10-24,5.222,7.416,228.2
1621,Mekong Delta,9.970611,105.836014,2.974,7.21,1.13,23.9,1002,26.4,0.554,0.457,44,2.4,184.0,incorporated,alternate_wetting_drying,Naveen,2024-07-07,2024-11-10,5.537,6.684,314.6
1622,Terai Nepal,27.503474,83.752207,0.36,6.78,1.22,29.1,1251,29.4,0.641,0.49,25,2.8,138.2,removed,alternate_wetting_drying,MTU1010,2024-07-18,2024-11-19,5.559,7.031,237.2
1623,Eastern UP,25.66784,82.917311,1.225,6.55,1.83,15.4,800,28.5,0.589,0.368,68,3.4,132.4,incorporated,drip,IR64,2024-07-12,2024-10-17,5.272,8.873,227.1
1624,Coastal Andhra,16.472815,81.667138,0.441,6.53,0.28,7.0,1184,25.7,0.899,0.812,73,5.2,47.9,incorporated,flood,Naveen,2024-06-17,2024-09-28,6.204,5.372,364.3
1625,Coastal Andhra,16.59311,80.959069,1.64,5.62,1.38,38.7,1741,24.4,0.703,0.638,48,10.8,120.7,incorporated,flood,MTU1010,2024-06-28,2024-11-02,5.355,7.967,489.6
1626,Indo-Gangetic Plain,26.558158,82.457079,0.561,7.04,0.89,16.6,1507,24.8,0.695,0.62,0,6.4,94.4,removed,flood,IR64,2024-06-15,2024-10-03,5.27,5.125,325.4
1627,Mekong Delta,10.371545,104.98808,0.677,5.15,1.26,27.0,915,25.9,0.705,0.527,26,5.3,109.1,incorporated,flood,Swarna,2024-07-22,2024-12-05,5.377,6.821,377.3
1628,Mekong Delta,10.046575,105.716739,0.642,6.12,0.67,45.6,1420,25.2,0.465,0.409,29,3.3,117.7,removed,flood,MTU1010,2024-06-20,2024-10-05,4.461,4.69,282.0
1629,Eastern UP,25.890128,83.354732,0.713,5.03,1.13,41.5,1210,23.6,0.455,0.295,24,9.6,112.9,removed,alternate_wetting_drying,Samba Mahsuri,2024-06-27,2024-10-28,4.598,5.41,216.2
1630,Indo-Gangetic Plain,26.03297,81.679706,0.562,6.66,2.17,33.0,861,25.3,0.59,0.471,84,3.6,143.9,removed,flood,Naveen,2024-07-26,2024-11-07,5.634,10.124,273.2
1631,Eastern UP,26.658586,82.613292,0.826,5.14,0.65,7.3,1043,26.4,0.706,0.621,56,5.3,53.8,incorporated,alternate_wetting_drying,Swarna,2024-06-18,2024-10-16,5.68,5.537,263.5
1632,Mekong Delta,9.968895,104.96517,2.084,6.87,0.67,25.9,599,28.1,0.704,0.566,60,3.4,54.0,mulched,flood,Naveen,2024-06-28,2024-10-04,5.284,6.135,245.4
1633,Indo-Gangetic Plain,26.472511,82.265974,1.625,6.41,0.37,14.7,1343,22.8,0.612,0.51,73,6.8,123.7,removed,flood,Samba Mahsuri,2024-07-08,2024-10-09,5.348,4.892,311.4
1634,Coastal Andhra,16.610351,81.039474,0.51,6.51,1.62,33.3,667,27.5,0.733,0.626,66,0.8,49.9,removed,drip,Samba Mahsuri,2024-07-10,2024-11-13,5.81,8.25,152.7
1635,Mekong Delta,10.130512,105.128937,0.904,6.54,1.54,22.8,1733,27.0,0.793,0.679,98,8.2,91.5,mulched,alternate_wetting_drying,IR64,2024-07-11,2024-11-10,5.505,9.4,314.3
1636,Terai Nepal,28.039435,83.105821,2.331,6.99,1.17,29.1,1273,25.6,0.798,0.699,54,2.1,8.3,incorporated,alternate_wetting_drying,MTU1010,2024-06-23,2024-10-01,5.339,7.569,217.9
1637,Coastal Andhra,16.092175,81.292955,0.636,5.78,1.23,37.5,969,26.9,0.662,0.566,52,5.0,29.1,removed,drip,IR64,2024-07-18,2024-11-13,5.178,8.157,116.1
1638,Indo-Gangetic Plain,26.472524,81.735164,1.087,6.05,0.71,9.0,792,26.9,0.407,0.349,61,7.9,103.0,removed,flood,IR64,2024-07-13,2024-11-18,4.405,4.819,300.7
1639,Mekong Delta,9.128694,105.2327,0.558,6.49,1.79,29.9,1050,27.7,0.648,0.522,59,8.9,85.1,incorporated,flood,Swarna,2024-06-17,2024-10-01,5.8,8.713,381.9
1640,Terai Nepal,27.588912,84.264675,0.806,5.92,1.4,26.6,1270,23.4,0.9,0.85,66,2.8,195.8,mulched,drip,IR64,2024-07-09,2024-11-11,6.913,8.393,189.1
1641,Mekong Delta,9.856098,105.694461,0.924,7.37,0.7,20.0,920,24.0,0.554,0.48,34,0.0,48.2,incorporated,flood,Naveen,2024-07-06,2024-10-19,4.946,4.824,250.8
1642,Coastal Andhra,16.087578,80.733733,3.034,7.06,1.3,35.5,895,30.7,0.662,0.574,70,7.9,40.3,removed,drip,Naveen,2024-07-13,2024-11-08,5.363,8.404,150.3
1643,Coastal Andhra,16.094062,81.014009,1.587,6.65,1.3,33.0,1183,31.7,0.695,0.645,11,6.0,82.5,removed,flood,Swarna,2024-06-23,2024-10-10,5.577,6.792,343.1
1644,Coastal Andhra,16.263266,81.505931,0.39,7.79,2.14,42.3,1051,27.6,0.575,0.454,45,3.6,73.5,incorporated,flood,IR64,2024-07-05,2024-10-16,5.374,9.745,339.0
1645,Terai Nepal,27.689412,84.22791,0.683,6.35,2.0,24.8,1509,32.1,0.642,0.5,68,0.9,104.1,incorporated,flood,Swarna,2024-07-20,2024-11-15,5.355,9.197,373.1
1646,Eastern UP,25.676553,83.369699,4.061,5.88,1.81,20.1,575,28.6,0.425,0.362,38,4.9,128.3,incorporated,alternate_wetting_drying,Naveen,2024-06-28,2024-11-06,4.399,7.278,302.2
1647,Mekong Delta,9.796386,105.481987,0.824,7.09,1.5,8.0,1407,23.3,0.541,0.403,13,3.9,116.6,mulched,alternate_wetting_drying,Swarna,2024-07-09,2024-10-31,4.886,6.302,243.6
1648,Indo-Gangetic Plain,26.302425,82.01615,0.863,6.49,0.85,29.7,993,28.6,0.615,0.622,38,6.5,70.7,incorporated,alternate_wetting_drying,Naveen,2024-07-03,2024-10-25,5.346,5.13,281.5
1649,Eastern UP,25.9022,82.969249,0.758,7.35,1.68,27.6,892,26.6,0.766,0.544,46,8.7,96.1,incorporated,flood,Naveen,2024-07-17,2024-11-23,5.941,8.784,390.6
1650,Eastern UP,26.099892,82.655877,0.928,6.88,1.16,20.8,744,30.7,0.747,0.679,22,3.3,55.7,incorporated,alternate_wetting_drying,Naveen,2024-07-02,2024-10-25,4.971,6.744,223.2
1651,Indo-Gangetic Plain,26.249676,81.823191,1.693,6.95,1.09,37.1,586,25.6,0.9,0.801,33,6.4,56.5,incorporated,flood,Naveen,2024-06-12,2024-10-08,6.235,8.222,326.7
1652,Mekong Delta,10.111748,105.638439,0.8,6.65,1.16,26.9,1576,28.1,0.694,0.638,26,6.4,34.4,incorporated,flood,MTU1010,2024-07-01,2024-10-19,4.861,6.575,390.8
1653,Eastern UP,26.051568,82.373616,0.845,6.34,1.49,19.1,1388,27.7,0.754,0.681,37,6.7,54.3,mulched,flood,MTU1010,2024-07-04,2024-11-03,6.014,8.223,344.0
1654,Indo-Gangetic Plain,26.940528,82.024532,1.682,6.4,0.94,27.3,1029,29.6,0.791,0.688,33,5.7,45.4,incorporated,flood,MTU1010,2024-06-27,2024-10-16,5.545,6.257,337.9
1655,Indo-Gangetic Plain,26.248132,81.962801,0.366,6.91,1.18,20.3,735,28.1,0.574,0.409,57,9.6,94.8,removed,alternate_wetting_drying,Naveen,2024-07-15,2024-10-29,5.061,6.239,175.3
1656,Indo-Gangetic Plain,26.401939,81.852356,1.407,7.12,2.31,36.2,1449,25.0,0.578,0.479,56,3.6,131.5,incorporated,flood,IR64,2024-06-28,2024-10-04,5.222,9.945,404.1
1657,Mekong Delta,10.114537,105.258824,1.414,7.2,0.86,21.3,1073,32.7,0.635,0.543,42,9.1,67.7,removed,flood,IR64,2024-07-12,2024-10-29,5.423,5.69,299.5
1658,Terai Nepal,27.490828,83.606514,0.894,6.01,0.88,50.2,1109,24.8,0.893,0.748,63,2.5,131.7,removed,flood,Swarna,2024-07-13,2024-10-25,6.711,7.479,261.7
1659,Indo-Gangetic Plain,26.611138,82.065984,1.225,7.11,2.01,35.0,1209,30.3,0.619,0.563,65,9.3,90.0,removed,flood,MTU1010,2024-07-21,2024-11-05,5.556,9.256,309.9
1660,Coastal Andhra,16.954883,80.820371,0.903,6.59,1.17,26.1,1138,27.7,0.415,0.244,43,13.1,78.2,incorporated,flood,Swarna,2024-07-15,2024-11-08,3.664,5.772,456.4
1661,Terai Nepal,27.762679,83.596337,3.064,6.2,0.91,35.2,1032,31.4,0.582,0.437,47,7.0,54.7,removed,flood,IR64,2024-06-16,2024-10-21,4.726,5.783,247.2
1662,Coastal Andhra,16.387695,81.061973,1.263,5.87,1.08,20.9,825,26.5,0.412,0.346,53,6.2,90.5,incorporated,drip,Swarna,2024-07-07,2024-10-25,4.069,5.062,220.9
1663,Terai Nepal,27.281713,83.813604,1.096,6.55,1.19,25.0,712,32.8,0.678,0.556,36,2.4,95.3,incorporated,alternate_wetting_drying,IR64,2024-07-07,2024-11-16,4.903,7.056,241.8
1664,Coastal Andhra,15.791409,81.401869,2.748,6.98,1.01,10.1,1547,24.9,0.567,0.48,61,8.6,161.4,mulched,alternate_wetting_drying,IR64,2024-07-06,2024-10-06,5.157,6.35,307.0
1665,Eastern UP,26.25553,83.12961,1.009,5.83,1.86,11.6,1388,23.0,0.76,0.61,0,6.3,102.8,removed,flood,Samba Mahsuri,2024-07-12,2024-10-30,5.457,8.334,326.8
1666,Coastal Andhra,16.492034,81.250966,0.601,6.35,1.56,25.0,1045,25.2,0.683,0.541,70,3.3,146.9,incorporated,flood,Naveen,2024-07-06,2024-11-01,5.737,7.865,356.1
1667,Mekong Delta,9.834559,105.549388,2.135,4.91,1.66,19.5,1076,31.3,0.676,0.553,43,7.3,146.6,removed,drip,Naveen,2024-06-11,2024-10-11,5.867,9.348,189.4
1668,Coastal Andhra,16.647662,81.659909,1.563,6.48,1.43,33.2,1664,24.3,0.453,0.343,8,4.3,153.4,removed,alternate_wetting_drying,MTU1010,2024-07-05,2024-11-07,5.236,7.071,239.4
1669,Indo-Gangetic Plain,26.533109,82.583167,0.61,6.06,1.02,18.3,762,20.2,0.431,0.276,44,7.5,69.6,incorporated,alternate_wetting_drying,MTU1010,2024-07-04,2024-10-30,3.806,5.641,247.7
1670,Terai Nepal,27.581515,84.338149,0.539,6.17,0.2,29.7,1186,25.0,0.883,0.721,44,2.6,100.9,removed,alternate_wetting_drying,Swarna,2024-07-06,2024-10-25,6.006,4.881,229.7
1671,Coastal Andhra,16.248682,81.232535,0.799,6.36,0.65,16.4,1533,26.1,0.595,0.536,22,1.9,44.8,mulched,flood,IR64,2024-06-27,2024-10-17,4.906,4.626,320.6
1672,Terai Nepal,27.766879,84.202133,3.184,5.96,0.64,21.3,1549,21.7,0.664,0.581,60,6.3,111.7,incorporated,flood,MTU1010,2024-07-09,2024-10-29,5.404,5.266,437.6
1673,Mekong Delta,10.784311,105.832082,0.779,8.22,1.54,17.1,1780,24.8,0.575,0.439,44,5.1,91.4,incorporated,flood,Naveen,2024-07-16,2024-11-17,5.306,7.282,396.6
1674,Terai Nepal,27.566853,84.107492,1.563,7.14,1.65,12.1,873,29.4,0.576,0.549,10,7.8,122.2,removed,drip,Naveen,2024-07-06,2024-11-06,5.172,6.909,208.2
1675,Coastal Andhra,16.644546,81.409066,1.394,7.07,0.37,20.3,1746,30.2,0.726,0.634,70,6.3,36.9,incorporated,flood,IR64,2024-07-14,2024-10-12,5.374,4.946,375.8
1676,Indo-Gangetic Plain,26.796781,81.542543,0.828,6.5,1.56,36.1,1001,28.5,0.549,0.505,84,9.6,79.3,incorporated,flood,IR64,2024-06-20,2024-11-13,4.776,8.591,371.3
1677,Coastal Andhra,16.708133,81.247443,1.108,6.14,0.61,12.0,750,28.6,0.58,0.46,27,4.8,78.1,mulched,flood,MTU1010,2024-07-20,2024-11-06,4.902,4.178,304.2
1678,Indo-Gangetic Plain,26.31911,82.357727,2.135,6.36,0.77,35.8,1058,27.8,0.582,0.493,92,4.8,140.3,incorporated,flood,MTU1010,2024-06-19,2024-10-11,5.261,5.657,408.6
1679,Indo-Gangetic Plain,26.399464,82.500477,1.625,7.79,1.24,40.0,1495,25.7,0.629,0.547,71,5.8,57.8,mulched,drip,IR64,2024-06-22,2024-10-01,5.197,6.696,194.7
1680,Indo-Gangetic Plain,26.214248,81.705531,0.597,5.75,1.95,38.9,1544,27.2,0.599,0.473,81,5.7,76.2,incorporated,flood,IR64,2024-07-10,2024-10-08,5.608,9.296,398.7
1681,Eastern UP,25.412577,82.766525,3.507,6.78,1.2,19.2,1158,29.8,0.431,0.184,22,4.3,84.4,incorporated,flood,Naveen,2024-07-03,2024-11-01,3.838,5.378,320.9
1682,Mekong Delta,10.028681,105.315561,1.181,5.89,0.81,30.1,1061,25.2,0.704,0.585,39,4.6,104.6,removed,alternate_wetting_drying,MTU1010,2024-07-14,2024-11-16,5.395,5.327,223.1
1683,Eastern UP,26.28848,82.878382,0.672,6.62,1.85,20.7,1246,28.5,0.477,0.407,85,0.0,132.2,incorporated,drip,MTU1010,2024-07-16,2024-11-02,5.264,8.792,190.9
1684,Eastern UP,26.103652,82.748198,1.817,5.71,2.05,17.5,612,26.8,0.601,0.546,78,7.3,106.2,removed,flood,IR64,2024-06-25,2024-10-03,5.735,9.617,298.0
1685,Indo-Gangetic Plain,26.862386,82.373335,3.271,6.67,1.0,22.0,1088,27.6,0.702,0.541,45,0.8,75.7,removed,flood,Swarna,2024-07-20,2024-12-06,5.89,6.548,271.2
1686,Mekong Delta,10.454829,105.603289,1.772,8.05,1.16,13.9,1865,28.7,0.511,0.418,56,2.8,47.1,incorporated,flood,Naveen,2024-07-13,2024-10-21,4.322,5.842,388.7
1687,Eastern UP,25.956836,82.596842,0.225,6.61,1.1,7.9,771,26.3,0.584,0.413,80,2.5,142.7,removed,alternate_wetting_drying,Naveen,2024-07-21,2024-11-26,4.977,6.226,215.1
1688,Terai Nepal,27.616683,84.097296,0.75,6.53,1.04,21.6,1295,24.7,0.505,0.38,31,4.0,22.5,mulched,alternate_wetting_drying,MTU1010,2024-07-14,2024-11-04,4.064,5.63,245.3
1689,Coastal Andhra,16.60249,80.848209,0.906,7.95,1.67,22.7,822,22.3,0.796,0.634,44,3.8,129.7,incorporated,alternate_wetting_drying,IR64,2024-06-20,2024-10-04,5.927,8.09,299.3
1690,Terai Nepal,27.603655,83.923464,0.644,6.43,1.3,10.4,1476,25.9,0.753,0.654,52,2.9,77.9,removed,flood,Swarna,2024-07-11,2024-11-20,5.837,8.205,274.8
1691,Terai Nepal,27.43151,83.84288,1.655,7.12,1.82,20.9,1046,25.9,0.418,0.378,44,6.1,107.2,removed,flood,Naveen,2024-06-27,2024-10-14,4.868,8.141,247.8
1692,Mekong Delta,9.432891,104.982008,1.951,6.4,1.12,24.4,1369,25.0,0.717,0.612,21,6.8,92.0,incorporated,flood,IR64,2024-06-24,2024-10-22,5.575,7.171,448.9
1693,Indo-Gangetic Plain,26.461979,81.949173,1.17,6.56,1.83,35.7,1425,32.1,0.331,0.254,44,3.0,57.5,mulched,alternate_wetting_drying,Swarna,2024-06-17,2024-10-27,3.815,6.717,223.3
1694,Mekong Delta,9.990484,105.653455,1.293,5.58,1.96,34.2,1326,23.6,0.751,0.672,65,6.6,78.1,removed,flood,Naveen,2024-07-15,2024-11-19,5.791,10.331,307.0
1695,Coastal Andhra,16.57307,81.360393,4.929,6.71,1.42,5.0,1084,27.5,0.559,0.448,62,7.8,86.2,removed,drip,MTU1010,2024-06-19,2024-10-30,4.713,6.836,142.8
1696,Indo-Gangetic Plain,26.350741,81.90984,1.359,6.34,1.77,22.2,1025,28.5,0.741,0.516,0,5.2,113.8,removed,flood,Naveen,2024-06-25,2024-10-30,5.508,8.271,342.0
1697,Terai Nepal,27.730336,84.045257,1.824,6.98,0.94,41.2,947,30.4,0.692,0.623,23,5.8,82.3,incorporated,flood,Naveen,2024-07-09,2024-11-11,4.939,6.428,389.6
1698,Mekong Delta,9.946525,105.276533,1.041,7.47,0.34,12.8,618,25.9,0.575,0.467,33,6.4,62.4,incorporated,alternate_wetting_drying,Samba Mahsuri,2024-07-25,2024-11-18,4.801,3.389,230.3
1699,Indo-Gangetic Plain,26.442732,82.101846,0.306,7.15,1.61,6.5,596,29.1,0.742,0.611,9,10.5,63.6,incorporated,flood,IR64,2024-07-07,2024-11-09,5.565,8.209,401.5
1700,Mekong Delta,9.791185,106.080057,0.56,6.41,1.43,28.5,1254,30.2,0.703,0.577,29,7.5,74.5,incorporated,alternate_wetting_drying,Swarna,2024-07-16,2024-11-03,5.149,7.073,321.3
1701,Terai Nepal,27.824134,84.221844,1.7,7.25,1.08,29.2,956,26.6,0.704,0.758,29,5.5,87.3,removed,alternate_wetting_drying,Swarna,2024-06-30,2024-10-10,5.981,6.927,219.9
1702,Terai Nepal,27.500925,84.351962,1.847,6.06,1.34,11.2,1558,28.7,0.735,0.589,50,0.6,123.8,incorporated,flood,Swarna,2024-06-27,2024-10-12,5.924,8.16,400.6
1703,Indo-Gangetic Plain,26.591949,82.554991,1.189,5.52,1.1,37.5,995,29.8,0.671,0.539,91,0.0,121.4,incorporated,flood,MTU1010,2024-07-04,2024-10-28,5.571,7.3,328.4
1704,Eastern UP,25.958801,82.339657,0.438,6.49,1.04,24.1,1097,24.2,0.484,0.426,63,2.5,126.5,incorporated,alternate_wetting_drying,Naveen,2024-06-24,2024-10-22,4.637,5.602,276.0
1705,Mekong Delta,9.636986,105.074962,1.621,7.09,1.06,30.1,1169,33.5,0.64,0.471,59,3.4,110.6,incorporated,flood,IR64,2024-07-04,2024-10-25,4.857,7.216,415.4
1706,Eastern UP,26.443735,82.6621,0.631,6.0,1.22,25.3,1034,26.2,0.585,0.51,25,2.7,20.0,incorporated,flood,IR64,2024-07-02,2024-10-10,4.562,6.559,307.4
1707,Mekong Delta,10.306317,105.668296,3.453,6.93,1.44,31.0,1420,22.5,0.712,0.692,0,1.7,98.9,incorporated,alternate_wetting_drying,MTU1010,2024-06-21,2024-10-06,5.524,6.701,249.4
1708,Eastern UP,26.206254,82.924077,0.641,6.31,1.19,28.5,1258,23.7,0.71,0.62,30,7.8,64.7,removed,flood,MTU1010,2024-07-22,2024-11-08,5.511,6.637,334.5
1709,Mekong Delta,9.999537,106.157518,1.292,7.13,0.89,5.0,1268,28.1,0.699,0.672,119,1.7,93.6,removed,alternate_wetting_drying,MTU1010,2024-07-07,2024-10-15,5.353,7.261,211.5
1710,Indo-Gangetic Plain,26.410521,82.173293,1.376,6.05,0.63,23.4,1267,27.0,0.635,0.546,80,5.6,97.1,incorporated,flood,Swarna,2024-07-02,2024-11-04,4.867,6.16,422.6
1711,Mekong Delta,10.033062,105.896683,0.906,6.84,1.4,17.3,1361,26.6,0.645,0.563,46,5.1,108.5,removed,flood,Swarna,2024-07-08,2024-10-14,5.332,6.23,279.9
1712,Terai Nepal,27.41716,84.5743,3.065,6.21,1.77,29.7,1238,30.8,0.664,0.551,57,1.3,99.6,incorporated,alternate_wetting_drying,IR64,2024-06-21,2024-11-13,5.81,8.054,270.8
1713,Terai Nepal,27.493939,83.850588,1.319,5.26,0.57,29.5,1160,30.8,0.721,0.669,62,10.1,87.5,incorporated,drip,MTU1010,2024-07-09,2024-10-24,5.399,5.804,257.8
1714,Indo-Gangetic Plain,26.255592,81.52688,0.908,6.19,1.86,33.7,978,30.5,0.665,0.512,78,4.2,110.0,incorporated,drip,Naveen,2024-06-30,2024-10-17,5.602,9.813,215.2
1715,Indo-Gangetic Plain,26.476952,81.11289,0.796,7.06,1.68,17.7,1249,26.5,0.733,0.522,62,3.0,87.3,incorporated,flood,MTU1010,2024-07-19,2024-10-27,5.762,9.048,378.4
1716,Coastal Andhra,16.660961,81.324288,1.508,6.44,1.23,15.9,1944,27.4,0.716,0.627,66,1.1,28.9,removed,drip,MTU1010,2024-07-04,2024-11-12,5.355,7.695,168.8
1717,Terai Nepal,27.70557,83.840236,1.091,7.38,2.0,17.2,1871,28.2,0.9,0.85,32,0.0,83.7,incorporated,alternate_wetting_drying,Samba Mahsuri,2024-07-13,2024-11-02,6.805,10.382,284.5
1718,Eastern UP,25.719328,83.741415,1.119,6.51,1.22,17.4,1253,23.8,0.736,0.649,73,6.6,103.8,mulched,flood,Swarna,2024-06-27,2024-10-12,5.828,7.661,377.4
1719,Indo-Gangetic Plain,26.744585,81.820129,0.552,5.86,1.15,34.3,873,24.3,0.614,0.479,88,5.3,66.4,incorporated,alternate_wetting_drying,Swarna,2024-06-27,2024-10-17,5.689,7.895,266.3
1720,Indo-Gangetic Plain,26.7227,82.269206,1.431,6.75,0.47,38.6,1172,24.7,0.668,0.53,57,1.7,116.5,removed,alternate_wetting_drying,IR64,2024-07-04,2024-11-14,5.209,5.383,189.0
1721,Mekong Delta,10.119059,105.103193,2.175,8.07,0.43,31.0,863,29.9,0.393,0.289,56,0.8,105.5,incorporated,alternate_wetting_drying,Naveen,2024-06-30,2024-10-01,3.765,4.089,248.8
1722,Indo-Gangetic Plain,26.191349,82.536538,0.59,6.37,1.85,30.1,828,29.8,0.691,0.612,6,6.3,84.3,incorporated,flood,Swarna,2024-07-06,2024-10-04,5.657,8.9,396.2
1723,Eastern UP,26.512986,82.596152,0.569,7.08,0.74,17.6,1067,29.8,0.747,0.654,55,6.1,54.9,incorporated,flood,Naveen,2024-06-25,2024-11-16,5.79,5.499,318.8
1724,Mekong Delta,9.996807,104.969632,0.624,4.93,0.53,30.8,1032,27.4,0.652,0.55,70,4.4,121.9,removed,alternate_wetting_drying,Swarna,2024-06-11,2024-09-25,5.361,6.997,187.9
1725,Mekong Delta,10.170443,105.415541,1.821,6.63,1.24,32.8,1743,27.7,0.684,0.538,21,4.5,76.5,incorporated,flood,MTU1010,2024-07-08,2024-10-28,5.159,6.588,394.7
1726,Indo-Gangetic Plain,26.551684,82.042496,1.178,6.52,1.98,29.7,1231,28.6,0.729,0.582,26,3.6,61.5,removed,alternate_wetting_drying,Naveen,2024-07-12,2024-11-15,5.48,9.244,182.6
1727,Terai Nepal,27.06839,84.533409,0.578,6.3,1.54,34.8,869,26.5,0.716,0.602,54,1.4,61.1,incorporated,flood,IR64,2024-07-03,2024-10-26,5.67,8.264,308.6
1728,Coastal Andhra,16.476316,80.913213,0.853,6.17,1.33,21.2,895,28.0,0.9,0.818,77,0.4,63.3,removed,alternate_wetting_drying,Naveen,2024-07-17,2024-11-16,6.697,8.846,231.5
1729,Eastern UP,25.703261,83.012525,0.596,6.49,0.86,23.8,1246,25.8,0.436,0.265,65,4.6,58.7,mulched,flood,MTU1010,2024-07-05,2024-10-08,4.164,5.183,312.1
1730,Eastern UP,25.76979,83.173299,0.511,6.5,0.79,21.4,584,29.1,0.604,0.51,55,2.8,72.8,incorporated,flood,IR64,2024-06-17,2024-10-26,5.435,5.801,278.5
1731,Indo-Gangetic Plain,26.444677,82.03646,1.308,6.88,1.14,37.3,623,24.1,0.828,0.752,58,4.6,123.1,mulched,flood,Swarna,2024-07-09,2024-10-27,6.246,7.779,350.3
1732,Terai Nepal,27.7622,84.060784,1.287,6.76,1.61,26.9,1120,32.2,0.645,0.478,30,2.5,124.0,incorporated,flood,MTU1010,2024-07-02,2024-11-16,5.515,7.015,379.2
1733,Coastal Andhra,16.810633,81.590202,0.826,7.57,1.49,18.3,1073,25.3,0.404,0.233,50,6.9,93.5,incorporated,flood,IR64,2024-06-19,2024-10-13,3.993,6.491,451.1
1734,Eastern UP,25.933648,82.77741,7.73,6.6,1.28,35.9,631,28.4,0.812,0.646,59,2.0,121.5,incorporated,alternate_wetting_drying,Naveen,2024-06-23,2024-10-28,6.22,7.367,312.8
1735,Eastern UP,25.98066,82.74584,1.434,5.19,1.05,32.0,1384,29.2,0.523,0.487,59,2.1,49.0,incorporated,flood,Swarna,2024-07-07,2024-10-21,4.944,6.151,333.9
1736,Terai Nepal,27.692443,83.716176,0.714,6.46,1.55,12.1,490,26.8,0.9,0.823,74,1.9,94.3,incorporated,flood,Naveen,2024-07-15,2024-11-16,7.001,9.155,250.4
1737,Terai Nepal,27.603849,83.746234,1.346,5.99,0.87,41.2,1219,23.8,0.63,0.497,50,6.4,156.7,incorporated,alternate_wetting_drying,Swarna,2024-07-14,2024-11-14,5.281,6.89,335.6
1738,Coastal Andhra,16.669979,81.151825,1.557,6.71,0.95,21.4,1380,31.5,0.795,0.751,16,3.4,93.5,incorporated,alternate_wetting_drying,Swarna,2024-07-05,2024-11-13,6.086,6.32,260.6
1739,Mekong Delta,9.752647,105.820828,0.923,6.83,0.94,24.9,1144,22.3,0.509,0.471,72,8.9,72.8,incorporated,flood,MTU1010,2024-07-09,2024-10-10,4.979,6.296,389.2
1740,Coastal Andhra,17.44436,81.413794,0.69,6.4,1.6,35.8,718,23.5,0.706,0.638,25,5.6,117.7,incorporated,flood,Swarna,2024-07-02,2024-10-22,5.935,8.377,356.0
1741,Indo-Gangetic Plain,26.600504,82.067558,1.097,6.5,1.01,17.6,1568,25.8,0.587,0.493,80,8.4,76.2,removed,alternate_wetting_drying,IR64,2024-07-17,2024-10-25,4.873,6.893,220.7
1742,Eastern UP,25.899337,83.497613,0.568,6.18,1.31,21.8,1579,26.7,0.735,0.69,51,4.1,54.9,incorporated,alternate_wetting_drying,Naveen,2024-07-09,2024-11-25,5.919,8.016,257.1
1743,Mekong Delta,9.763362,105.872407,1.32,5.61,0.66,31.6,979,22.6,0.717,0.599,26,3.9,78.4,incorporated,alternate_wetting_drying,IR64,2024-07-03,2024-10-27,5.467,5.714,255.1
1744,Terai Nepal,28.141025,82.94778,3.817,6.82,1.43,29.5,1070,24.5,0.647,0.553,50,4.1,119.4,incorporated,flood,Samba Mahsuri,2024-07-13,2024-11-03,5.833,7.501,374.3
1745,Terai Nepal,27.772474,83.869234,0.477,6.08,0.2,9.9,1301,27.5,0.581,0.49,5,7.0,82.8,mulched,drip,MTU1010,2024-07-10,2024-11-06,5.112,2.402,227.1
1746,Indo-Gangetic Plain,26.631288,81.798205,1.478,5.63,1.47,28.1,1647,31.8,0.62,0.494,53,4.2,27.9,incorporated,flood,Naveen,2024-06-23,2024-10-20,4.781,7.272,394.3
1747,Mekong Delta,10.795187,105.58432,2.097,6.69,1.12,18.9,1644,31.8,0.656,0.496,66,4.4,92.0,incorporated,alternate_wetting_drying,IR64,2024-06-30,2024-10-12,5.405,6.304,297.7
1748,Coastal Andhra,16.493104,81.530646,2.158,6.05,1.27,36.0,1055,27.6,0.542,0.453,38,6.9,76.6,removed,alternate_wetting_drying,Swarna,2024-07-07,2024-10-24,4.854,5.786,201.7
1749,Mekong Delta,9.787284,105.751304,2.415,7.08,0.67,29.9,1638,27.0,0.685,0.575,38,6.4,121.1,mulched,flood,Naveen,2024-07-18,2024-11-03,5.445,5.883,329.9
1750,Terai Nepal,27.73409,83.632368,1.19,6.68,1.22,26.6,880,23.3,0.532,0.494,47,5.7,41.8,incorporated,alternate_wetting_drying,Naveen,2024-07-04,2024-10-29,4.832,6.843,278.0
1751,Coastal Andhra,16.914974,81.177701,1.246,7.35,1.26,42.2,780,28.1,0.887,0.664,34,4.2,158.0,removed,flood,Naveen,2024-07-01,2024-10-16,6.508,8.178,319.1
1752,Eastern UP,26.256491,82.893946,1.735,6.56,1.04,37.5,931,27.8,0.45,0.332,28,3.9,79.8,incorporated,flood,MTU1010,2024-06-13,2024-11-01,4.107,5.672,373.6
1753,Eastern UP,26.011144,83.2911,1.085,7.28,1.3,29.7,1287,25.8,0.729,0.658,21,5.8,87.9,mulched,alternate_wetting_drying,Naveen,2024-06-27,2024-09-25,6.047,6.877,257.2
1754,Terai Nepal,27.394459,84.029191,0.585,6.44,0.83,23.4,1131,26.2,0.9,0.712,80,10.4,139.7,mulched,flood,IR64,2024-07-04,2024-11-04,6.278,7.022,389.6
1755,Eastern UP,25.700369,83.038375,0.882,6.54,0.66,16.4,1837,24.7,0.713,0.64,19,5.2,59.6,mulched,flood,Swarna,2024-07-10,2024-11-01,5.63,5.419,310.1
1756,Eastern UP,25.531987,82.964426,1.982,6.42,1.16,12.0,569,27.9,0.571,0.561,31,5.7,104.1,incorporated,flood,IR64,2024-07-06,2024-10-08,4.784,5.548,389.3
1757,Coastal Andhra,16.407618,81.191239,1.851,6.08,1.89,20.1,1567,28.5,0.66,0.591,68,4.7,72.3,incorporated,flood,Naveen,2024-07-20,2024-11-17,5.289,9.128,427.5
1758,Coastal Andhra,16.524025,81.490108,0.846,5.3,1.04,29.0,1489,25.3,0.715,0.558,63,2.6,66.1,incorporated,alternate_wetting_drying,Swarna,2024-07-09,2024-10-19,5.284,6.981,253.5
1759,Terai Nepal,27.061078,83.771889,2.035,7.13,1.54,39.2,804,26.8,0.659,0.461,39,7.4,149.3,removed,flood,Naveen,2024-07-06,2024-11-07,6.044,7.849,305.1
1760,Coastal Andhra,16.478053,81.369755,1.845,6.25,1.39,35.5,1336,26.4,0.686,0.516,64,1.5,110.5,removed,flood,Naveen,2024-07-09,2024-10-17,5.733,8.939,256.0
1761,Coastal Andhra,16.782864,81.418015,0.795,6.16,1.42,22.8,990,26.0,0.601,0.481,39,0.0,86.8,incorporated,drip,MTU1010,2024-06-27,2024-10-07,5.377,7.304,174.0
1762,Mekong Delta,10.424794,105.364523,2.434,7.74,1.48,5.8,850,28.0,0.57,0.396,26,6.7,86.2,removed,alternate_wetting_drying,Naveen,2024-07-05,2024-10-27,5.027,7.33,179.4
1763,Eastern UP,26.343703,82.831246,0.579,6.38,0.36,28.2,1232,28.5,0.648,0.563,46,8.4,125.9,incorporated,flood,IR64,2024-07-17,2024-10-27,4.897,4.861,411.3
1764,Coastal Andhra,15.955057,80.965105,0.563,6.0,1.76,27.6,1449,30.3,0.691,0.638,57,4.7,84.1,removed,flood,MTU1010,2024-06-26,2024-10-26,5.897,9.374,281.4
1765,Mekong Delta,10.072487,105.356483,0.877,6.11,1.96,13.2,1403,26.9,0.487,0.402,0,10.2,77.1,removed,drip,Samba Mahsuri,2024-07-16,2024-11-26,4.357,7.65,182.5
1766,Terai Nepal,26.907808,83.96289,1.522,5.83,1.95,29.3,1104,28.1,0.579,0.416,70,6.1,111.4,incorporated,alternate_wetting_drying,MTU1010,2024-06-20,2024-10-03,5.621,9.606,322.9
1767,Eastern UP,25.544197,82.670717,1.254,6.53,0.93,31.2,1470,27.0,0.618,0.519,32,0.0,100.5,incorporated,flood,Samba Mahsuri,2024-07-12,2024-11-05,5.014,5.746,361.4
1768,Mekong Delta,10.337391,105.051206,0.954,6.63,1.61,30.3,1542,29.0,0.807,0.795,32,6.4,145.1,incorporated,alternate_wetting_drying,MTU1010,2024-06-29,2024-10-19,5.974,8.267,346.5
1769,Coastal Andhra,16.358568,81.084171,0.603,6.05,1.52,32.7,1270,25.7,0.518,0.414,35,5.6,78.8,mulched,alternate_wetting_drying,IR64,2024-07-02,2024-10-18,4.831,7.493,260.3
1770,Eastern UP,25.743248,82.620402,0.493,5.63,0.97,23.7,1107,24.9,0.585,0.451,70,10.1,91.4,removed,flood,Swarna,2024-07-18,2024-12-07,5.085,7.382,316.5
1771,Indo-Gangetic Plain,26.256779,81.890133,2.592,6.75,1.7,30.7,910,31.8,0.629,0.477,85,0.9,86.8,incorporated,flood,MTU1010,2024-07-11,2024-10-24,5.336,9.762,300.9
1772,Eastern UP,25.523,83.215734,1.678,6.69,0.82,34.6,1544,27.7,0.602,0.521,35,3.7,77.6,incorporated,alternate_wetting_drying,IR64,2024-07-08,2024-11-04,4.828,6.202,282.0
1773,Mekong Delta,10.063608,105.602757,1.847,6.47,1.71,13.0,874,24.1,0.701,0.575,33,4.3,134.4,removed,alternate_wetting_drying,Samba Mahsuri,2024-06-28,2024-10-27,5.685,7.591,273.7
1774,Eastern UP,25.91906,83.42649,1.253,6.28,0.86,5.0,1825,32.5,0.725,0.677,113,0.8,103.8,incorporated,flood,Swarna,2024-06-17,2024-10-13,5.685,7.267,397.9
1775,Terai Nepal,27.711013,84.371208,1.977,6.67,0.88,12.1,1265,26.0,0.613,0.457,79,1.3,82.6,incorporated,flood,MTU1010,2024-06-30,2024-10-25,5.41,5.507,379.6
1776,Mekong Delta,10.557914,105.698884,1.9,5.9,1.42,14.1,1195,26.3,0.706,0.604,67,8.1,133.0,mulched,flood,MTU1010,2024-08-04,2024-12-03,5.805,8.222,377.0
1777,Indo-Gangetic Plain,26.517759,82.045503,2.133,7.02,1.31,28.3,1182,25.1,0.762,0.671,51,12.8,121.9,incorporated,flood,Samba Mahsuri,2024-07-02,2024-10-23,6.006,7.479,492.5
1778,Eastern UP,25.914687,83.124825,0.495,7.3,1.77,24.0,936,29.0,0.512,0.462,43,9.6,112.4,incorporated,flood,Swarna,2024-06-28,2024-10-09,4.663,8.337,412.5
1779,Coastal Andhra,16.249862,81.127344,0.555,6.46,1.31,14.7,986,26.5,0.754,0.597,42,5.9,84.9,removed,drip,MTU1010,2024-07-17,2024-11-20,5.904,7.74,211.1
1780,Eastern UP,25.847529,83.664496,2.308,6.15,0.96,5.0,1241,25.1,0.661,0.659,44,10.1,91.9,removed,flood,Naveen,2024-06-27,2024-10-22,5.102,6.272,374.6
1781,Terai Nepal,28.07995,83.934702,2.092,6.59,1.21,26.9,962,31.0,0.718,0.598,37,0.8,113.8,incorporated,drip,Samba Mahsuri,2024-07-12,2024-11-22,5.639,6.917,245.0
1782,Mekong Delta,10.697414,105.748331,2.659,5.53,1.7,22.2,1233,28.4,0.672,0.563,22,6.8,58.8,removed,flood,Naveen,2024-06-26,2024-10-09,5.345,8.383,292.7
1783,Eastern UP,26.732475,83.022375,0.755,6.15,1.27,26.4,1340,22.7,0.516,0.425,31,1.8,102.9,incorporated,alternate_wetting_drying,Naveen,2024-07-09,2024-10-30,4.769,6.044,254.2
1784,Coastal Andhra,16.763019,81.24996,2.354,6.25,1.19,17.3,992,27.5,0.752,0.716,54,8.5,136.2,incorporated,flood,IR64,2024-07-03,2024-11-04,6.204,6.83,402.4
1785,Eastern UP,26.092445,83.124386,0.584,6.44,0.94,36.4,819,29.8,0.803,0.824,61,6.5,36.7,removed,flood,Samba Mahsuri,2024-07-01,2024-10-20,6.081,7.528,280.8
1786,Mekong Delta,10.12769,105.426731,3.057,6.0,1.41,16.6,1256,26.1,0.604,0.603,55,1.8,50.9,incorporated,flood,Naveen,2024-06-19,2024-10-14,4.999,7.562,382.2
1787,Indo-Gangetic Plain,26.292864,81.89383,0.789,6.96,1.62,37.6,1072,29.9,0.852,0.818,32,4.7,118.8,incorporated,flood,Samba Mahsuri,2024-07-18,2024-10-26,6.608,8.405,428.4
1788,Mekong Delta,9.759513,105.749901,1.411,6.28,1.25,35.6,1317,21.6,0.757,0.616,35,5.4,93.9,removed,flood,IR64,2024-06-15,2024-10-12,5.413,7.395,283.4
1789,Indo-Gangetic Plain,26.876978,81.871574,1.177,6.57,0.96,32.8,1328,30.8,0.727,0.687,41,9.7,70.1,mulched,flood,Swarna,2024-07-19,2024-11-13,5.058,7.362,354.5
1790,Mekong Delta,10.477297,105.555386,0.754,6.33,0.35,25.4,1323,32.9,0.696,0.525,20,4.5,101.1,mulched,flood,IR64,2024-06-26,2024-10-11,5.088,4.492,352.8
1791,Coastal Andhra,16.973278,81.066075,0.474,6.6,1.7,32.0,780,24.6,0.395,0.259,56,6.7,74.8,mulched,flood,Naveen,2024-06-15,2024-09-29,4.019,7.328,309.1
1792,Mekong Delta,9.917988,105.669802,1.15,5.65,0.96,17.7,1210,27.7,0.571,0.439,85,14.3,57.4,incorporated,flood,Samba Mahsuri,2024-07-05,2024-10-31,4.681,6.422,443.8
1793,Terai Nepal,27.56002,84.343563,1.028,6.39,0.67,31.1,1423,28.3,0.65,0.535,34,8.1,42.3,removed,flood,Swarna,2024-06-27,2024-10-14,4.677,4.303,281.4
1794,Indo-Gangetic Plain,26.502523,82.229427,0.755,6.47,1.0,21.5,858,29.6,0.708,0.679,39,4.3,104.0,mulched,alternate_wetting_drying,Swarna,2024-07-03,2024-11-01,5.512,6.173,248.3
1795,Terai Nepal,26.877553,83.985027,3.842,5.67,0.85,29.7,1460,23.5,0.836,0.707,10,8.5,125.8,removed,flood,MTU1010,2024-07-04,2024-10-22,6.459,6.32,347.1
1796,Mekong Delta,10.201048,105.265459,1.148,6.22,1.33,30.8,1148,27.3,0.65,0.629,77,8.1,27.0,mulched,alternate_wetting_drying,Naveen,2024-07-26,2024-10-26,5.314,7.675,278.4
1797,Eastern UP,26.313749,82.786379,2.108,6.39,1.18,15.4,1132,23.4,0.786,0.713,53,1.5,107.1,incorporated,flood,Swarna,2024-06-10,2024-10-13,6.026,7.533,369.8
1798,Mekong Delta,10.135602,105.482506,0.884,6.04,0.63,21.2,1220,27.6,0.654,0.564,0,8.5,36.3,incorporated,alternate_wetting_drying,MTU1010,2024-07-10,2024-10-30,5.168,5.028,292.0
1799,Coastal Andhra,16.414169,81.149295,0.872,6.42,1.18,41.6,1677,27.8,0.597,0.479,24,3.3,92.0,removed,flood,Naveen,2024-06-28,2024-10-24,4.939,5.58,293.9
1800,Coastal Andhra,16.417538,81.047371,3.437,7.05,1.58,47.1,1305,26.2,0.477,0.412,48,7.8,67.1,mulched,drip,IR64,2024-07-20,2024-10-24,5.046,7.836,205.9
1801,Mekong Delta,10.142872,105.563485,1.207,7.29,2.17,17.2,972,28.4,0.644,0.569,37,3.5,50.8,removed,alternate_wetting_drying,MTU1010,2024-07-07,2024-10-26,5.499,8.447,168.7
1802,Indo-Gangetic Plain,26.553362,81.96224,1.217,6.13,1.65,16.6,1295,28.9,0.816,0.668,59,3.1,62.5,incorporated,flood,Samba Mahsuri,2024-06-23,2024-10-15,6.013,8.297,404.6
1803,Mekong Delta,10.569718,105.321203,1.62,6.07,0.91,31.9,1139,26.7,0.752,0.642,56,3.1,113.3,incorporated,alternate_wetting_drying,MTU1010,2024-07-06,2024-11-22,6.028,7.297,327.8
1804,Mekong Delta,9.874159,105.572048,0.98,7.03,1.65,10.2,1597,32.9,0.607,0.514,75,5.2,89.9,incorporated,flood,Swarna,2024-07-23,2024-12-05,5.647,7.71,415.0
1805,Eastern UP,25.829136,83.581957,0.731,6.06,1.16,41.5,1040,32.7,0.648,0.481,36,2.1,110.1,incorporated,flood,Swarna,2024-06-20,2024-10-16,5.413,6.682,334.8
1806,Mekong Delta,10.215277,105.491028,2.31,6.98,1.73,35.6,1083,27.0,0.675,0.569,62,3.6,101.0,removed,flood,MTU1010,2024-06-29,2024-10-31,5.503,9.218,253.7
1807,Indo-Gangetic Plain,26.099742,81.999112,0.723,6.39,1.55,21.8,973,28.9,0.666,0.541,51,1.4,135.7,removed,alternate_wetting_drying,Swarna,2024-07-03,2024-10-12,5.772,8.407,203.4
1808,Mekong Delta,10.108591,105.451552,4.805,6.17,0.85,27.6,1131,27.6,0.847,0.796,47,3.1,66.7,incorporated,flood,Swarna,2024-07-03,2024-10-16,6.274,7.168,375.0
1809,Mekong Delta,9.525179,105.914775,1.423,7.07,1.76,29.1,530,27.4,0.675,0.63,0,6.4,46.3,mulched,alternate_wetting_drying,MTU1010,2024-07-25,2024-11-29,5.653,7.948,282.7
1810,Terai Nepal,27.700629,83.953755,0.956,6.32,1.34,37.1,1039,22.7,0.9,0.766,35,8.6,122.7,mulched,flood,IR64,2024-07-09,2024-11-12,6.935,8.37,382.1
1811,Eastern UP,26.105725,83.113704,0.525,6.49,1.78,23.7,1058,29.4,0.652,0.583,23,4.8,66.8,incorporated,flood,MTU1010,2024-07-14,2024-10-28,5.519,8.902,334.1
1812,Indo-Gangetic Plain,26.618832,82.278158,0.733,7.2,1.05,24.5,1141,25.2,0.72,0.647,38,0.0,103.1,incorporated,flood,Naveen,2024-07-03,2024-11-04,5.905,7.159,355.1
1813,Coastal Andhra,16.46217,81.860732,1.175,5.99,1.31,33.8,1365,25.6,0.73,0.716,79,7.4,14.1,removed,flood,IR64,2024-06-27,2024-10-08,5.369,8.326,264.3
1814,Indo-Gangetic Plain,26.470509,81.853783,0.674,6.8,1.07,15.7,1477,23.7,0.632,0.488,67,6.3,59.2,removed,alternate_wetting_drying,Samba Mahsuri,2024-07-06,2024-10-23,5.014,7.365,264.6
1815,Indo-Gangetic Plain,26.113399,81.820037,2.739,6.54,1.42,25.7,1467,28.3,0.663,0.668,61,7.2,46.6,incorporated,drip,IR64,2024-06-23,2024-10-25,5.858,7.649,216.7
1816,Indo-Gangetic Plain,26.236194,82.397177,1.356,6.1,0.62,12.3,1743,26.6,0.602,0.513,29,4.7,91.2,incorporated,flood,Naveen,2024-07-05,2024-10-21,4.683,4.789,422.7
1817,Coastal Andhra,16.317652,81.247966,1.012,6.08,0.24,16.0,1090,29.4,0.642,0.617,47,3.6,110.0,incorporated,alternate_wetting_drying,Naveen,2024-06-20,2024-10-14,5.277,3.579,270.1
1818,Mekong Delta,9.918712,106.306768,3.63,6.22,2.22,19.7,1931,26.4,0.712,0.587,35,6.3,130.6,mulched,alternate_wetting_drying,Naveen,2024-07-05,2024-10-11,5.87,9.238,293.5
1819,Eastern UP,25.831795,83.250606,1.449,6.53,0.51,37.0,1016,27.9,0.638,0.617,54,1.4,101.8,mulched,flood,MTU1010,2024-06-29,2024-11-02,5.358,4.48,320.6
1820,Coastal Andhra,16.117527,81.352741,1.886,5.76,1.5,32.0,1388,27.4,0.687,0.502,30,7.6,104.7,incorporated,flood,Naveen,2024-06-21,2024-10-10,5.85,7.942,414.8
1821,Terai Nepal,27.537559,83.960647,2.017,6.84,1.77,38.3,1639,28.1,0.526,0.437,85,5.8,74.8,incorporated,flood,Swarna,2024-06-29,2024-10-18,4.897,8.239,396.5
1822,Indo-Gangetic Plain,26.575624,82.196676,0.539,5.69,0.94,25.0,1502,28.8,0.606,0.488,23,5.2,87.8,removed,alternate_wetting_drying,Samba Mahsuri,2024-07-19,2024-10-29,5.149,5.958,235.2
1823,Coastal Andhra,16.46045,81.366851,0.659,6.24,0.86,13.8,1222,29.1,0.89,0.752,38,8.3,50.5,removed,alternate_wetting_drying,Samba Mahsuri,2024-06-29,2024-10-14,6.005,6.967,251.5
1824,Mekong Delta,9.36901,105.651699,1.268,6.39,1.66,14.5,1128,27.7,0.548,0.548,16,4.8,81.3,removed,flood,Naveen,2024-07-04,2024-11-13,5.428,7.928,302.9
1825,Eastern UP,26.110182,82.93172,0.982,5.57,0.72,25.5,1285,26.6,0.816,0.744,77,5.7,93.8,removed,flood,Swarna,2024-07-14,2024-11-02,5.922,5.988,306.3
1826,Mekong Delta,10.443999,105.608904,1.242,5.37,1.23,22.6,1684,27.5,0.744,0.574,78,4.7,164.5,incorporated,alternate_wetting_drying,Naveen,2024-06-29,2024-10-12,5.566,8.498,379.1
1827,Mekong Delta,10.147059,105.5664,0.914,6.07,0.68,14.1,1563,24.4,0.538,0.488,11,5.9,71.2,mulched,flood,MTU1010,2024-07-03,2024-10-08,4.635,4.679,317.9
1828,Mekong Delta,9.973322,105.478014,0.502,5.55,1.13,38.9,1645,24.2,0.598,0.49,52,2.1,149.6,removed,alternate_wetting_drying,Naveen,2024-06-29,2024-10-12,5.429,7.625,254.1
1829,Coastal Andhra,16.292797,81.472283,1.335,5.16,0.37,31.6,1451,23.6,0.782,0.692,19,3.3,47.2,incorporated,flood,IR64,2024-06-28,2024-10-04,5.338,4.67,349.9
1830,Mekong Delta,9.407266,105.607381,0.756,6.58,0.53,18.7,586,23.9,0.818,0.647,13,4.0,106.0,removed,flood,IR64,2024-07-05,2024-10-20,5.645,4.9,283.1
1831,Eastern UP,25.943351,82.965906,0.749,7.16,1.65,32.9,1233,23.0,0.78,0.678,37,6.3,97.8,removed,flood,Naveen,2024-06-24,2024-10-17,6.136,8.627,347.7
1832,Terai Nepal,27.512403,84.107149,0.446,6.93,1.87,31.6,1185,24.6,0.535,0.445,56,0.0,43.7,incorporated,alternate_wetting_drying,Swarna,2024-07-14,2024-10-29,4.857,8.339,202.9
1833,Coastal Andhra,16.545966,80.743004,0.619,7.17,1.54,19.6,1345,24.7,0.538,0.486,5,4.7,159.7,incorporated,flood,IR64,2024-06-15,2024-10-03,5.087,7.099,406.0
1834,Indo-Gangetic Plain,26.285622,81.958971,1.358,6.45,1.65,33.2,1268,24.4,0.826,0.76,32,2.7,39.5,removed,flood,Naveen,2024-07-15,2024-11-07,6.026,8.318,240.9
1835,Indo-Gangetic Plain,27.031123,82.418937,1.656,6.87,1.33,24.3,933,30.6,0.872,0.801,71,3.6,61.3,mulched,flood,MTU1010,2024-06-30,2024-10-17,6.384,8.681,312.0
1836,Mekong Delta,10.253314,105.628546,0.961,6.59,0.74,6.1,741,27.7,0.614,0.493,65,6.0,67.5,mulched,flood,Samba Mahsuri,2024-07-09,2024-11-17,5.089,5.144,317.0
1837,Mekong Delta,9.615025,104.831706,0.478,5.95,0.82,20.7,1082,25.4,0.396,0.286,38,2.9,138.9,mulched,flood,Samba Mahsuri,2024-07-02,2024-10-22,4.393,3.945,333.2
1838,Mekong Delta,9.984475,105.868962,1.879,6.83,1.25,28.8,1229,25.2,0.566,0.465,25,0.0,111.0,removed,flood,MTU1010,2024-07-09,2024-10-27,4.827,5.93,251.9
1839,Indo-Gangetic Plain,26.726698,82.053519,1.619,6.51,1.4,21.5,941,24.9,0.543,0.38,69,3.7,95.8,incorporated,flood,IR64,2024-07-11,2024-10-26,4.838,8.122,368.2
1840,Eastern UP,25.887724,83.002131,0.682,5.81,1.01,20.1,1044,23.3,0.47,0.307,12,4.4,84.3,removed,flood,Samba Mahsuri,2024-06-30,2024-10-13,3.987,4.951,271.5
1841,Mekong Delta,9.808863,105.216566,0.971,6.71,1.6,14.8,983,21.7,0.403,0.359,20,3.6,100.5,mulched,alternate_wetting_drying,IR64,2024-07-04,2024-10-15,4.678,7.375,243.8
1842,Indo-Gangetic Plain,26.511226,82.066123,0.927,6.74,1.5,32.0,1145,23.3,0.679,0.544,20,4.7,137.0,incorporated,flood,Swarna,2024-06-22,2024-10-25,5.737,8.018,437.8
1843,Terai Nepal,27.698462,83.911552,0.693,6.78,1.13,20.5,1357,30.2,0.631,0.531,15,4.3,97.7,mulched,flood,Naveen,2024-07-04,2024-10-25,5.339,6.765,387.3
1844,Coastal Andhra,17.162065,81.225384,0.864,6.12,0.97,12.9,1368,27.8,0.706,0.566,60,0.9,80.2,incorporated,alternate_wetting_drying,MTU1010,2024-07-02,2024-09-30,5.555,7.089,253.4
1845,Indo-Gangetic Plain,26.225217,81.983926,0.697,7.02,1.97,16.5,1190,29.3,0.653,0.525,46,1.8,94.2,incorporated,flood,Samba Mahsuri,2024-07-16,2024-10-22,5.354,8.886,349.8
1846,Indo-Gangetic Plain,26.557633,81.632948,3.168,5.37,0.54,33.9,1294,25.5,0.657,0.55,74,1.4,100.2,incorporated,flood,IR64,2024-07-15,2024-11-20,5.644,5.575,365.9
1847,Terai Nepal,27.375118,83.877486,0.937,7.51,0.91,41.7,1214,25.8,0.682,0.488,49,4.4,108.7,mulched,flood,MTU1010,2024-07-02,2024-10-29,5.593,6.009,352.6
1848,Coastal Andhra,17.030698,80.90995,0.912,5.88,1.78,26.6,1209,27.8,0.613,0.555,46,4.2,102.1,removed,alternate_wetting_drying,MTU1010,2024-06-18,2024-10-27,4.969,8.547,243.3
1849,Indo-Gangetic Plain,27.267623,81.985076,0.808,6.42,1.16,18.4,1000,24.9,0.582,0.478,42,8.4,18.4,removed,flood,Samba Mahsuri,2024-07-03,2024-11-01,4.484,6.202,290.5
1850,Indo-Gangetic Plain,26.459533,81.890466,1.427,4.86,1.2,23.4,1700,27.6,0.841,0.78,26,10.0,81.7,mulched,alternate_wetting_drying,MTU1010,2024-06-26,2024-10-13,6.151,6.672,270.8
1851,Mekong Delta,10.160975,105.529966,5.813,6.66,2.41,18.2,1106,28.9,0.289,0.201,74,3.9,90.0,mulched,flood,IR64,2024-06-19,2024-09-21,3.828,8.26,341.4
1852,Terai Nepal,27.72582,84.242377,0.758,5.93,1.98,11.8,1434,27.1,0.784,0.674,31,1.5,50.1,mulched,flood,Naveen,2024-06-22,2024-10-26,6.397,8.962,246.5
1853,Coastal Andhra,16.511652,81.143632,0.796,7.41,0.44,10.2,1337,25.4,0.57,0.524,53,5.7,94.2,incorporated,flood,MTU1010,2024-06-29,2024-10-18,4.958,4.067,346.4
1854,Terai Nepal,27.668709,83.855456,0.991,5.07,0.83,30.2,992,25.8,0.614,0.503,86,4.8,191.2,removed,alternate_wetting_drying,MTU1010,2024-07-30,2024-11-22,5.314,7.138,246.2
1855,Indo-Gangetic Plain,26.712401,82.086639,2.517,6.85,2.47,19.4,1185,23.7,0.637,0.596,48,2.9,117.6,incorporated,drip,Samba Mahsuri,2024-06-30,2024-11-10,5.991,9.837,200.3
1856,Eastern UP,26.243282,82.626795,1.125,5.39,1.53,19.1,1424,27.8,0.621,0.482,71,3.7,128.5,incorporated,flood,Swarna,2024-07-02,2024-10-25,5.23,7.501,384.8
1857,Terai Nepal,27.683049,84.298259,1.665,6.64,1.66,28.5,1184,27.5,0.69,0.575,54,2.0,82.8,mulched,alternate_wetting_drying,Samba Mahsuri,2024-06-22,2024-10-28,5.39,8.821,258.0
1858,Mekong Delta,10.607448,105.846666,0.891,6.05,1.52,22.9,756,33.5,0.671,0.508,36,4.9,95.3,incorporated,flood,Naveen,2024-07-02,2024-11-03,4.748,6.887,315.8
1859,Coastal Andhra,16.532234,80.547233,1.826,6.06,0.39,28.4,927,24.4,0.743,0.562,51,8.8,78.1,mulched,alternate_wetting_drying,Swarna,2024-07-10,2024-11-21,5.323,4.827,231.8
1860,Indo-Gangetic Plain,26.189108,81.813272,1.526,6.13,0.79,33.9,400,25.9,0.49,0.433,51,4.4,79.7,incorporated,flood,Naveen,2024-07-16,2024-11-10,4.251,5.782,265.2
1861,Terai Nepal,28.061524,83.920171,1.438,6.76,1.12,37.7,1779,21.3,0.748,0.693,0,6.6,108.2,mulched,alternate_wetting_drying,IR64,2024-07-11,2024-11-06,5.738,6.191,300.1
1862,Mekong Delta,9.679293,105.589997,0.661,6.47,1.02,19.4,1621,31.1,0.614,0.465,5,1.5,87.9,incorporated,alternate_wetting_drying,IR64,2024-06-24,2024-09-22,4.697,5.686,248.8
1863,Coastal Andhra,16.585525,81.423302,2.204,6.31,1.57,14.5,1701,26.6,0.59,0.522,52,0.3,121.0,removed,alternate_wetting_drying,Samba Mahsuri,2024-06-29,2024-10-20,5.389,7.095,245.5
1864,Eastern UP,25.802438,83.003886,0.307,6.5,0.7,15.2,1137,25.9,0.501,0.323,48,6.2,70.2,mulched,flood,Samba Mahsuri,2024-07-04,2024-11-05,4.012,5.23,315.4
1865,Terai Nepal,27.384259,83.790633,1.269,7.47,1.53,32.6,1198,33.6,0.664,0.528,72,4.8,97.3,removed,alternate_wetting_drying,Samba Mahsuri,2024-06-29,2024-10-01,5.239,7.505,241.2
1866,Eastern UP,26.058317,83.276292,1.888,6.26,0.28,8.3,647,26.8,0.368,0.276,48,7.6,107.7,removed,alternate_wetting_drying,MTU1010,2024-07-14,2024-11-01,4.161,2.597,212.4
1867,Eastern UP,26.074193,83.037838,0.697,7.31,1.65,27.3,1025,26.1,0.648,0.603,66,8.8,149.8,incorporated,alternate_wetting_drying,Samba Mahsuri,2024-07-01,2024-10-15,5.486,8.193,289.8
1868,Coastal Andhra,16.355396,81.629611,0.979,6.34,1.18,22.6,1583,24.4,0.559,0.519,92,4.0,63.1,incorporated,alternate_wetting_drying,MTU1010,2024-07-02,2024-10-21,4.836,7.503,260.3
1869,Coastal Andhra,16.591716,80.770664,2.958,6.75,0.2,28.8,1088,30.2,0.633,0.539,34,4.1,17.1,incorporated,flood,Samba Mahsuri,2024-06-29,2024-10-27,4.751,4.762,343.6
1870,Terai Nepal,27.289618,84.580255,0.547,5.89,0.3,25.8,1395,23.3,0.654,0.574,0,4.7,122.2,incorporated,flood,Swarna,2024-07-19,2024-11-18,5.108,2.873,416.4
1871,Mekong Delta,9.823462,105.244946,1.448,7.88,1.93,24.9,1288,26.7,0.615,0.435,52,6.6,104.3,removed,flood,Naveen,2024-07-04,2024-10-03,5.271,9.057,309.2
1872,Terai Nepal,27.273201,83.887041,1.553,6.19,1.15,17.9,1346,26.7,0.502,0.408,50,3.8,17.3,incorporated,flood,MTU1010,2024-07-17,2024-11-27,4.52,5.955,350.4
1873,Coastal Andhra,16.961126,80.393668,0.57,7.93,1.69,28.1,1198,25.5,0.497,0.378,64,2.9,26.4,incorporated,alternate_wetting_drying,Naveen,2024-07-11,2024-10-19,4.671,8.623,215.1
1874,Coastal Andhra,16.623664,81.146307,1.409,7.23,0.87,25.9,798,29.9,0.782,0.663,47,3.5,41.2,incorporated,alternate_wetting_drying,Naveen,2024-07-08,2024-10-29,5.944,6.067,209.8
1875,Indo-Gangetic Plain,26.542717,81.774907,1.04,6.06,0.34,23.6,865,32.0,0.875,0.758,0,6.4,82.4,removed,alternate_wetting_drying,IR64,2024-07-16,2024-11-19,5.973,5.237,213.7
1876,Eastern UP,25.902853,82.877891,0.54,6.77,0.68,34.1,1533,23.9,0.858,0.703,49,2.0,0.4,mulched,alternate_wetting_drying,MTU1010,2024-07-05,2024-10-11,5.409,7.377,211.7
1877,Mekong Delta,10.473017,105.0595,1.606,6.14,1.44,7.4,814,28.2,0.574,0.491,90,5.4,121.6,incorporated,flood,Samba Mahsuri,2024-06-27,2024-10-20,4.659,7.555,394.6
1878,Coastal Andhra,16.211768,81.559576,1.082,5.42,1.57,22.3,1311,25.4,0.798,0.675,99,7.1,81.9,incorporated,flood,Naveen,2024-06-26,2024-10-22,6.429,9.495,384.2
1879,Terai Nepal,27.916489,83.71511,5.245,6.35,0.85,22.9,1251,26.8,0.588,0.578,24,8.2,59.2,incorporated,flood,IR64,2024-06-17,2024-09-29,5.004,5.45,414.7
1880,Eastern UP,26.085113,83.247577,0.498,6.59,1.33,15.6,1364,29.3,0.582,0.525,98,7.4,96.3,incorporated,flood,Naveen,2024-06-28,2024-10-08,4.9,7.732,378.8
1881,Coastal Andhra,16.589045,80.972402,0.594,7.0,1.24,22.8,1312,27.4,0.661,0.627,19,7.2,109.6,mulched,flood,IR64,2024-07-08,2024-10-12,5.468,6.339,398.0
1882,Indo-Gangetic Plain,27.026855,81.519663,0.931,5.95,1.42,28.6,702,24.9,0.789,0.641,24,2.8,85.8,removed,drip,Samba Mahsuri,2024-06-26,2024-10-14,6.225,8.141,142.2
1883,Coastal Andhra,16.635537,81.664668,0.665,6.95,0.64,36.8,986,25.1,0.788,0.652,28,5.4,65.2,removed,alternate_wetting_drying,Samba Mahsuri,2024-06-19,2024-10-13,5.836,5.713,228.0
1884,Coastal Andhra,16.621293,81.470012,0.905,7.65,0.75,30.3,1843,29.3,0.721,0.63,60,3.3,129.5,removed,flood,IR64,2024-06-27,2024-10-30,5.862,6.382,332.3
1885,Indo-Gangetic Plain,26.434495,81.694922,3.622,7.97,1.5,5.0,1279,25.3,0.828,0.729,28,6.0,135.1,removed,alternate_wetting_drying,Samba Mahsuri,2024-06-26,2024-10-12,5.948,7.991,271.0
1886,Indo-Gangetic Plain,26.485696,82.4829,1.558,6.38,2.16,28.5,716,26.6,0.796,0.687,83,1.8,87.0,incorporated,flood,Swarna,2024-07-08,2024-10-13,5.721,11.376,325.7
1887,Coastal Andhra,16.551281,80.851334,1.175,6.09,0.63,21.5,1145,23.9,0.604,0.539,40,3.8,148.4,mulched,flood,Swarna,2024-07-07,2024-10-18,5.58,5.55,378.4
1888,Coastal Andhra,16.343171,81.451072,1.504,7.02,0.76,36.1,1040,23.3,0.87,0.728,93,4.9,124.6,removed,flood,MTU1010,2024-07-17,2024-11-16,6.727,7.499,344.5
1889,Eastern UP,25.848835,82.174738,0.757,6.27,0.96,36.3,1397,26.6,0.497,0.362,81,10.2,80.4,removed,flood,IR64,2024-07-10,2024-10-27,4.232,6.833,315.3
1890,Coastal Andhra,16.435873,81.322792,1.215,6.58,0.76,13.3,1153,24.6,0.817,0.786,103,5.9,92.4,incorporated,drip,MTU1010,2024-06-29,2024-11-06,5.945,7.367,197.0
1891,Terai Nepal,27.720771,84.291827,2.172,6.41,1.24,44.4,472,29.5,0.609,0.526,37,0.0,82.7,mulched,flood,MTU1010,2024-07-17,2024-10-15,5.216,6.905,233.2
1892,Mekong Delta,10.393257,105.524756,2.05,6.61,1.43,11.4,1583,29.2,0.648,0.533,70,3.9,34.6,incorporated,drip,MTU1010,2024-07-01,2024-10-27,5.171,7.274,224.0
1893,Eastern UP,26.344814,82.8129,1.264,7.81,0.71,23.9,836,27.3,0.775,0.589,20,2.5,145.3,incorporated,flood,MTU1010,2024-06-05,2024-09-14,6.344,4.82,414.3
1894,Terai Nepal,27.987085,84.429961,0.258,7.38,1.24,16.9,919,28.7,0.702,0.532,29,3.5,118.2,removed,alternate_wetting_drying,MTU1010,2024-06-27,2024-10-03,5.961,6.877,192.1
1895,Mekong Delta,10.044951,105.873067,1.361,6.9,1.95,9.4,1622,30.7,0.623,0.517,37,3.3,134.8,removed,flood,IR64,2024-06-21,2024-10-19,5.135,8.358,341.2
1896,Terai Nepal,27.511122,84.782006,1.198,6.74,1.79,34.1,1450,27.7,0.683,0.674,88,3.2,120.8,incorporated,flood,Samba Mahsuri,2024-07-02,2024-10-27,5.887,10.586,406.5
1897,Terai Nepal,27.669821,83.721851,0.324,6.78,2.27,20.9,1430,23.3,0.583,0.481,44,8.4,26.4,removed,flood,Samba Mahsuri,2024-07-03,2024-11-06,4.927,9.567,316.9
1898,Indo-Gangetic Plain,26.085756,82.161456,0.826,6.34,1.08,36.1,1095,26.0,0.541,0.478,67,5.0,83.2,incorporated,flood,IR64,2024-06-21,2024-10-17,4.887,5.576,381.5
1899,Terai Nepal,27.509534,83.631622,0.425,5.54,1.47,7.2,1397,24.3,0.669,0.59,18,0.8,29.7,mulched,drip,Naveen,2024-06-24,2024-09-30,5.765,7.467,167.5
1900,Mekong Delta,9.846682,105.361116,1.713,6.63,1.13,40.9,695,23.4,0.449,0.289,57,0.9,85.7,removed,flood,Swarna,2024-07-04,2024-10-25,4.252,6.224,224.9
1901,Coastal Andhra,16.929744,80.41163,3.15,6.2,0.85,26.5,1114,26.2,0.562,0.446,75,5.4,86.5,incorporated,alternate_wetting_drying,IR64,2024-07-11,2024-11-04,5.376,6.515,311.7
1902,Terai Nepal,27.3743,84.248676,0.388,6.18,1.33,15.7,704,28.8,0.718,0.724,34,3.2,153.6,mulched,flood,Samba Mahsuri,2024-06-16,2024-10-02,5.8,7.139,307.6
1903,Coastal Andhra,16.809845,81.704018,1.585,6.3,0.97,29.9,1260,26.6,0.619,0.46,34,9.0,96.4,removed,drip,MTU1010,2024-07-01,2024-10-24,5.018,6.132,202.6
1904,Indo-Gangetic Plain,26.427016,82.079357,2.288,6.45,1.15,22.7,1257,29.0,0.743,0.619,75,5.2,139.2,removed,drip,Naveen,2024-07-15,2024-10-23,6.283,6.621,187.3
1905,Terai Nepal,27.110311,83.145394,1.623,5.51,0.94,33.4,1257,25.4,0.459,0.364,66,7.1,152.5,incorporated,flood,MTU1010,2024-06-28,2024-10-21,4.701,5.408,408.0
1906,Eastern UP,26.61051,82.92886,1.482,6.66,1.66,27.6,1238,32.0,0.638,0.501,12,5.0,86.6,incorporated,flood,IR64,2024-07-04,2024-10-22,5.251,7.842,384.2
1907,Eastern UP,25.74488,82.91529,0.962,5.91,1.05,28.1,842,26.5,0.587,0.482,92,0.5,86.3,incorporated,flood,MTU1010,2024-07-07,2024-10-29,5.036,6.188,327.0
1908,Mekong Delta,9.881543,105.563797,1.512,7.35,1.05,17.9,822,28.1,0.825,0.745,30,7.6,52.8,mulched,flood,Samba Mahsuri,2024-07-21,2024-11-13,6.093,7.613,288.4
1909,Indo-Gangetic Plain,26.609781,82.026212,0.7,6.21,1.21,12.6,1372,30.6,0.842,0.708,53,0.0,54.5,mulched,flood,Naveen,2024-06-21,2024-10-15,6.197,7.48,282.4
1910,Eastern UP,25.958743,82.655968,1.014,6.72,2.28,15.3,1165,26.6,0.381,0.311,15,3.8,142.6,removed,flood,Samba Mahsuri,2024-07-11,2024-11-02,5.026,7.401,334.6
1911,Indo-Gangetic Plain,26.397384,81.992609,1.075,6.76,1.4,13.8,800,29.8,0.594,0.466,36,0.0,138.9,removed,alternate_wetting_drying,IR64,2024-07-12,2024-11-23,5.153,7.618,166.7
1912,Coastal Andhra,16.396775,80.946315,2.244,6.41,1.09,33.1,1402,27.6,0.775,0.683,22,5.4,88.8,removed,alternate_wetting_drying,MTU1010,2024-07-19,2024-11-23,5.875,6.73,229.8
1913,Eastern UP,25.715337,83.340139,0.931,6.18,1.76,18.7,778,28.9,0.634,0.474,65,0.0,136.0,incorporated,alternate_wetting_drying,IR64,2024-07-23,2024-11-28,5.906,9.027,211.7
1914,Eastern UP,25.865435,83.187919,0.473,6.12,1.39,31.3,1424,26.8,0.673,0.554,52,6.7,49.7,removed,flood,MTU1010,2024-07-23,2024-11-12,4.93,7.214,285.8
1915,Indo-Gangetic Plain,26.459934,82.437927,2.225,5.99,1.58,27.6,983,32.2,0.687,0.569,64,6.7,124.3,removed,flood,Swarna,2024-06-22,2024-10-30,5.793,8.982,308.5
1916,Eastern UP,25.925305,82.871184,1.571,5.49,1.25,21.3,831,26.2,0.492,0.333,63,7.5,107.9,removed,alternate_wetting_drying,Naveen,2024-06-14,2024-10-14,4.289,6.064,230.0
1917,Indo-Gangetic Plain,26.758847,82.196817,0.791,5.9,0.49,19.7,1313,30.6,0.638,0.539,68,3.5,84.8,mulched,flood,Naveen,2024-07-05,2024-11-01,4.98,5.055,330.7
1918,Coastal Andhra,16.817891,81.836103,0.611,7.1,0.98,33.5,1063,28.3,0.724,0.659,33,4.4,33.1,incorporated,alternate_wetting_drying,Samba Mahsuri,2024-07-09,2024-11-05,5.297,6.93,303.0
1919,Eastern UP,26.119634,82.985046,0.765,6.56,1.01,32.9,1692,28.7,0.608,0.435,34,5.9,75.5,incorporated,flood,Samba Mahsuri,2024-07-05,2024-11-11,4.944,6.107,408.5
1920,Coastal Andhra,16.887925,80.786396,2.001,6.91,0.66,37.2,844,23.7,0.596,0.516,29,5.2,103.0,removed,flood,MTU1010,2024-07-04,2024-10-27,5.076,5.576,323.3
1921,Indo-Gangetic Plain,26.9433,81.767499,2.043,6.88,0.49,30.0,1408,26.3,0.601,0.49,25,8.5,89.5,mulched,flood,Samba Mahsuri,2024-06-30,2024-11-07,4.884,4.605,364.7
1922,Mekong Delta,10.504873,105.688528,1.163,7.09,0.78,33.0,1189,30.0,0.594,0.408,75,6.1,100.4,mulched,drip,MTU1010,2024-07-22,2024-11-22,5.196,5.967,232.1
1923,Eastern UP,25.783194,83.104369,0.645,5.78,0.98,39.1,1097,29.9,0.669,0.489,40,6.4,99.7,incorporated,alternate_wetting_drying,MTU1010,2024-07-04,2024-10-19,5.714,6.722,315.1
1924,Mekong Delta,9.760931,105.260365,1.261,7.38,1.74,21.4,951,23.1,0.605,0.55,44,5.0,73.4,removed,flood,Samba Mahsuri,2024-06-30,2024-10-23,5.393,8.275,283.5
1925,Terai Nepal,27.777057,84.427429,1.739,6.62,0.9,16.8,1464,26.7,0.487,0.491,98,2.0,66.0,incorporated,flood,Naveen,2024-07-17,2024-10-17,4.188,6.924,386.0
1926,Mekong Delta,9.999549,105.489644,0.541,7.36,1.3,31.2,818,30.7,0.68,0.49,72,0.0,119.9,incorporated,drip,IR64,2024-07-14,2024-11-12,5.676,7.653,182.2
1927,Indo-Gangetic Plain,26.821261,82.33429,0.932,6.57,1.85,28.6,1637,22.6,0.58,0.497,76,5.0,64.2,removed,alternate_wetting_drying,IR64,2024-07-03,2024-11-16,5.353,8.353,253.4
1928,Indo-Gangetic Plain,26.98946,81.913382,6.211,6.96,2.11,34.9,1247,25.5,0.533,0.377,51,6.8,118.5,mulched,flood,Samba Mahsuri,2024-07-08,2024-11-10,5.328,8.598,345.1
1929,Terai Nepal,27.316646,84.379772,3.225,6.1,0.66,14.6,911,27.8,0.492,0.42,31,5.5,82.8,mulched,flood,Naveen,2024-07-09,2024-11-22,4.694,4.135,327.8
1930,Terai Nepal,26.88535,83.891289,1.435,6.58,0.43,32.1,1431,28.9,0.564,0.536,32,8.5,56.1,removed,drip,MTU1010,2024-06-26,2024-10-18,4.517,4.495,146.4
1931,Terai Nepal,27.845846,83.914279,0.532,7.25,1.39,44.0,768,27.7,0.826,0.703,0,0.0,152.9,removed,alternate_wetting_drying,Naveen,2024-06-28,2024-10-09,6.215,7.55,227.6
1932,Indo-Gangetic Plain,26.440293,82.49663,1.075,6.87,1.56,36.0,1464,27.1,0.709,0.485,26,3.5,49.7,removed,flood,Naveen,2024-07-06,2024-11-13,5.982,8.477,316.7
1933,Indo-Gangetic Plain,26.510234,81.998473,1.299,5.87,1.09,12.6,1014,30.0,0.628,0.499,47,3.8,54.7,mulched,alternate_wetting_drying,MTU1010,2024-06-30,2024-10-14,5.256,5.916,247.9
1934,Indo-Gangetic Plain,26.043949,82.259999,0.621,7.09,1.45,6.3,1421,29.5,0.801,0.739,49,7.1,115.8,mulched,flood,MTU1010,2024-07-09,2024-10-27,6.395,7.287,371.9
1935,Indo-Gangetic Plain,26.909445,82.285204,1.207,6.38,0.32,24.2,842,27.4,0.792,0.741,50,8.0,97.7,mulched,flood,Samba Mahsuri,2024-06-29,2024-10-28,5.665,5.621,325.3
1936,Indo-Gangetic Plain,26.60286,82.176131,4.511,6.52,1.11,19.7,1525,28.3,0.748,0.635,66,9.2,110.9,incorporated,flood,Naveen,2024-06-29,2024-11-05,5.689,7.277,468.2
1937,Terai Nepal,27.449696,83.308537,0.743,5.99,1.51,22.9,1527,21.6,0.9,0.738,55,4.0,117.6,mulched,flood,IR64,2024-07-05,2024-10-29,7.208,8.774,365.2
1938,Eastern UP,26.197297,82.904665,4.618,7.25,1.03,27.8,1376,26.0,0.612,0.47,44,0.8,109.8,removed,flood,IR64,2024-07-14,2024-11-29,5.143,5.288,288.7
1939,Terai Nepal,27.39689,84.300767,0.264,6.35,1.22,31.6,1137,26.0,0.723,0.626,89,6.9,118.5,incorporated,alternate_wetting_drying,Swarna,2024-07-05,2024-10-22,5.689,7.609,310.1
1940,Mekong Delta,10.376869,105.764453,2.702,5.64,1.02,15.9,1240,25.0,0.818,0.735,91,7.6,121.7,removed,alternate_wetting_drying,MTU1010,2024-07-22,2024-11-08,6.381,7.377,259.7
1941,Coastal Andhra,16.073669,81.049999,0.621,6.04,1.79,39.1,1277,28.3,0.711,0.644,50,1.1,56.5,removed,flood,Naveen,2024-07-04,2024-10-18,5.489,9.345,232.1
1942,Coastal Andhra,16.491356,81.275523,2.904,5.95,1.81,16.2,1290,24.9,0.752,0.716,19,4.7,62.4,removed,flood,IR64,2024-06-27,2024-10-31,5.996,8.776,277.9
1943,Mekong Delta,10.060943,105.631025,1.309,6.71,1.37,27.5,1311,30.9,0.807,0.713,29,8.8,170.1,removed,flood,MTU1010,2024-07-04,2024-10-22,6.399,8.178,383.5
1944,Coastal Andhra,16.982881,81.191182,4.175,7.01,1.02,13.7,896,28.7,0.9,0.824,28,7.0,83.1,incorporated,alternate_wetting_drying,MTU1010,2024-06-30,2024-11-14,6.452,6.823,293.9
1945,Coastal Andhra,16.854098,81.501522,1.236,6.16,1.92,20.3,1240,29.3,0.802,0.738,77,3.4,118.1,removed,flood,IR64,2024-07-11,2024-10-25,6.681,10.057,287.3
1946,Indo-Gangetic Plain,26.291444,81.77597,1.104,6.62,0.89,26.7,863,27.4,0.423,0.269,6,9.7,105.0,mulched,flood,Swarna,2024-07-10,2024-11-14,3.958,4.634,354.8
1947,Terai Nepal,26.898079,84.231196,1.281,6.39,1.79,12.1,1216,24.6,0.729,0.74,65,7.3,57.7,incorporated,flood,MTU1010,2024-07-05,2024-11-08,5.747,9.658,417.9
1948,Coastal Andhra,16.944258,80.370186,0.597,7.28,1.06,35.5,1224,27.8,0.782,0.683,23,6.7,75.9,mulched,flood,Swarna,2024-07-27,2024-12-03,5.386,7.384,397.3
1949,Coastal Andhra,16.709828,81.452814,2.082,7.04,1.03,22.6,1410,22.6,0.475,0.404,34,5.9,163.5,mulched,flood,IR64,2024-06-30,2024-11-01,4.914,5.664,384.1
1950,Mekong Delta,9.890415,104.996816,2.149,6.28,1.12,30.6,1573,27.5,0.519,0.432,43,0.0,106.7,removed,flood,IR64,2024-07-11,2024-10-30,5.004,5.418,314.6
1951,Terai Nepal,27.600618,84.00901,1.55,6.76,1.61,26.1,1503,28.1,0.712,0.654,27,3.4,156.6,incorporated,flood,Samba Mahsuri,2024-07-18,2024-11-08,6.417,8.104,427.9
1952,Mekong Delta,10.131459,105.757858,1.291,5.96,1.85,21.4,1316,28.3,0.658,0.655,28,6.4,145.1,mulched,flood,Swarna,2024-07-11,2024-10-09,5.833,8.239,391.0
1953,Eastern UP,26.17091,83.080966,1.654,7.24,1.17,28.8,1108,27.0,0.664,0.533,32,4.6,101.6,removed,flood,MTU1010,2024-07-03,2024-10-29,5.293,7.438,293.6
1954,Indo-Gangetic Plain,26.560764,81.791612,1.405,6.23,1.27,31.7,1377,28.0,0.809,0.802,44,7.3,18.2,removed,flood,MTU1010,2024-07-22,2024-11-23,5.494,7.281,279.4
1955,Eastern UP,26.250792,83.104135,0.417,7.47,1.71,27.8,815,23.4,0.506,0.441,54,4.3,93.3,incorporated,alternate_wetting_drying,MTU1010,2024-07-10,2024-11-17,4.721,7.528,262.5
1956,Coastal Andhra,16.680776,81.45108,2.046,6.08,1.36,40.2,1425,22.6,0.644,0.561,7,9.4,41.5,incorporated,alternate_wetting_drying,MTU1010,2024-07-03,2024-10-26,4.964,5.825,298.3
1957,Eastern UP,25.878651,83.194342,0.642,6.96,1.57,40.7,1364,22.4,0.787,0.528,44,5.0,72.9,removed,alternate_wetting_drying,Swarna,2024-06-18,2024-10-08,5.655,8.377,161.2
1958,Coastal Andhra,16.127322,81.285277,1.152,7.62,1.62,23.7,1506,29.8,0.537,0.415,100,0.5,63.7,incorporated,alternate_wetting_drying,MTU1010,2024-07-02,2024-10-29,5.174,8.65,314.8
1959,Coastal Andhra,16.472619,81.564011,0.888,6.53,1.54,27.2,1287,27.6,0.806,0.702,30,4.8,135.3,removed,alternate_wetting_drying,Naveen,2024-07-13,2024-10-28,6.175,6.821,184.9
1960,Indo-Gangetic Plain,26.22898,81.940814,1.615,5.95,1.23,20.7,1101,27.0,0.721,0.621,110,7.1,104.3,mulched,flood,IR64,2024-07-01,2024-10-25,5.514,8.277,334.4
1961,Eastern UP,26.29696,82.934198,1.384,6.28,1.22,36.1,1714,28.8,0.642,0.454,59,4.2,85.3,incorporated,alternate_wetting_drying,IR64,2024-06-30,2024-10-20,5.47,8.313,281.5
1962,Terai Nepal,27.686818,84.173021,2.325,6.87,2.13,5.0,900,25.2,0.485,0.379,48,10.9,121.6,removed,flood,Naveen,2024-06-29,2024-11-09,5.05,8.855,321.0
1963,Indo-Gangetic Plain,26.257599,81.894099,2.103,6.19,1.25,22.0,1166,25.3,0.357,0.289,50,5.2,114.3,incorporated,drip,Samba Mahsuri,2024-06-20,2024-10-17,4.258,5.625,221.4
1964,Mekong Delta,9.611609,106.040078,1.321,6.78,0.96,28.3,1073,26.3,0.488,0.366,0,8.4,157.1,removed,alternate_wetting_drying,IR64,2024-06-30,2024-10-27,4.34,4.207,228.6
1965,Coastal Andhra,15.935905,81.081007,0.42,6.28,1.33,38.6,1185,26.3,0.516,0.459,74,6.4,58.2,incorporated,alternate_wetting_drying,Naveen,2024-06-15,2024-10-24,4.921,7.275,288.4
1966,Eastern UP,26.484931,82.646224,1.93,5.36,0.2,19.5,522,28.8,0.647,0.477,40,5.7,80.6,removed,flood,Samba Mahsuri,2024-06-26,2024-10-21,4.919,4.485,290.0
1967,Indo-Gangetic Plain,26.483759,82.347278,1.409,6.34,2.35,16.4,1141,29.3,0.552,0.414,33,8.0,124.2,mulched,drip,Swarna,2024-07-04,2024-10-30,5.392,9.872,166.6
1968,Coastal Andhra,16.768829,81.15088,1.171,6.64,2.13,5.0,983,30.5,0.62,0.529,62,1.3,120.9,removed,flood,MTU1010,2024-07-01,2024-09-29,5.692,9.25,311.0
1969,Mekong Delta,9.878132,105.591935,0.645,6.44,0.55,16.2,1492,26.4,0.628,0.552,28,5.1,168.3,removed,flood,MTU1010,2024-06-20,2024-10-07,5.028,3.833,354.7
1970,Indo-Gangetic Plain,26.568603,82.070854,1.583,6.1,1.74,23.6,1068,26.4,0.692,0.578,33,7.8,82.3,mulched,drip,IR64,2024-07-11,2024-10-26,5.377,8.62,246.3
1971,Coastal Andhra,16.983232,80.613038,0.283,7.48,1.23,26.1,1350,26.5,0.887,0.762,33,3.9,85.0,removed,flood,IR64,2024-06-27,2024-09-29,6.579,7.843,253.0
1972,Terai Nepal,27.168719,84.228416,0.67,5.57,0.71,27.7,961,30.1,0.701,0.592,54,6.8,111.6,incorporated,alternate_wetting_drying,Samba Mahsuri,2024-06-26,2024-10-05,5.617,5.911,287.6
1973,Indo-Gangetic Plain,25.694294,82.252647,2.88,6.83,1.39,25.8,1216,31.2,0.836,0.765,72,8.7,112.8,removed,alternate_wetting_drying,MTU1010,2024-07-08,2024-10-21,6.769,9.382,216.0
1974,Mekong Delta,10.406887,105.236087,1.206,6.33,1.66,20.9,1011,29.7,0.505,0.396,26,8.3,68.6,incorporated,flood,MTU1010,2024-07-05,2024-10-08,4.773,6.839,378.6
1975,Eastern UP,26.077757,83.074654,1.221,6.34,1.23,24.8,517,30.5,0.725,0.648,68,3.4,0.0,incorporated,flood,Naveen,2024-07-08,2024-10-21,5.167,6.916,275.2
1976,Indo-Gangetic Plain,26.941724,82.541696,1.223,7.35,1.63,20.1,1309,22.5,0.717,0.645,24,8.0,53.4,removed,alternate_wetting_drying,Naveen,2024-07-08,2024-11-03,5.298,7.383,220.2
1977,Indo-Gangetic Plain,25.796079,82.096109,0.478,6.1,1.18,12.6,1695,24.4,0.501,0.39,36,10.8,139.3,mulched,alternate_wetting_drying,MTU1010,2024-07-20,2024-11-03,5.055,6.761,345.6
1978,Mekong Delta,10.167831,105.827911,1.601,7.32,0.49,30.2,936,28.0,0.552,0.481,66,5.7,60.8,incorporated,flood,Swarna,2024-06-19,2024-10-04,4.788,5.605,340.5
1979,Indo-Gangetic Plain,26.322563,82.424798,1.589,7.2,0.96,32.3,1490,23.2,0.685,0.576,15,1.5,161.4,incorporated,alternate_wetting_drying,MTU1010,2024-07-06,2024-10-14,5.504,5.997,312.5
1980,Indo-Gangetic Plain,26.657971,82.104914,2.047,7.08,1.47,12.1,1253,27.7,0.474,0.342,16,9.0,62.0,incorporated,flood,Samba Mahsuri,2024-07-14,2024-11-10,3.968,6.381,476.2
1981,Coastal Andhra,16.638532,81.146072,1.198,6.7,1.21,16.1,964,26.8,0.443,0.35,49,4.7,106.0,incorporated,drip,Swarna,2024-07-07,2024-10-31,4.342,6.885,233.5
1982,Terai Nepal,27.728582,83.944449,1.248,5.93,1.15,16.7,1544,27.5,0.718,0.706,4,4.0,40.3,incorporated,drip,Swarna,2024-06-07,2024-10-06,5.149,6.451,231.4
1983,Coastal Andhra,16.108427,81.55236,0.938,6.83,1.55,22.7,1176,27.0,0.747,0.687,39,5.9,101.0,incorporated,flood,MTU1010,2024-07-11,2024-10-15,6.208,9.018,358.0
1984,Terai Nepal,27.446312,84.306448,1.52,6.67,1.04,10.4,1072,25.9,0.719,0.62,72,5.8,72.3,incorporated,flood,IR64,2024-06-26,2024-10-31,6.115,5.94,353.7
1985,Eastern UP,25.705205,83.257832,0.591,6.39,0.99,22.4,1424,26.7,0.633,0.578,21,0.8,77.6,incorporated,drip,Swarna,2024-07-19,2024-11-30,5.533,5.431,189.9
1986,Indo-Gangetic Plain,26.610729,82.011657,1.151,6.27,1.59,51.3,1283,27.4,0.571,0.438,0,4.0,102.8,removed,flood,Naveen,2024-07-07,2024-10-17,4.879,6.61,283.0
1987,Eastern UP,25.922316,83.141944,2.562,7.09,0.72,14.1,940,28.4,0.604,0.479,12,2.5,107.2,incorporated,flood,Swarna,2024-06-19,2024-10-15,5.325,4.193,389.8
1988,Terai Nepal,27.365555,84.193464,1.154,7.03,1.2,16.8,1596,27.2,0.608,0.499,26,6.2,83.1,removed,alternate_wetting_drying,IR64,2024-06-27,2024-10-19,5.278,6.492,208.8
1989,Indo-Gangetic Plain,26.585929,82.081646,0.982,5.95,1.31,23.3,1316,30.9,0.73,0.618,49,1.9,88.2,incorporated,alternate_wetting_drying,Samba Mahsuri,2024-07-08,2024-10-25,5.787,7.589,237.9
1990,Eastern UP,25.540879,82.715364,0.503,7.21,2.01,18.0,1137,29.8,0.851,0.743,34,0.7,48.1,incorporated,flood,Swarna,2024-07-21,2024-10-19,6.716,9.354,334.6
1991,Mekong Delta,10.12385,105.810648,1.503,6.09,1.44,25.7,947,30.2,0.643,0.599,20,6.6,126.7,removed,alternate_wetting_drying,Naveen,2024-07-09,2024-10-23,5.352,7.185,278.1
1992,Coastal Andhra,16.275128,81.448478,1.362,6.1,0.8,14.7,1561,25.2,0.541,0.49,0,11.6,93.1,removed,flood,IR64,2024-06-26,2024-10-22,4.578,4.863,321.8
1993,Eastern UP,25.975922,83.298666,1.555,6.21,1.64,27.9,1043,29.4,0.754,0.699,26,5.4,77.6,incorporated,flood,IR64,2024-07-01,2024-10-30,5.842,7.899,370.3
1994,Terai Nepal,27.717032,83.88893,1.684,5.6,1.87,18.1,795,25.3,0.824,0.692,89,5.9,137.5,incorporated,flood,Samba Mahsuri,2024-07-01,2024-11-15,6.636,10.407,389.4
1995,Terai Nepal,27.644488,83.560994,0.802,7.76,0.96,31.8,1081,26.5,0.389,0.258,31,0.0,40.8,removed,flood,Samba Mahsuri,2024-07-06,2024-10-05,3.633,4.66,279.6
1996,Coastal Andhra,16.003966,80.636216,1.985,6.91,1.02,30.3,1067,24.6,0.854,0.788,11,0.0,135.9,incorporated,alternate_wetting_drying,IR64,2024-07-06,2024-10-15,6.359,5.978,226.2
1997,Coastal Andhra,16.750972,81.055679,1.552,7.34,1.5,20.9,1223,26.0,0.641,0.465,48,7.6,107.5,incorporated,flood,Swarna,2024-07-17,2024-11-08,5.162,7.883,372.3
1998,Terai Nepal,27.405138,83.791042,4.523,6.62,1.15,27.3,1174,24.9,0.78,0.764,50,6.9,36.8,removed,flood,MTU1010,2024-07-09,2024-10-22,5.629,7.995,335.4
1999,Eastern UP,26.153664,83.063955,0.555,6.71,1.13,18.5,1085,23.9,0.465,0.4,24,10.8,139.1,incorporated,drip,MTU1010,2024-06-30,2024-10-20,4.836,5.983,258.9
2000,Indo-Gangetic Plain,26.125092,81.985518,2.508,6.45,1.06,24.7,1173,25.4,0.762,0.65,32,5.2,78.6,mulched,flood,IR64,2024-06-20,2024-10-20,5.512,7.42,362.6
